,path,label_str
0,drive/My Drive/Speech Emotion Recognition/data/CREMA/1049_IWL_SAD_XX.wav,sad
1,drive/My Drive/Speech Emotion Recognition/data/CREMA/1052_DFA_NEU_XX.wav,neutral
2,drive/My Drive/Speech Emotion Recognition/data/CREMA/1064_IEO_HAP_MD.wav,happy
3,drive/My Drive/Speech Emotion Recognition/data/CREMA/1062_IOM_ANG_XX.wav,angry
4,drive/My Drive/Speech Emotion Recognition/data/RAVDESS/03-01-02-02-02-02-07.wav,neutral
5,drive/My Drive/Speech Emotion Recognition/data/CREMA/1007_MTI_ANG_XX.wav,angry
6,drive/My Drive/Speech Emotion Recognition/data/CREMA/1032_TAI_ANG_XX.wav,angry
7,drive/My Drive/Speech Emotion Recognition/data/CREMA/1025_IEO_HAP_HI.wav,happy
8,drive/My Drive/Speech Emotion Recognition/data/CREMA/1045_IEO_NEU_XX.wav,neutral
9,drive/My Drive/Speech Emotion Recognition/data/CREMA/1015_WSI_HAP_XX.wav,happy
10,drive/My Drive/Speech Emotion Recognition/data/CREMA/1049_ITH_SAD_XX.wav,sad
11,drive/My Drive/Speech Emotion Recognition/data/CREMA/1027_TAI_HAP_XX.wav,happy
12,drive/My Drive/Speech Emotion Recognition/data/RAVDESS/03-01-05-02-02-01-07.wav,angry
13,drive/My Drive/Speech Emotion Recognition/data/CREMA/1035_TIE_SAD_XX.wav,sad
14,drive/My Drive/Speech Emotion Recognition/data/CREMA/1061_ITS_NEU_XX.wav,neutral
15,drive/My Drive/Speech Emotion Recognition/data/CREMA/1010_TIE_ANG_XX.wav,angry
16,drive/My Drive/Speech Emotion Recognition/data/CREMA/1044_IEO_SAD_MD.wav,sad
17,drive/My Drive/Speech Emotion Recognition/data/CREMA/1049_IEO_SAD_MD.wav,sad
18,drive/My Drive/Speech Emotion Recognition/data/CREMA/1067_TAI_ANG_XX.wav,angry
19,drive/My Drive/Speech Emotion Recognition/data/CREMA/1026_MTI_SAD_XX.wav,sad
20,drive/My Drive/Speech Emotion Recognition/data/CREMA/1061_IEO_SAD_MD.wav,sad
21,drive/My Drive/Speech Emotion Recognition/data/RAVDESS/03-01-05-02-01-01-03.wav,angry
22,drive/My Drive/Speech Emotion Recognition/data/CREMA/1052_IOM_SAD_XX.wav,sad
23,drive/My Drive/Speech Emotion Recognition/data/CREMA/1007_IEO_HAP_HI.wav,happy
24,drive/My Drive/Speech Emotion Recognition/data/CREMA/1005_TSI_NEU_XX.wav,neutral
25,drive/My Drive/Speech Emotion Recognition/data/CREMA/1062_ITH_NEU_XX.wav,neutral
26,drive/My Drive/Speech Emotion Recognition/data/CREMA/1052_TSI_ANG_XX.wav,angry
27,drive/My Drive/Speech Emotion Recognition/data/RAVDESS/03-01-03-01-01-01-20.wav,happy
28,drive/My Drive/Speech Emotion Recognition/data/CREMA/1065_TSI_ANG_XX.wav,angry
29,drive/My Drive/Speech Emotion Recognition/data/CREMA/1047_DFA_NEU_XX.wav,neutral
30,drive/My Drive/Speech Emotion Recognition/data/CREMA/1036_IEO_HAP_MD.wav,happy
31,drive/My Drive/Speech Emotion Recognition/data/CREMA/1002_IWW_NEU_XX.wav,neutral
32,drive/My Drive/Speech Emotion Recognition/data/CREMA/1032_IEO_HAP_MD.wav,happy
33,drive/My Drive/Speech Emotion Recognition/data/CREMA/1020_TIE_SAD_XX.wav,sad
34,drive/My Drive/Speech Emotion Recognition/data/CREMA/1012_IOM_ANG_XX.wav,angry
35,drive/My Drive/Speech Emotion Recognition/data/RAVDESS/03-01-01-01-01-01-23.wav,neutral
36,drive/My Drive/Speech Emotion Recognition/data/RAVDESS/03-01-01-01-01-01-12.wav,neutral
37,drive/My Drive/Speech Emotion Recognition/data/RAVDESS/03-01-02-02-01-01-14.wav,neutral
38,drive/My Drive/Speech Emotion Recognition/data/CREMA/1009_ITS_NEU_XX.wav,neutral
39,drive/My Drive/Speech Emotion Recognition/data/CREMA/1015_IWW_ANG_XX.wav,angry
40,drive/My Drive/Speech Emotion Recognition/data/CREMA/1047_IEO_ANG_MD.wav,angry
41,drive/My Drive/Speech Emotion Recognition/data/CREMA/1015_MTI_SAD_XX.wav,sad
42,drive/My Drive/Speech Emotion Recognition/data/CREMA/1006_TAI_SAD_XX.wav,sad
43,drive/My Drive/Speech Emotion Recognition/data/CREMA/1020_TAI_NEU_XX.wav,neutral
44,drive/My Drive/Speech Emotion Recognition/data/CREMA/1050_MTI_NEU_XX.wav,neutral
45,drive/My Drive/Speech Emotion Recognition/data/CREMA/1005_ITS_SAD_XX.wav,sad
46,drive/My Drive/Speech Emotion Recognition/data/CREMA/1066_IWW_NEU_XX.wav,neutral
47,drive/My Drive/Speech Emotion Recognition/data/CREMA/1039_IEO_HAP_LO.wav,happy
48,drive/My Drive/Speech Emotion Recognition/data/RAVDESS/03-01-01-01-01-02-08.wav,neutral
49,drive/My Drive/Speech Emotion Recognition/data/CREMA/1048_IWL_HAP_XX.wav,happy
50,drive/My Drive/Speech Emotion Recognition/data/CREMA/1031_IWW_HAP_XX.wav,happy
51,drive/My Drive/Speech Emotion Recognition/data/RAVDESS/03-01-04-02-01-01-11.wav,sad
52,drive/My Drive/Speech Emotion Recognition/data/CREMA/1001_ITH_ANG_XX.wav,angry
53,drive/My Drive/Speech Emotion Recognition/data/CREMA/1045_IWL_NEU_XX.wav,neutral
54,drive/My Drive/Speech Emotion Recognition/data/CREMA/1005_IWL_ANG_XX.wav,angry
55,drive/My Drive/Speech Emotion Recognition/data/CREMA/1055_TIE_HAP_XX.wav,happy
56,drive/My Drive/Speech Emotion Recognition/data/CREMA/1059_IWW_HAP_XX.wav,happy
57,drive/My Drive/Speech Emotion Recognition/data/CREMA/1004_ITS_NEU_XX.wav,neutral
58,drive/My Drive/Speech Emotion Recognition/data/CREMA/1049_IOM_ANG_XX.wav,angry
59,drive/My Drive/Speech Emotion Recognition/data/CREMA/1055_TSI_HAP_XX.wav,happy
60,drive/My Drive/Speech Emotion Recognition/data/CREMA/1044_TSI_NEU_XX.wav,neutral
61,drive/My Drive/Speech Emotion Recognition/data/CREMA/1015_ITS_NEU_XX.wav,neutral
62,drive/My Drive/Speech Emotion Recognition/data/CREMA/1043_IWL_ANG_XX.wav,angry
63,drive/My Drive/Speech Emotion Recognition/data/CREMA/1013_IOM_SAD_XX.wav,sad
64,drive/My Drive/Speech Emotion Recognition/data/CREMA/1024_IEO_SAD_LO.wav,sad
65,drive/My Drive/Speech Emotion Recognition/data/CREMA/1037_IEO_SAD_LO.wav,sad
66,drive/My Drive/Speech Emotion Recognition/data/CREMA/1061_ITS_HAP_XX.wav,happy
67,drive/My Drive/Speech Emotion Recognition/data/RAVDESS/03-01-02-01-01-01-19.wav,neutral
68,drive/My Drive/Speech Emotion Recognition/data/RAVDESS/03-01-03-01-02-01-19.wav,happy
69,drive/My Drive/Speech Emotion Recognition/data/CREMA/1004_ITS_HAP_XX.wav,happy
70,drive/My Drive/Speech Emotion Recognition/data/CREMA/1037_TIE_HAP_XX.wav,happy
71,drive/My Drive/Speech Emotion Recognition/data/RAVDESS/03-01-05-02-01-01-15.wav,angry
72,drive/My Drive/Speech Emotion Recognition/data/CREMA/1063_ITH_ANG_XX.wav,angry
73,drive/My Drive/Speech Emotion Recognition/data/CREMA/1041_ITH_SAD_XX.wav,sad
74,drive/My Drive/Speech Emotion Recognition/data/CREMA/1054_DFA_ANG_XX.wav,angry
75,drive/My Drive/Speech Emotion Recognition/data/CREMA/1031_IEO_SAD_LO.wav,sad
76,drive/My Drive/Speech Emotion Recognition/data/CREMA/1032_IEO_ANG_LO.wav,angry
77,drive/My Drive/Speech Emotion Recognition/data/CREMA/1002_DFA_HAP_XX.wav,happy
78,drive/My Drive/Speech Emotion Recognition/data/RAVDESS/03-01-02-02-02-02-03.wav,neutral
79,drive/My Drive/Speech Emotion Recognition/data/CREMA/1021_ITS_HAP_XX.wav,happy
80,drive/My Drive/Speech Emotion Recognition/data/CREMA/1064_IEO_SAD_HI.wav,sad
81,drive/My Drive/Speech Emotion Recognition/data/CREMA/1060_IEO_HAP_HI.wav,happy
82,drive/My Drive/Speech Emotion Recognition/data/CREMA/1056_DFA_NEU_XX.wav,neutral
83,drive/My Drive/Speech Emotion Recognition/data/RAVDESS/03-01-05-02-02-01-22.wav,angry
84,drive/My Drive/Speech Emotion Recognition/data/CREMA/1001_DFA_ANG_XX.wav,angry
85,drive/My Drive/Speech Emotion Recognition/data/CREMA/1054_TAI_HAP_XX.wav,happy
86,drive/My Drive/Speech Emotion Recognition/data/CREMA/1052_MTI_SAD_XX.wav,sad
87,drive/My Drive/Speech Emotion Recognition/data/RAVDESS/03-01-03-02-01-01-04.wav,happy
88,drive/My Drive/Speech Emotion Recognition/data/CREMA/1058_ITS_HAP_XX.wav,happy
89,drive/My Drive/Speech Emotion Recognition/data/CREMA/1021_WSI_NEU_XX.wav,neutral
90,drive/My Drive/Speech Emotion Recognition/data/CREMA/1064_IWW_ANG_XX.wav,angry
91,drive/My Drive/Speech Emotion Recognition/data/CREMA/1015_TAI_HAP_XX.wav,happy
92,drive/My Drive/Speech Emotion Recognition/data/CREMA/1022_IOM_HAP_XX.wav,happy
93,drive/My Drive/Speech Emotion Recognition/data/CREMA/1032_IEO_ANG_HI.wav,angry
94,drive/My Drive/Speech Emotion Recognition/data/RAVDESS/03-01-05-01-01-01-01.wav,angry
95,drive/My Drive/Speech Emotion Recognition/data/RAVDESS/03-01-05-01-01-01-09.wav,angry
96,drive/My Drive/Speech Emotion Recognition/data/CREMA/1029_IEO_SAD_HI.wav,sad
97,drive/My Drive/Speech Emotion Recognition/data/CREMA/1035_MTI_NEU_XX.wav,neutral
98,drive/My Drive/Speech Emotion Recognition/data/CREMA/1063_IWW_SAD_XX.wav,sad
99,drive/My Drive/Speech Emotion Recognition/data/CREMA/1063_IOM_SAD_XX.wav,sad
100,drive/My Drive/Speech Emotion Recognition/data/RAVDESS/03-01-05-02-02-02-16.wav,angry
101,drive/My Drive/Speech Emotion Recognition/data/CREMA/1011_DFA_NEU_XX.wav,neutral
102,drive/My Drive/Speech Emotion Recognition/data/CREMA/1040_TSI_NEU_XX.wav,neutral
103,drive/My Drive/Speech Emotion Recognition/data/RAVDESS/03-01-04-01-02-02-14.wav,sad
104,drive/My Drive/Speech Emotion Recognition/data/CREMA/1035_TIE_ANG_XX.wav,angry
105,drive/My Drive/Speech Emotion Recognition/data/CREMA/1029_TIE_HAP_XX.wav,happy
106,drive/My Drive/Speech Emotion Recognition/data/CREMA/1023_IWW_HAP_XX.wav,happy
107,drive/My Drive/Speech Emotion Recognition/data/CREMA/1052_MTI_NEU_XX.wav,neutral
108,drive/My Drive/Speech Emotion Recognition/data/CREMA/1034_IEO_SAD_LO.wav,sad
109,drive/My Drive/Speech Emotion Recognition/data/CREMA/1033_IWL_NEU_XX.wav,neutral
110,drive/My Drive/Speech Emotion Recognition/data/CREMA/1002_IEO_ANG_HI.wav,angry
111,drive/My Drive/Speech Emotion Recognition/data/CREMA/1054_TIE_ANG_XX.wav,angry
112,drive/My Drive/Speech Emotion Recognition/data/CREMA/1045_IEO_ANG_HI.wav,angry
113,drive/My Drive/Speech Emotion Recognition/data/CREMA/1027_MTI_HAP_XX.wav,happy
114,drive/My Drive/Speech Emotion Recognition/data/CREMA/1021_ITS_SAD_XX.wav,sad
115,drive/My Drive/Speech Emotion Recognition/data/CREMA/1011_ITS_NEU_XX.wav,neutral
116,drive/My Drive/Speech Emotion Recognition/data/CREMA/1042_ITS_HAP_XX.wav,happy
117,drive/My Drive/Speech Emotion Recognition/data/CREMA/1011_IEO_SAD_LO.wav,sad
118,drive/My Drive/Speech Emotion Recognition/data/CREMA/1031_TAI_NEU_XX.wav,neutral
119,drive/My Drive/Speech Emotion Recognition/data/CREMA/1004_IEO_ANG_HI.wav,angry
120,drive/My Drive/Speech Emotion Recognition/data/CREMA/1014_TAI_HAP_XX.wav,happy
121,drive/My Drive/Speech Emotion Recognition/data/RAVDESS/03-01-04-01-01-02-10.wav,sad
122,drive/My Drive/Speech Emotion Recognition/data/CREMA/1011_IWW_ANG_XX.wav,angry
123,drive/My Drive/Speech Emotion Recognition/data/CREMA/1051_IWW_NEU_XX.wav,neutral
124,drive/My Drive/Speech Emotion Recognition/data/CREMA/1024_IEO_ANG_HI.wav,angry
125,drive/My Drive/Speech Emotion Recognition/data/CREMA/1012_DFA_ANG_XX.wav,angry
126,drive/My Drive/Speech Emotion Recognition/data/CREMA/1056_WSI_NEU_XX.wav,neutral
127,drive/My Drive/Speech Emotion Recognition/data/CREMA/1064_TSI_ANG_XX.wav,angry
128,drive/My Drive/Speech Emotion Recognition/data/CREMA/1020_DFA_ANG_XX.wav,angry
129,drive/My Drive/Speech Emotion Recognition/data/CREMA/1040_TAI_NEU_XX.wav,neutral
130,drive/My Drive/Speech Emotion Recognition/data/CREMA/1051_MTI_ANG_XX.wav,angry
131,drive/My Drive/Speech Emotion Recognition/data/CREMA/1004_WSI_NEU_XX.wav,neutral
132,drive/My Drive/Speech Emotion Recognition/data/RAVDESS/03-01-05-01-02-02-02.wav,angry
133,drive/My Drive/Speech Emotion Recognition/data/CREMA/1067_IOM_NEU_XX.wav,neutral
134,drive/My Drive/Speech Emotion Recognition/data/CREMA/1016_TSI_NEU_XX.wav,neutral
135,drive/My Drive/Speech Emotion Recognition/data/CREMA/1018_ITH_ANG_XX.wav,angry
136,drive/My Drive/Speech Emotion Recognition/data/CREMA/1044_IEO_HAP_HI.wav,happy
137,drive/My Drive/Speech Emotion Recognition/data/CREMA/1030_IWL_HAP_XX.wav,happy
138,drive/My Drive/Speech Emotion Recognition/data/RAVDESS/03-01-03-02-01-02-07.wav,happy
139,drive/My Drive/Speech Emotion Recognition/data/CREMA/1039_IEO_ANG_HI.wav,angry
140,drive/My Drive/Speech Emotion Recognition/data/CREMA/1044_IEO_ANG_HI.wav,angry
141,drive/My Drive/Speech Emotion Recognition/data/CREMA/1026_IWL_SAD_XX.wav,sad
142,drive/My Drive/Speech Emotion Recognition/data/CREMA/1020_IEO_HAP_MD.wav,happy
143,drive/My Drive/Speech Emotion Recognition/data/CREMA/1036_TSI_HAP_XX.wav,happy
144,drive/My Drive/Speech Emotion Recognition/data/CREMA/1024_MTI_ANG_XX.wav,angry
145,drive/My Drive/Speech Emotion Recognition/data/CREMA/1034_MTI_ANG_XX.wav,angry
146,drive/My Drive/Speech Emotion Recognition/data/CREMA/1051_IEO_ANG_MD.wav,angry
147,drive/My Drive/Speech Emotion Recognition/data/CREMA/1009_ITH_HAP_XX.wav,happy
148,drive/My Drive/Speech Emotion Recognition/data/CREMA/1022_ITH_SAD_XX.wav,sad
149,drive/My Drive/Speech Emotion Recognition/data/CREMA/1017_MTI_NEU_XX.wav,neutral
150,drive/My Drive/Speech Emotion Recognition/data/RAVDESS/03-01-05-02-01-02-20.wav,angry
151,drive/My Drive/Speech Emotion Recognition/data/CREMA/1018_IWW_HAP_XX.wav,happy
152,drive/My Drive/Speech Emotion Recognition/data/CREMA/1049_TIE_SAD_XX.wav,sad
153,drive/My Drive/Speech Emotion Recognition/data/CREMA/1032_TAI_SAD_XX.wav,sad
154,drive/My Drive/Speech Emotion Recognition/data/CREMA/1067_DFA_HAP_XX.wav,happy
155,drive/My Drive/Speech Emotion Recognition/data/CREMA/1041_IEO_SAD_MD.wav,sad
156,drive/My Drive/Speech Emotion Recognition/data/RAVDESS/03-01-04-02-02-01-07.wav,sad
157,drive/My Drive/Speech Emotion Recognition/data/CREMA/1004_IWL_SAD_XX.wav,sad
158,drive/My Drive/Speech Emotion Recognition/data/CREMA/1062_IOM_SAD_XX.wav,sad
159,drive/My Drive/Speech Emotion Recognition/data/CREMA/1004_IWW_HAP_XX.wav,happy
160,drive/My Drive/Speech Emotion Recognition/data/CREMA/1057_IWW_HAP_XX.wav,happy
161,drive/My Drive/Speech Emotion Recognition/data/RAVDESS/03-01-03-01-02-02-16.wav,happy
162,drive/My Drive/Speech Emotion Recognition/data/CREMA/1047_MTI_SAD_XX.wav,sad
163,drive/My Drive/Speech Emotion Recognition/data/CREMA/1015_IWL_SAD_XX.wav,sad
164,drive/My Drive/Speech Emotion Recognition/data/CREMA/1014_TAI_ANG_XX.wav,angry
165,drive/My Drive/Speech Emotion Recognition/data/CREMA/1046_TAI_HAP_XX.wav,happy
166,drive/My Drive/Speech Emotion Recognition/data/CREMA/1047_TIE_SAD_XX.wav,sad
167,drive/My Drive/Speech Emotion Recognition/data/CREMA/1044_MTI_ANG_XX.wav,angry
168,drive/My Drive/Speech Emotion Recognition/data/CREMA/1055_TSI_SAD_XX.wav,sad
169,drive/My Drive/Speech Emotion Recognition/data/CREMA/1008_DFA_SAD_XX.wav,sad
170,drive/My Drive/Speech Emotion Recognition/data/CREMA/1033_IEO_HAP_MD.wav,happy
171,drive/My Drive/Speech Emotion Recognition/data/RAVDESS/03-01-03-01-01-02-07.wav,happy
172,drive/My Drive/Speech Emotion Recognition/data/CREMA/1033_IEO_ANG_LO.wav,angry
173,drive/My Drive/Speech Emotion Recognition/data/RAVDESS/03-01-05-02-01-01-16.wav,angry
174,drive/My Drive/Speech Emotion Recognition/data/RAVDESS/03-01-02-02-01-01-13.wav,neutral
175,drive/My Drive/Speech Emotion Recognition/data/CREMA/1007_ITH_HAP_XX.wav,happy
176,drive/My Drive/Speech Emotion Recognition/data/CREMA/1006_IEO_NEU_XX.wav,neutral
177,drive/My Drive/Speech Emotion Recognition/data/CREMA/1056_IWL_HAP_XX.wav,happy
178,drive/My Drive/Speech Emotion Recognition/data/CREMA/1008_TAI_SAD_XX.wav,sad
179,drive/My Drive/Speech Emotion Recognition/data/CREMA/1045_MTI_NEU_XX.wav,neutral
180,drive/My Drive/Speech Emotion Recognition/data/CREMA/1067_IWW_NEU_XX.wav,neutral
181,drive/My Drive/Speech Emotion Recognition/data/CREMA/1048_IOM_SAD_XX.wav,sad
182,drive/My Drive/Speech Emotion Recognition/data/CREMA/1037_TSI_HAP_XX.wav,happy
183,drive/My Drive/Speech Emotion Recognition/data/CREMA/1018_DFA_HAP_XX.wav,happy
184,drive/My Drive/Speech Emotion Recognition/data/CREMA/1032_WSI_HAP_XX.wav,happy
185,drive/My Drive/Speech Emotion Recognition/data/RAVDESS/03-01-02-02-01-02-15.wav,neutral
186,drive/My Drive/Speech Emotion Recognition/data/CREMA/1066_TSI_ANG_XX.wav,angry
187,drive/My Drive/Speech Emotion Recognition/data/CREMA/1023_MTI_ANG_XX.wav,angry
188,drive/My Drive/Speech Emotion Recognition/data/RAVDESS/03-01-03-02-02-01-04.wav,happy
189,drive/My Drive/Speech Emotion Recognition/data/CREMA/1045_IWL_ANG_XX.wav,angry
190,drive/My Drive/Speech Emotion Recognition/data/CREMA/1036_TIE_HAP_XX.wav,happy
191,drive/My Drive/Speech Emotion Recognition/data/CREMA/1027_IOM_HAP_XX.wav,happy
192,drive/My Drive/Speech Emotion Recognition/data/RAVDESS/03-01-01-01-01-02-04.wav,neutral
193,drive/My Drive/Speech Emotion Recognition/data/CREMA/1045_WSI_HAP_XX.wav,happy
194,drive/My Drive/Speech Emotion Recognition/data/CREMA/1066_TAI_ANG_XX.wav,angry
195,drive/My Drive/Speech Emotion Recognition/data/CREMA/1065_TSI_SAD_XX.wav,sad
196,drive/My Drive/Speech Emotion Recognition/data/CREMA/1066_ITH_HAP_XX.wav,happy
197,drive/My Drive/Speech Emotion Recognition/data/CREMA/1038_IEO_NEU_XX.wav,neutral
198,drive/My Drive/Speech Emotion Recognition/data/CREMA/1004_IWL_ANG_XX.wav,angry
199,drive/My Drive/Speech Emotion Recognition/data/CREMA/1058_ITH_NEU_XX.wav,neutral
200,drive/My Drive/Speech Emotion Recognition/data/CREMA/1030_TAI_ANG_XX.wav,angry
201,drive/My Drive/Speech Emotion Recognition/data/CREMA/1044_IEO_HAP_LO.wav,happy
202,drive/My Drive/Speech Emotion Recognition/data/CREMA/1041_IEO_SAD_LO.wav,sad
203,drive/My Drive/Speech Emotion Recognition/data/CREMA/1023_IEO_SAD_MD.wav,sad
204,drive/My Drive/Speech Emotion Recognition/data/CREMA/1050_ITS_HAP_XX.wav,happy
205,drive/My Drive/Speech Emotion Recognition/data/CREMA/1035_IWL_NEU_XX.wav,neutral
206,drive/My Drive/Speech Emotion Recognition/data/CREMA/1064_ITS_HAP_XX.wav,happy
207,drive/My Drive/Speech Emotion Recognition/data/CREMA/1026_MTI_ANG_XX.wav,angry
208,drive/My Drive/Speech Emotion Recognition/data/CREMA/1018_IEO_SAD_MD.wav,sad
209,drive/My Drive/Speech Emotion Recognition/data/CREMA/1033_WSI_ANG_XX.wav,angry
210,drive/My Drive/Speech Emotion Recognition/data/CREMA/1026_IEO_HAP_MD.wav,happy
211,drive/My Drive/Speech Emotion Recognition/data/CREMA/1009_TAI_SAD_XX.wav,sad
212,drive/My Drive/Speech Emotion Recognition/data/CREMA/1058_ITH_ANG_XX.wav,angry
213,drive/My Drive/Speech Emotion Recognition/data/CREMA/1002_IEO_HAP_HI.wav,happy
214,drive/My Drive/Speech Emotion Recognition/data/CREMA/1056_ITH_SAD_XX.wav,sad
215,drive/My Drive/Speech Emotion Recognition/data/CREMA/1017_ITS_NEU_XX.wav,neutral
216,drive/My Drive/Speech Emotion Recognition/data/RAVDESS/03-01-04-01-02-02-12.wav,sad
217,drive/My Drive/Speech Emotion Recognition/data/CREMA/1045_TAI_NEU_XX.wav,neutral
218,drive/My Drive/Speech Emotion Recognition/data/CREMA/1001_TAI_ANG_XX.wav,angry
219,drive/My Drive/Speech Emotion Recognition/data/RAVDESS/03-01-02-02-02-02-09.wav,neutral
220,drive/My Drive/Speech Emotion Recognition/data/CREMA/1016_ITS_ANG_XX.wav,angry
221,drive/My Drive/Speech Emotion Recognition/data/CREMA/1037_IOM_NEU_XX.wav,neutral
222,drive/My Drive/Speech Emotion Recognition/data/CREMA/1007_TIE_HAP_XX.wav,happy
223,drive/My Drive/Speech Emotion Recognition/data/CREMA/1055_IWW_NEU_XX.wav,neutral
224,drive/My Drive/Speech Emotion Recognition/data/CREMA/1056_IOM_ANG_XX.wav,angry
225,drive/My Drive/Speech Emotion Recognition/data/CREMA/1056_IEO_SAD_HI.wav,sad
226,drive/My Drive/Speech Emotion Recognition/data/CREMA/1011_TSI_SAD_XX.wav,sad
227,drive/My Drive/Speech Emotion Recognition/data/CREMA/1049_MTI_SAD_XX.wav,sad
228,drive/My Drive/Speech Emotion Recognition/data/CREMA/1060_IWL_NEU_XX.wav,neutral
229,drive/My Drive/Speech Emotion Recognition/data/CREMA/1025_ITS_HAP_XX.wav,happy
230,drive/My Drive/Speech Emotion Recognition/data/RAVDESS/03-01-04-02-01-02-08.wav,sad
231,drive/My Drive/Speech Emotion Recognition/data/CREMA/1032_ITH_HAP_XX.wav,happy
232,drive/My Drive/Speech Emotion Recognition/data/CREMA/1007_IOM_ANG_XX.wav,angry
233,drive/My Drive/Speech Emotion Recognition/data/CREMA/1006_WSI_SAD_XX.wav,sad
234,drive/My Drive/Speech Emotion Recognition/data/RAVDESS/03-01-04-01-02-02-21.wav,sad
235,drive/My Drive/Speech Emotion Recognition/data/RAVDESS/03-01-02-02-02-01-08.wav,neutral
236,drive/My Drive/Speech Emotion Recognition/data/CREMA/1056_TAI_ANG_XX.wav,angry
237,drive/My Drive/Speech Emotion Recognition/data/CREMA/1050_TAI_NEU_XX.wav,neutral
238,drive/My Drive/Speech Emotion Recognition/data/CREMA/1057_DFA_HAP_XX.wav,happy
239,drive/My Drive/Speech Emotion Recognition/data/CREMA/1002_WSI_NEU_XX.wav,neutral
240,drive/My Drive/Speech Emotion Recognition/data/CREMA/1052_ITH_NEU_XX.wav,neutral
241,drive/My Drive/Speech Emotion Recognition/data/RAVDESS/03-01-05-01-02-01-01.wav,angry
242,drive/My Drive/Speech Emotion Recognition/data/RAVDESS/03-01-02-02-01-02-12.wav,neutral
243,drive/My Drive/Speech Emotion Recognition/data/CREMA/1030_IEO_ANG_LO.wav,angry
244,drive/My Drive/Speech Emotion Recognition/data/CREMA/1039_ITH_SAD_XX.wav,sad
245,drive/My Drive/Speech Emotion Recognition/data/CREMA/1009_WSI_NEU_XX.wav,neutral
246,drive/My Drive/Speech Emotion Recognition/data/CREMA/1025_IWL_HAP_XX.wav,happy
247,drive/My Drive/Speech Emotion Recognition/data/CREMA/1054_ITS_NEU_XX.wav,neutral
248,drive/My Drive/Speech Emotion Recognition/data/CREMA/1056_TSI_NEU_XX.wav,neutral
249,drive/My Drive/Speech Emotion Recognition/data/CREMA/1010_IWL_SAD_XX.wav,sad
250,drive/My Drive/Speech Emotion Recognition/data/CREMA/1009_TSI_SAD_XX.wav,sad
251,drive/My Drive/Speech Emotion Recognition/data/CREMA/1018_TIE_ANG_XX.wav,angry
252,drive/My Drive/Speech Emotion Recognition/data/CREMA/1006_ITS_ANG_XX.wav,angry
253,drive/My Drive/Speech Emotion Recognition/data/CREMA/1022_TSI_HAP_XX.wav,happy
254,drive/My Drive/Speech Emotion Recognition/data/CREMA/1035_IOM_ANG_XX.wav,angry
255,drive/My Drive/Speech Emotion Recognition/data/CREMA/1001_IWL_ANG_XX.wav,angry
256,drive/My Drive/Speech Emotion Recognition/data/CREMA/1015_IEO_NEU_XX.wav,neutral
257,drive/My Drive/Speech Emotion Recognition/data/CREMA/1055_IEO_HAP_LO.wav,happy
258,drive/My Drive/Speech Emotion Recognition/data/CREMA/1047_DFA_SAD_XX.wav,sad
259,drive/My Drive/Speech Emotion Recognition/data/CREMA/1060_DFA_ANG_XX.wav,angry
260,drive/My Drive/Speech Emotion Recognition/data/CREMA/1018_IEO_HAP_HI.wav,happy
261,drive/My Drive/Speech Emotion Recognition/data/CREMA/1050_MTI_HAP_XX.wav,happy
262,drive/My Drive/Speech Emotion Recognition/data/CREMA/1050_DFA_HAP_XX.wav,happy
263,drive/My Drive/Speech Emotion Recognition/data/RAVDESS/03-01-04-02-01-02-21.wav,sad
264,drive/My Drive/Speech Emotion Recognition/data/CREMA/1048_TSI_NEU_XX.wav,neutral
265,drive/My Drive/Speech Emotion Recognition/data/CREMA/1049_IOM_NEU_XX.wav,neutral
266,drive/My Drive/Speech Emotion Recognition/data/RAVDESS/03-01-04-02-01-02-19.wav,sad
267,drive/My Drive/Speech Emotion Recognition/data/CREMA/1001_IEO_ANG_LO.wav,angry
268,drive/My Drive/Speech Emotion Recognition/data/RAVDESS/03-01-04-01-02-02-11.wav,sad
269,drive/My Drive/Speech Emotion Recognition/data/CREMA/1019_IEO_HAP_LO.wav,happy
270,drive/My Drive/Speech Emotion Recognition/data/CREMA/1006_TIE_NEU_XX.wav,neutral
271,drive/My Drive/Speech Emotion Recognition/data/CREMA/1067_IEO_NEU_XX.wav,neutral
272,drive/My Drive/Speech Emotion Recognition/data/CREMA/1023_TIE_SAD_XX.wav,sad
273,drive/My Drive/Speech Emotion Recognition/data/CREMA/1047_TAI_NEU_XX.wav,neutral
274,drive/My Drive/Speech Emotion Recognition/data/CREMA/1033_DFA_ANG_XX.wav,angry
275,drive/My Drive/Speech Emotion Recognition/data/CREMA/1024_WSI_SAD_XX.wav,sad
276,drive/My Drive/Speech Emotion Recognition/data/CREMA/1001_DFA_SAD_XX.wav,sad
277,drive/My Drive/Speech Emotion Recognition/data/CREMA/1037_TSI_SAD_XX.wav,sad
278,drive/My Drive/Speech Emotion Recognition/data/CREMA/1005_DFA_ANG_XX.wav,angry
279,drive/My Drive/Speech Emotion Recognition/data/CREMA/1014_IWW_ANG_XX.wav,angry
280,drive/My Drive/Speech Emotion Recognition/data/CREMA/1053_ITH_ANG_XX.wav,angry
281,drive/My Drive/Speech Emotion Recognition/data/CREMA/1016_WSI_SAD_XX.wav,sad
282,drive/My Drive/Speech Emotion Recognition/data/CREMA/1037_ITH_NEU_XX.wav,neutral
283,drive/My Drive/Speech Emotion Recognition/data/CREMA/1064_MTI_ANG_XX.wav,angry
284,drive/My Drive/Speech Emotion Recognition/data/CREMA/1047_IOM_NEU_XX.wav,neutral
285,drive/My Drive/Speech Emotion Recognition/data/CREMA/1033_IOM_SAD_XX.wav,sad
286,drive/My Drive/Speech Emotion Recognition/data/CREMA/1065_IEO_SAD_LO.wav,sad
287,drive/My Drive/Speech Emotion Recognition/data/CREMA/1046_ITH_NEU_XX.wav,neutral
288,drive/My Drive/Speech Emotion Recognition/data/CREMA/1060_ITH_HAP_XX.wav,happy
289,drive/My Drive/Speech Emotion Recognition/data/CREMA/1064_ITH_NEU_XX.wav,neutral
290,drive/My Drive/Speech Emotion Recognition/data/CREMA/1019_TIE_ANG_XX.wav,angry
291,drive/My Drive/Speech Emotion Recognition/data/CREMA/1015_TAI_NEU_XX.wav,neutral
292,drive/My Drive/Speech Emotion Recognition/data/CREMA/1033_IWW_HAP_XX.wav,happy
293,drive/My Drive/Speech Emotion Recognition/data/CREMA/1054_TSI_HAP_XX.wav,happy
294,drive/My Drive/Speech Emotion Recognition/data/RAVDESS/03-01-01-01-01-02-02.wav,neutral
295,drive/My Drive/Speech Emotion Recognition/data/CREMA/1028_ITH_SAD_XX.wav,sad
296,drive/My Drive/Speech Emotion Recognition/data/CREMA/1053_IWL_ANG_XX.wav,angry
297,drive/My Drive/Speech Emotion Recognition/data/CREMA/1055_ITS_ANG_XX.wav,angry
298,drive/My Drive/Speech Emotion Recognition/data/CREMA/1017_IWW_ANG_XX.wav,angry
299,drive/My Drive/Speech Emotion Recognition/data/RAVDESS/03-01-05-02-02-01-08.wav,angry
300,drive/My Drive/Speech Emotion Recognition/data/CREMA/1035_IEO_ANG_LO.wav,angry
301,drive/My Drive/Speech Emotion Recognition/data/CREMA/1053_IEO_HAP_MD.wav,happy
302,drive/My Drive/Speech Emotion Recognition/data/CREMA/1005_ITS_HAP_XX.wav,happy
303,drive/My Drive/Speech Emotion Recognition/data/CREMA/1027_ITH_ANG_XX.wav,angry
304,drive/My Drive/Speech Emotion Recognition/data/RAVDESS/03-01-05-02-01-02-11.wav,angry
305,drive/My Drive/Speech Emotion Recognition/data/CREMA/1012_IWL_NEU_XX.wav,neutral
306,drive/My Drive/Speech Emotion Recognition/data/CREMA/1005_IEO_SAD_MD.wav,sad
307,drive/My Drive/Speech Emotion Recognition/data/CREMA/1043_IWW_SAD_XX.wav,sad
308,drive/My Drive/Speech Emotion Recognition/data/CREMA/1012_ITH_ANG_XX.wav,angry
309,drive/My Drive/Speech Emotion Recognition/data/CREMA/1039_TIE_ANG_XX.wav,angry
310,drive/My Drive/Speech Emotion Recognition/data/CREMA/1060_WSI_NEU_XX.wav,neutral
311,drive/My Drive/Speech Emotion Recognition/data/RAVDESS/03-01-02-01-02-01-04.wav,neutral
312,drive/My Drive/Speech Emotion Recognition/data/CREMA/1031_ITH_SAD_XX.wav,sad
313,drive/My Drive/Speech Emotion Recognition/data/CREMA/1021_IWL_SAD_XX.wav,sad
314,drive/My Drive/Speech Emotion Recognition/data/CREMA/1049_IEO_ANG_LO.wav,angry
315,drive/My Drive/Speech Emotion Recognition/data/CREMA/1032_ITS_HAP_XX.wav,happy
316,drive/My Drive/Speech Emotion Recognition/data/RAVDESS/03-01-04-02-02-01-03.wav,sad
317,drive/My Drive/Speech Emotion Recognition/data/CREMA/1045_TAI_ANG_XX.wav,angry
318,drive/My Drive/Speech Emotion Recognition/data/CREMA/1053_IEO_SAD_LO.wav,sad
319,drive/My Drive/Speech Emotion Recognition/data/CREMA/1037_WSI_ANG_XX.wav,angry
320,drive/My Drive/Speech Emotion Recognition/data/CREMA/1045_MTI_HAP_XX.wav,happy
321,drive/My Drive/Speech Emotion Recognition/data/CREMA/1034_TSI_ANG_XX.wav,angry
322,drive/My Drive/Speech Emotion Recognition/data/RAVDESS/03-01-01-01-02-02-20.wav,neutral
323,drive/My Drive/Speech Emotion Recognition/data/CREMA/1004_IWW_NEU_XX.wav,neutral
324,drive/My Drive/Speech Emotion Recognition/data/CREMA/1028_IEO_HAP_HI.wav,happy
325,drive/My Drive/Speech Emotion Recognition/data/CREMA/1006_IEO_SAD_MD.wav,sad
326,drive/My Drive/Speech Emotion Recognition/data/CREMA/1058_MTI_SAD_XX.wav,sad
327,drive/My Drive/Speech Emotion Recognition/data/CREMA/1022_TAI_HAP_XX.wav,happy
328,drive/My Drive/Speech Emotion Recognition/data/RAVDESS/03-01-03-02-02-01-07.wav,happy
329,drive/My Drive/Speech Emotion Recognition/data/CREMA/1051_DFA_HAP_XX.wav,happy
330,drive/My Drive/Speech Emotion Recognition/data/CREMA/1054_IEO_HAP_HI.wav,happy
331,drive/My Drive/Speech Emotion Recognition/data/CREMA/1065_WSI_ANG_XX.wav,angry
332,drive/My Drive/Speech Emotion Recognition/data/CREMA/1051_IEO_HAP_LO.wav,happy
333,drive/My Drive/Speech Emotion Recognition/data/RAVDESS/03-01-05-01-02-01-16.wav,angry
334,drive/My Drive/Speech Emotion Recognition/data/CREMA/1036_DFA_NEU_XX.wav,neutral
335,drive/My Drive/Speech Emotion Recognition/data/RAVDESS/03-01-04-01-01-01-20.wav,sad
336,drive/My Drive/Speech Emotion Recognition/data/CREMA/1020_IEO_ANG_HI.wav,angry
337,drive/My Drive/Speech Emotion Recognition/data/CREMA/1041_WSI_NEU_XX.wav,neutral
338,drive/My Drive/Speech Emotion Recognition/data/RAVDESS/03-01-02-02-01-02-10.wav,neutral
339,drive/My Drive/Speech Emotion Recognition/data/CREMA/1022_IWW_NEU_XX.wav,neutral
340,drive/My Drive/Speech Emotion Recognition/data/CREMA/1044_IEO_ANG_LO.wav,angry
341,drive/My Drive/Speech Emotion Recognition/data/CREMA/1017_IEO_SAD_MD.wav,sad
342,drive/My Drive/Speech Emotion Recognition/data/CREMA/1024_TSI_HAP_XX.wav,happy
343,drive/My Drive/Speech Emotion Recognition/data/CREMA/1054_IWW_SAD_XX.wav,sad
344,drive/My Drive/Speech Emotion Recognition/data/CREMA/1062_IEO_HAP_HI.wav,happy
345,drive/My Drive/Speech Emotion Recognition/data/RAVDESS/03-01-05-01-02-02-08.wav,angry
346,drive/My Drive/Speech Emotion Recognition/data/CREMA/1017_IEO_SAD_HI.wav,sad
347,drive/My Drive/Speech Emotion Recognition/data/CREMA/1066_IOM_HAP_XX.wav,happy
348,drive/My Drive/Speech Emotion Recognition/data/CREMA/1057_WSI_SAD_XX.wav,sad
349,drive/My Drive/Speech Emotion Recognition/data/CREMA/1036_IEO_ANG_HI.wav,angry
350,drive/My Drive/Speech Emotion Recognition/data/RAVDESS/03-01-04-01-02-01-23.wav,sad
351,drive/My Drive/Speech Emotion Recognition/data/CREMA/1026_ITS_SAD_XX.wav,sad
352,drive/My Drive/Speech Emotion Recognition/data/RAVDESS/03-01-05-02-01-02-03.wav,angry
353,drive/My Drive/Speech Emotion Recognition/data/CREMA/1059_ITH_HAP_XX.wav,happy
354,drive/My Drive/Speech Emotion Recognition/data/CREMA/1041_TSI_ANG_XX.wav,angry
355,drive/My Drive/Speech Emotion Recognition/data/CREMA/1018_IEO_ANG_LO.wav,angry
356,drive/My Drive/Speech Emotion Recognition/data/RAVDESS/03-01-05-02-01-01-05.wav,angry
357,drive/My Drive/Speech Emotion Recognition/data/CREMA/1019_IEO_HAP_HI.wav,happy
358,drive/My Drive/Speech Emotion Recognition/data/CREMA/1010_DFA_SAD_XX.wav,sad
359,drive/My Drive/Speech Emotion Recognition/data/CREMA/1065_TIE_HAP_XX.wav,happy
360,drive/My Drive/Speech Emotion Recognition/data/CREMA/1022_MTI_ANG_XX.wav,angry
361,drive/My Drive/Speech Emotion Recognition/data/CREMA/1032_WSI_SAD_XX.wav,sad
362,drive/My Drive/Speech Emotion Recognition/data/CREMA/1042_DFA_ANG_XX.wav,angry
363,drive/My Drive/Speech Emotion Recognition/data/CREMA/1034_TAI_NEU_XX.wav,neutral
364,drive/My Drive/Speech Emotion Recognition/data/CREMA/1042_ITS_SAD_XX.wav,sad
365,drive/My Drive/Speech Emotion Recognition/data/CREMA/1033_DFA_NEU_XX.wav,neutral
366,drive/My Drive/Speech Emotion Recognition/data/CREMA/1022_MTI_HAP_XX.wav,happy
367,drive/My Drive/Speech Emotion Recognition/data/RAVDESS/03-01-05-02-02-02-13.wav,angry
368,drive/My Drive/Speech Emotion Recognition/data/CREMA/1061_WSI_NEU_XX.wav,neutral
369,drive/My Drive/Speech Emotion Recognition/data/CREMA/1032_IEO_ANG_MD.wav,angry
370,drive/My Drive/Speech Emotion Recognition/data/RAVDESS/03-01-01-01-02-01-10.wav,neutral
371,drive/My Drive/Speech Emotion Recognition/data/CREMA/1018_WSI_NEU_XX.wav,neutral
372,drive/My Drive/Speech Emotion Recognition/data/CREMA/1035_IWW_ANG_XX.wav,angry
373,drive/My Drive/Speech Emotion Recognition/data/CREMA/1027_DFA_SAD_XX.wav,sad
374,drive/My Drive/Speech Emotion Recognition/data/CREMA/1044_ITH_ANG_XX.wav,angry
375,drive/My Drive/Speech Emotion Recognition/data/CREMA/1004_IOM_SAD_XX.wav,sad
376,drive/My Drive/Speech Emotion Recognition/data/CREMA/1050_WSI_ANG_XX.wav,angry
377,drive/My Drive/Speech Emotion Recognition/data/RAVDESS/03-01-02-01-02-01-15.wav,neutral
378,drive/My Drive/Speech Emotion Recognition/data/CREMA/1034_TSI_SAD_XX.wav,sad
379,drive/My Drive/Speech Emotion Recognition/data/CREMA/1059_WSI_SAD_XX.wav,sad
380,drive/My Drive/Speech Emotion Recognition/data/CREMA/1056_IEO_ANG_MD.wav,angry
381,drive/My Drive/Speech Emotion Recognition/data/CREMA/1007_ITS_HAP_XX.wav,happy
382,drive/My Drive/Speech Emotion Recognition/data/CREMA/1010_ITH_HAP_XX.wav,happy
383,drive/My Drive/Speech Emotion Recognition/data/CREMA/1003_ITS_ANG_XX.wav,angry
384,drive/My Drive/Speech Emotion Recognition/data/RAVDESS/03-01-05-01-02-01-12.wav,angry
385,drive/My Drive/Speech Emotion Recognition/data/RAVDESS/03-01-02-02-02-01-24.wav,neutral
386,drive/My Drive/Speech Emotion Recognition/data/CREMA/1013_TIE_NEU_XX.wav,neutral
387,drive/My Drive/Speech Emotion Recognition/data/RAVDESS/03-01-02-01-02-01-11.wav,neutral
388,drive/My Drive/Speech Emotion Recognition/data/CREMA/1060_IWL_HAP_XX.wav,happy
389,drive/My Drive/Speech Emotion Recognition/data/RAVDESS/03-01-03-01-01-01-19.wav,happy
390,drive/My Drive/Speech Emotion Recognition/data/CREMA/1042_TAI_ANG_XX.wav,angry
391,drive/My Drive/Speech Emotion Recognition/data/CREMA/1061_IOM_NEU_XX.wav,neutral
392,drive/My Drive/Speech Emotion Recognition/data/CREMA/1002_IOM_SAD_XX.wav,sad
393,drive/My Drive/Speech Emotion Recognition/data/RAVDESS/03-01-04-02-02-01-09.wav,sad
394,drive/My Drive/Speech Emotion Recognition/data/CREMA/1042_TAI_NEU_XX.wav,neutral
395,drive/My Drive/Speech Emotion Recognition/data/CREMA/1008_DFA_ANG_XX.wav,angry
396,drive/My Drive/Speech Emotion Recognition/data/CREMA/1037_ITH_HAP_XX.wav,happy
397,drive/My Drive/Speech Emotion Recognition/data/CREMA/1025_TAI_HAP_XX.wav,happy
398,drive/My Drive/Speech Emotion Recognition/data/RAVDESS/03-01-03-02-01-01-21.wav,happy
399,drive/My Drive/Speech Emotion Recognition/data/CREMA/1052_ITH_SAD_XX.wav,sad
400,drive/My Drive/Speech Emotion Recognition/data/CREMA/1010_IWL_ANG_XX.wav,angry
401,drive/My Drive/Speech Emotion Recognition/data/CREMA/1045_TSI_ANG_XX.wav,angry
402,drive/My Drive/Speech Emotion Recognition/data/CREMA/1008_IWW_ANG_XX.wav,angry
403,drive/My Drive/Speech Emotion Recognition/data/CREMA/1011_IEO_NEU_XX.wav,neutral
404,drive/My Drive/Speech Emotion Recognition/data/CREMA/1035_IEO_SAD_LO.wav,sad
405,drive/My Drive/Speech Emotion Recognition/data/CREMA/1024_ITH_NEU_XX.wav,neutral
406,drive/My Drive/Speech Emotion Recognition/data/CREMA/1008_IEO_SAD_HI.wav,sad
407,drive/My Drive/Speech Emotion Recognition/data/CREMA/1001_ITS_NEU_XX.wav,neutral
408,drive/My Drive/Speech Emotion Recognition/data/CREMA/1037_IEO_HAP_HI.wav,happy
409,drive/My Drive/Speech Emotion Recognition/data/CREMA/1061_MTI_ANG_XX.wav,angry
410,drive/My Drive/Speech Emotion Recognition/data/CREMA/1003_IOM_HAP_XX.wav,happy
411,drive/My Drive/Speech Emotion Recognition/data/CREMA/1054_IWW_HAP_XX.wav,happy
412,drive/My Drive/Speech Emotion Recognition/data/CREMA/1064_TAI_ANG_XX.wav,angry
413,drive/My Drive/Speech Emotion Recognition/data/CREMA/1058_ITS_ANG_XX.wav,angry
414,drive/My Drive/Speech Emotion Recognition/data/CREMA/1047_IEO_ANG_HI.wav,angry
415,drive/My Drive/Speech Emotion Recognition/data/CREMA/1067_IEO_HAP_MD.wav,happy
416,drive/My Drive/Speech Emotion Recognition/data/CREMA/1009_IEO_ANG_LO.wav,angry
417,drive/My Drive/Speech Emotion Recognition/data/CREMA/1067_IWL_SAD_XX.wav,sad
418,drive/My Drive/Speech Emotion Recognition/data/CREMA/1060_ITH_SAD_XX.wav,sad
419,drive/My Drive/Speech Emotion Recognition/data/RAVDESS/03-01-03-01-01-01-07.wav,happy
420,drive/My Drive/Speech Emotion Recognition/data/CREMA/1059_MTI_SAD_XX.wav,sad
421,drive/My Drive/Speech Emotion Recognition/data/CREMA/1008_IEO_HAP_MD.wav,happy
422,drive/My Drive/Speech Emotion Recognition/data/RAVDESS/03-01-05-02-02-01-20.wav,angry
423,drive/My Drive/Speech Emotion Recognition/data/RAVDESS/03-01-04-01-02-02-24.wav,sad
424,drive/My Drive/Speech Emotion Recognition/data/CREMA/1009_ITH_NEU_XX.wav,neutral
425,drive/My Drive/Speech Emotion Recognition/data/CREMA/1060_IEO_ANG_MD.wav,angry
426,drive/My Drive/Speech Emotion Recognition/data/CREMA/1016_ITH_HAP_XX.wav,happy
427,drive/My Drive/Speech Emotion Recognition/data/CREMA/1043_WSI_NEU_XX.wav,neutral
428,drive/My Drive/Speech Emotion Recognition/data/CREMA/1034_IEO_HAP_LO.wav,happy
429,drive/My Drive/Speech Emotion Recognition/data/CREMA/1016_DFA_NEU_XX.wav,neutral
430,drive/My Drive/Speech Emotion Recognition/data/CREMA/1016_IOM_ANG_XX.wav,angry
431,drive/My Drive/Speech Emotion Recognition/data/CREMA/1003_IEO_SAD_HI.wav,sad
432,drive/My Drive/Speech Emotion Recognition/data/RAVDESS/03-01-04-01-01-02-18.wav,sad
433,drive/My Drive/Speech Emotion Recognition/data/CREMA/1001_MTI_SAD_XX.wav,sad
434,drive/My Drive/Speech Emotion Recognition/data/CREMA/1040_TIE_NEU_XX.wav,neutral
435,drive/My Drive/Speech Emotion Recognition/data/CREMA/1057_ITS_SAD_XX.wav,sad
436,drive/My Drive/Speech Emotion Recognition/data/CREMA/1019_WSI_NEU_XX.wav,neutral
437,drive/My Drive/Speech Emotion Recognition/data/RAVDESS/03-01-04-02-01-01-04.wav,sad
438,drive/My Drive/Speech Emotion Recognition/data/CREMA/1026_IOM_NEU_XX.wav,neutral
439,drive/My Drive/Speech Emotion Recognition/data/CREMA/1016_IOM_SAD_XX.wav,sad
440,drive/My Drive/Speech Emotion Recognition/data/CREMA/1026_IEO_SAD_MD.wav,sad
441,drive/My Drive/Speech Emotion Recognition/data/CREMA/1042_TAI_HAP_XX.wav,happy
442,drive/My Drive/Speech Emotion Recognition/data/CREMA/1033_IWL_ANG_XX.wav,angry
443,drive/My Drive/Speech Emotion Recognition/data/CREMA/1018_IEO_SAD_HI.wav,sad
444,drive/My Drive/Speech Emotion Recognition/data/CREMA/1063_IEO_HAP_LO.wav,happy
445,drive/My Drive/Speech Emotion Recognition/data/CREMA/1018_IEO_HAP_MD.wav,happy
446,drive/My Drive/Speech Emotion Recognition/data/CREMA/1040_TAI_ANG_XX.wav,angry
447,drive/My Drive/Speech Emotion Recognition/data/RAVDESS/03-01-05-02-01-02-13.wav,angry
448,drive/My Drive/Speech Emotion Recognition/data/CREMA/1033_ITS_SAD_XX.wav,sad
449,drive/My Drive/Speech Emotion Recognition/data/CREMA/1059_ITS_HAP_XX.wav,happy
450,drive/My Drive/Speech Emotion Recognition/data/CREMA/1031_IEO_SAD_MD.wav,sad
451,drive/My Drive/Speech Emotion Recognition/data/CREMA/1060_IEO_NEU_XX.wav,neutral
452,drive/My Drive/Speech Emotion Recognition/data/CREMA/1040_ITH_HAP_XX.wav,happy
453,drive/My Drive/Speech Emotion Recognition/data/CREMA/1037_TSI_ANG_XX.wav,angry
454,drive/My Drive/Speech Emotion Recognition/data/CREMA/1030_DFA_HAP_XX.wav,happy
455,drive/My Drive/Speech Emotion Recognition/data/CREMA/1042_ITH_NEU_XX.wav,neutral
456,drive/My Drive/Speech Emotion Recognition/data/CREMA/1021_IWL_HAP_XX.wav,happy
457,drive/My Drive/Speech Emotion Recognition/data/CREMA/1001_TSI_HAP_XX.wav,happy
458,drive/My Drive/Speech Emotion Recognition/data/CREMA/1008_MTI_ANG_XX.wav,angry
459,drive/My Drive/Speech Emotion Recognition/data/RAVDESS/03-01-04-01-02-01-11.wav,sad
460,drive/My Drive/Speech Emotion Recognition/data/CREMA/1017_DFA_ANG_XX.wav,angry
461,drive/My Drive/Speech Emotion Recognition/data/CREMA/1006_DFA_ANG_XX.wav,angry
462,drive/My Drive/Speech Emotion Recognition/data/CREMA/1065_DFA_SAD_XX.wav,sad
463,drive/My Drive/Speech Emotion Recognition/data/RAVDESS/03-01-04-02-02-01-01.wav,sad
464,drive/My Drive/Speech Emotion Recognition/data/CREMA/1018_WSI_HAP_XX.wav,happy
465,drive/My Drive/Speech Emotion Recognition/data/CREMA/1004_IEO_ANG_MD.wav,angry
466,drive/My Drive/Speech Emotion Recognition/data/CREMA/1020_IEO_SAD_HI.wav,sad
467,drive/My Drive/Speech Emotion Recognition/data/CREMA/1011_IOM_NEU_XX.wav,neutral
468,drive/My Drive/Speech Emotion Recognition/data/CREMA/1051_ITH_SAD_XX.wav,sad
469,drive/My Drive/Speech Emotion Recognition/data/CREMA/1058_IWL_SAD_XX.wav,sad
470,drive/My Drive/Speech Emotion Recognition/data/CREMA/1015_DFA_NEU_XX.wav,neutral
471,drive/My Drive/Speech Emotion Recognition/data/CREMA/1057_IOM_HAP_XX.wav,happy
472,drive/My Drive/Speech Emotion Recognition/data/CREMA/1062_WSI_ANG_XX.wav,angry
473,drive/My Drive/Speech Emotion Recognition/data/CREMA/1010_IOM_SAD_XX.wav,sad
474,drive/My Drive/Speech Emotion Recognition/data/CREMA/1042_IEO_SAD_HI.wav,sad
475,drive/My Drive/Speech Emotion Recognition/data/CREMA/1051_WSI_NEU_XX.wav,neutral
476,drive/My Drive/Speech Emotion Recognition/data/CREMA/1028_DFA_SAD_XX.wav,sad
477,drive/My Drive/Speech Emotion Recognition/data/CREMA/1040_ITS_ANG_XX.wav,angry
478,drive/My Drive/Speech Emotion Recognition/data/CREMA/1065_WSI_HAP_XX.wav,happy
479,drive/My Drive/Speech Emotion Recognition/data/CREMA/1051_DFA_ANG_XX.wav,angry
480,drive/My Drive/Speech Emotion Recognition/data/CREMA/1023_IWL_SAD_XX.wav,sad
481,drive/My Drive/Speech Emotion Recognition/data/CREMA/1050_WSI_SAD_XX.wav,sad
482,drive/My Drive/Speech Emotion Recognition/data/CREMA/1035_DFA_SAD_XX.wav,sad
483,drive/My Drive/Speech Emotion Recognition/data/CREMA/1007_IEO_ANG_MD.wav,angry
484,drive/My Drive/Speech Emotion Recognition/data/CREMA/1045_DFA_NEU_XX.wav,neutral
485,drive/My Drive/Speech Emotion Recognition/data/RAVDESS/03-01-03-02-02-02-18.wav,happy
486,drive/My Drive/Speech Emotion Recognition/data/CREMA/1008_IEO_HAP_HI.wav,happy
487,drive/My Drive/Speech Emotion Recognition/data/CREMA/1041_DFA_SAD_XX.wav,sad
488,drive/My Drive/Speech Emotion Recognition/data/RAVDESS/03-01-05-02-01-02-17.wav,angry
489,drive/My Drive/Speech Emotion Recognition/data/CREMA/1013_DFA_HAP_XX.wav,happy
490,drive/My Drive/Speech Emotion Recognition/data/CREMA/1060_IOM_ANG_XX.wav,angry
491,drive/My Drive/Speech Emotion Recognition/data/CREMA/1055_WSI_NEU_XX.wav,neutral
492,drive/My Drive/Speech Emotion Recognition/data/CREMA/1056_IEO_ANG_LO.wav,angry
493,drive/My Drive/Speech Emotion Recognition/data/RAVDESS/03-01-03-02-02-01-06.wav,happy
494,drive/My Drive/Speech Emotion Recognition/data/CREMA/1066_IOM_NEU_XX.wav,neutral
495,drive/My Drive/Speech Emotion Recognition/data/CREMA/1026_ITH_HAP_XX.wav,happy
496,drive/My Drive/Speech Emotion Recognition/data/CREMA/1005_MTI_SAD_XX.wav,sad
497,drive/My Drive/Speech Emotion Recognition/data/CREMA/1023_IEO_ANG_HI.wav,angry
498,drive/My Drive/Speech Emotion Recognition/data/CREMA/1021_TSI_SAD_XX.wav,sad
499,drive/My Drive/Speech Emotion Recognition/data/CREMA/1037_DFA_SAD_XX.wav,sad
500,drive/My Drive/Speech Emotion Recognition/data/CREMA/1060_IOM_SAD_XX.wav,sad
501,drive/My Drive/Speech Emotion Recognition/data/CREMA/1047_TIE_NEU_XX.wav,neutral
502,drive/My Drive/Speech Emotion Recognition/data/CREMA/1001_IEO_ANG_MD.wav,angry
503,drive/My Drive/Speech Emotion Recognition/data/RAVDESS/03-01-03-02-02-01-19.wav,happy
504,drive/My Drive/Speech Emotion Recognition/data/RAVDESS/03-01-04-01-02-02-17.wav,sad
505,drive/My Drive/Speech Emotion Recognition/data/CREMA/1016_MTI_NEU_XX.wav,neutral
506,drive/My Drive/Speech Emotion Recognition/data/CREMA/1035_MTI_HAP_XX.wav,happy
507,drive/My Drive/Speech Emotion Recognition/data/CREMA/1011_IWW_HAP_XX.wav,happy
508,drive/My Drive/Speech Emotion Recognition/data/CREMA/1057_TIE_HAP_XX.wav,happy
509,drive/My Drive/Speech Emotion Recognition/data/CREMA/1007_ITS_ANG_XX.wav,angry
510,drive/My Drive/Speech Emotion Recognition/data/RAVDESS/03-01-02-02-01-01-20.wav,neutral
511,drive/My Drive/Speech Emotion Recognition/data/CREMA/1057_IOM_NEU_XX.wav,neutral
512,drive/My Drive/Speech Emotion Recognition/data/CREMA/1012_WSI_SAD_XX.wav,sad
513,drive/My Drive/Speech Emotion Recognition/data/CREMA/1050_IEO_ANG_HI.wav,angry
514,drive/My Drive/Speech Emotion Recognition/data/CREMA/1028_WSI_NEU_XX.wav,neutral
515,drive/My Drive/Speech Emotion Recognition/data/RAVDESS/03-01-05-01-01-02-01.wav,angry
516,drive/My Drive/Speech Emotion Recognition/data/RAVDESS/03-01-02-01-01-01-21.wav,neutral
517,drive/My Drive/Speech Emotion Recognition/data/CREMA/1001_TSI_ANG_XX.wav,angry
518,drive/My Drive/Speech Emotion Recognition/data/CREMA/1019_IEO_NEU_XX.wav,neutral
519,drive/My Drive/Speech Emotion Recognition/data/RAVDESS/03-01-05-02-01-02-07.wav,angry
520,drive/My Drive/Speech Emotion Recognition/data/CREMA/1004_IWL_NEU_XX.wav,neutral
521,drive/My Drive/Speech Emotion Recognition/data/CREMA/1024_TSI_SAD_XX.wav,sad
522,drive/My Drive/Speech Emotion Recognition/data/CREMA/1010_IEO_HAP_MD.wav,happy
523,drive/My Drive/Speech Emotion Recognition/data/CREMA/1050_IEO_HAP_LO.wav,happy
524,drive/My Drive/Speech Emotion Recognition/data/CREMA/1063_IWL_ANG_XX.wav,angry
525,drive/My Drive/Speech Emotion Recognition/data/CREMA/1064_IOM_ANG_XX.wav,angry
526,drive/My Drive/Speech Emotion Recognition/data/CREMA/1013_IEO_ANG_LO.wav,angry
527,drive/My Drive/Speech Emotion Recognition/data/CREMA/1059_IEO_HAP_HI.wav,happy
528,drive/My Drive/Speech Emotion Recognition/data/RAVDESS/03-01-03-01-02-01-03.wav,happy
529,drive/My Drive/Speech Emotion Recognition/data/CREMA/1014_IWL_NEU_XX.wav,neutral
530,drive/My Drive/Speech Emotion Recognition/data/RAVDESS/03-01-01-01-01-02-05.wav,neutral
531,drive/My Drive/Speech Emotion Recognition/data/CREMA/1032_IWL_NEU_XX.wav,neutral
532,drive/My Drive/Speech Emotion Recognition/data/CREMA/1015_IEO_HAP_HI.wav,happy
533,drive/My Drive/Speech Emotion Recognition/data/RAVDESS/03-01-05-02-01-01-02.wav,angry
534,drive/My Drive/Speech Emotion Recognition/data/CREMA/1013_MTI_ANG_XX.wav,angry
535,drive/My Drive/Speech Emotion Recognition/data/CREMA/1052_IEO_NEU_XX.wav,neutral
536,drive/My Drive/Speech Emotion Recognition/data/RAVDESS/03-01-01-01-01-01-05.wav,neutral
537,drive/My Drive/Speech Emotion Recognition/data/CREMA/1036_IEO_ANG_MD.wav,angry
538,drive/My Drive/Speech Emotion Recognition/data/RAVDESS/03-01-02-01-01-01-04.wav,neutral
539,drive/My Drive/Speech Emotion Recognition/data/RAVDESS/03-01-02-01-01-02-02.wav,neutral
540,drive/My Drive/Speech Emotion Recognition/data/CREMA/1004_MTI_SAD_XX.wav,sad
541,drive/My Drive/Speech Emotion Recognition/data/CREMA/1054_IOM_SAD_XX.wav,sad
542,drive/My Drive/Speech Emotion Recognition/data/CREMA/1003_IWL_HAP_XX.wav,happy
543,drive/My Drive/Speech Emotion Recognition/data/CREMA/1020_ITS_HAP_XX.wav,happy
544,drive/My Drive/Speech Emotion Recognition/data/CREMA/1040_TSI_HAP_XX.wav,happy
545,drive/My Drive/Speech Emotion Recognition/data/RAVDESS/03-01-01-01-02-01-16.wav,neutral
546,drive/My Drive/Speech Emotion Recognition/data/CREMA/1057_IOM_ANG_XX.wav,angry
547,drive/My Drive/Speech Emotion Recognition/data/RAVDESS/03-01-03-02-01-01-08.wav,happy
548,drive/My Drive/Speech Emotion Recognition/data/CREMA/1028_TAI_SAD_XX.wav,sad
549,drive/My Drive/Speech Emotion Recognition/data/CREMA/1046_TAI_NEU_XX.wav,neutral
550,drive/My Drive/Speech Emotion Recognition/data/CREMA/1010_IEO_HAP_LO.wav,happy
551,drive/My Drive/Speech Emotion Recognition/data/CREMA/1012_ITS_NEU_XX (1).wav,neutral
552,drive/My Drive/Speech Emotion Recognition/data/CREMA/1006_TSI_NEU_XX.wav,neutral
553,drive/My Drive/Speech Emotion Recognition/data/CREMA/1014_DFA_ANG_XX.wav,angry
554,drive/My Drive/Speech Emotion Recognition/data/CREMA/1014_TSI_HAP_XX.wav,happy
555,drive/My Drive/Speech Emotion Recognition/data/RAVDESS/03-01-02-01-01-02-01.wav,neutral
556,drive/My Drive/Speech Emotion Recognition/data/CREMA/1010_TSI_NEU_XX.wav,neutral
557,drive/My Drive/Speech Emotion Recognition/data/CREMA/1065_WSI_SAD_XX.wav,sad
558,drive/My Drive/Speech Emotion Recognition/data/CREMA/1059_IEO_ANG_MD.wav,angry
559,drive/My Drive/Speech Emotion Recognition/data/CREMA/1065_ITH_SAD_XX.wav,sad
560,drive/My Drive/Speech Emotion Recognition/data/CREMA/1053_MTI_NEU_XX.wav,neutral
561,drive/My Drive/Speech Emotion Recognition/data/CREMA/1054_ITS_HAP_XX.wav,happy
562,drive/My Drive/Speech Emotion Recognition/data/CREMA/1006_IWW_ANG_XX.wav,angry
563,drive/My Drive/Speech Emotion Recognition/data/CREMA/1008_ITH_HAP_XX.wav,happy
564,drive/My Drive/Speech Emotion Recognition/data/CREMA/1007_TAI_SAD_XX.wav,sad
565,drive/My Drive/Speech Emotion Recognition/data/CREMA/1015_IWL_HAP_XX.wav,happy
566,drive/My Drive/Speech Emotion Recognition/data/CREMA/1006_IOM_SAD_XX.wav,sad
567,drive/My Drive/Speech Emotion Recognition/data/CREMA/1011_TAI_HAP_XX.wav,happy
568,drive/My Drive/Speech Emotion Recognition/data/CREMA/1034_ITH_SAD_XX.wav,sad
569,drive/My Drive/Speech Emotion Recognition/data/CREMA/1028_IEO_HAP_LO.wav,happy
570,drive/My Drive/Speech Emotion Recognition/data/CREMA/1052_WSI_ANG_XX.wav,angry
571,drive/My Drive/Speech Emotion Recognition/data/RAVDESS/03-01-04-02-01-02-05.wav,sad
572,drive/My Drive/Speech Emotion Recognition/data/RAVDESS/03-01-04-01-01-01-13.wav,sad
573,drive/My Drive/Speech Emotion Recognition/data/CREMA/1010_TIE_HAP_XX.wav,happy
574,drive/My Drive/Speech Emotion Recognition/data/CREMA/1039_IWW_NEU_XX.wav,neutral
575,drive/My Drive/Speech Emotion Recognition/data/CREMA/1038_DFA_NEU_XX.wav,neutral
576,drive/My Drive/Speech Emotion Recognition/data/CREMA/1027_TAI_ANG_XX.wav,angry
577,drive/My Drive/Speech Emotion Recognition/data/CREMA/1031_TIE_NEU_XX.wav,neutral
578,drive/My Drive/Speech Emotion Recognition/data/CREMA/1065_IEO_ANG_MD.wav,angry
579,drive/My Drive/Speech Emotion Recognition/data/CREMA/1003_TSI_NEU_XX.wav,neutral
580,drive/My Drive/Speech Emotion Recognition/data/CREMA/1053_ITH_SAD_XX.wav,sad
581,drive/My Drive/Speech Emotion Recognition/data/CREMA/1042_TSI_ANG_XX.wav,angry
582,drive/My Drive/Speech Emotion Recognition/data/CREMA/1033_TSI_ANG_XX.wav,angry
583,drive/My Drive/Speech Emotion Recognition/data/CREMA/1048_DFA_NEU_XX.wav,neutral
584,drive/My Drive/Speech Emotion Recognition/data/CREMA/1023_TAI_ANG_XX.wav,angry
585,drive/My Drive/Speech Emotion Recognition/data/RAVDESS/03-01-05-02-02-01-18.wav,angry
586,drive/My Drive/Speech Emotion Recognition/data/CREMA/1043_TIE_HAP_XX.wav,happy
587,drive/My Drive/Speech Emotion Recognition/data/RAVDESS/03-01-01-01-01-02-18.wav,neutral
588,drive/My Drive/Speech Emotion Recognition/data/CREMA/1063_IWL_SAD_XX.wav,sad
589,drive/My Drive/Speech Emotion Recognition/data/CREMA/1019_TSI_HAP_XX.wav,happy
590,drive/My Drive/Speech Emotion Recognition/data/RAVDESS/03-01-05-01-02-01-24.wav,angry
591,drive/My Drive/Speech Emotion Recognition/data/CREMA/1024_TAI_SAD_XX.wav,sad
592,drive/My Drive/Speech Emotion Recognition/data/CREMA/1029_TSI_SAD_XX.wav,sad
593,drive/My Drive/Speech Emotion Recognition/data/CREMA/1031_MTI_SAD_XX.wav,sad
594,drive/My Drive/Speech Emotion Recognition/data/CREMA/1001_IWL_HAP_XX.wav,happy
595,drive/My Drive/Speech Emotion Recognition/data/CREMA/1044_TAI_NEU_XX.wav,neutral
596,drive/My Drive/Speech Emotion Recognition/data/CREMA/1008_DFA_NEU_XX.wav,neutral
597,drive/My Drive/Speech Emotion Recognition/data/CREMA/1052_ITH_HAP_XX.wav,happy
598,drive/My Drive/Speech Emotion Recognition/data/RAVDESS/03-01-03-02-02-01-12.wav,happy
599,drive/My Drive/Speech Emotion Recognition/data/CREMA/1013_IWL_ANG_XX.wav,angry
600,drive/My Drive/Speech Emotion Recognition/data/RAVDESS/03-01-02-02-01-02-14.wav,neutral
601,drive/My Drive/Speech Emotion Recognition/data/CREMA/1018_IWL_SAD_XX.wav,sad
602,drive/My Drive/Speech Emotion Recognition/data/RAVDESS/03-01-04-02-01-01-15.wav,sad
603,drive/My Drive/Speech Emotion Recognition/data/CREMA/1055_MTI_ANG_XX.wav,angry
604,drive/My Drive/Speech Emotion Recognition/data/CREMA/1051_IWW_HAP_XX.wav,happy
605,drive/My Drive/Speech Emotion Recognition/data/CREMA/1051_IWL_SAD_XX.wav,sad
606,drive/My Drive/Speech Emotion Recognition/data/CREMA/1025_IOM_HAP_XX.wav,happy
607,drive/My Drive/Speech Emotion Recognition/data/CREMA/1042_ITH_ANG_XX.wav,angry
608,drive/My Drive/Speech Emotion Recognition/data/RAVDESS/03-01-05-02-01-01-09.wav,angry
609,drive/My Drive/Speech Emotion Recognition/data/CREMA/1067_MTI_ANG_XX.wav,angry
610,drive/My Drive/Speech Emotion Recognition/data/CREMA/1044_IEO_SAD_LO.wav,sad
611,drive/My Drive/Speech Emotion Recognition/data/CREMA/1054_WSI_HAP_XX.wav,happy
612,drive/My Drive/Speech Emotion Recognition/data/CREMA/1063_DFA_HAP_XX.wav,happy
613,drive/My Drive/Speech Emotion Recognition/data/CREMA/1027_TAI_SAD_XX.wav,sad
614,drive/My Drive/Speech Emotion Recognition/data/CREMA/1012_TSI_SAD_XX.wav,sad
615,drive/My Drive/Speech Emotion Recognition/data/CREMA/1003_IEO_HAP_LO.wav,happy
616,drive/My Drive/Speech Emotion Recognition/data/CREMA/1042_TIE_ANG_XX.wav,angry
617,drive/My Drive/Speech Emotion Recognition/data/RAVDESS/03-01-02-02-01-01-15.wav,neutral
618,drive/My Drive/Speech Emotion Recognition/data/CREMA/1064_IEO_HAP_LO.wav,happy
619,drive/My Drive/Speech Emotion Recognition/data/CREMA/1029_TIE_SAD_XX.wav,sad
620,drive/My Drive/Speech Emotion Recognition/data/CREMA/1062_IWW_HAP_XX.wav,happy
621,drive/My Drive/Speech Emotion Recognition/data/CREMA/1005_IWL_SAD_XX.wav,sad
622,drive/My Drive/Speech Emotion Recognition/data/CREMA/1046_IOM_NEU_XX.wav,neutral
623,drive/My Drive/Speech Emotion Recognition/data/CREMA/1046_WSI_ANG_XX.wav,angry
624,drive/My Drive/Speech Emotion Recognition/data/CREMA/1019_IEO_ANG_MD.wav,angry
625,drive/My Drive/Speech Emotion Recognition/data/CREMA/1060_WSI_HAP_XX.wav,happy
626,drive/My Drive/Speech Emotion Recognition/data/CREMA/1058_MTI_HAP_XX.wav,happy
627,drive/My Drive/Speech Emotion Recognition/data/CREMA/1002_IWL_SAD_XX.wav,sad
628,drive/My Drive/Speech Emotion Recognition/data/CREMA/1044_IWL_HAP_XX.wav,happy
629,drive/My Drive/Speech Emotion Recognition/data/CREMA/1031_IOM_HAP_XX.wav,happy
630,drive/My Drive/Speech Emotion Recognition/data/CREMA/1061_TSI_ANG_XX.wav,angry
631,drive/My Drive/Speech Emotion Recognition/data/CREMA/1030_IEO_SAD_LO.wav,sad
632,drive/My Drive/Speech Emotion Recognition/data/CREMA/1023_WSI_SAD_XX.wav,sad
633,drive/My Drive/Speech Emotion Recognition/data/CREMA/1065_IWW_SAD_XX.wav,sad
634,drive/My Drive/Speech Emotion Recognition/data/CREMA/1066_IEO_SAD_LO.wav,sad
635,drive/My Drive/Speech Emotion Recognition/data/RAVDESS/03-01-02-01-02-02-01.wav,neutral
636,drive/My Drive/Speech Emotion Recognition/data/CREMA/1010_IOM_NEU_XX.wav,neutral
637,drive/My Drive/Speech Emotion Recognition/data/CREMA/1046_DFA_ANG_XX.wav,angry
638,drive/My Drive/Speech Emotion Recognition/data/CREMA/1032_IOM_NEU_XX.wav,neutral
639,drive/My Drive/Speech Emotion Recognition/data/RAVDESS/03-01-04-01-01-01-15.wav,sad
640,drive/My Drive/Speech Emotion Recognition/data/CREMA/1010_MTI_NEU_XX.wav,neutral
641,drive/My Drive/Speech Emotion Recognition/data/RAVDESS/03-01-04-02-02-02-19.wav,sad
642,drive/My Drive/Speech Emotion Recognition/data/CREMA/1067_IEO_HAP_LO.wav,happy
643,drive/My Drive/Speech Emotion Recognition/data/CREMA/1009_IEO_ANG_MD.wav,angry
644,drive/My Drive/Speech Emotion Recognition/data/RAVDESS/03-01-02-01-02-01-24.wav,neutral
645,drive/My Drive/Speech Emotion Recognition/data/CREMA/1017_ITS_SAD_XX.wav,sad
646,drive/My Drive/Speech Emotion Recognition/data/CREMA/1061_TSI_HAP_XX.wav,happy
647,drive/My Drive/Speech Emotion Recognition/data/CREMA/1048_IEO_ANG_LO.wav,angry
648,drive/My Drive/Speech Emotion Recognition/data/CREMA/1014_IOM_NEU_XX.wav,neutral
649,drive/My Drive/Speech Emotion Recognition/data/CREMA/1065_TAI_SAD_XX.wav,sad
650,drive/My Drive/Speech Emotion Recognition/data/CREMA/1044_ITS_NEU_XX.wav,neutral
651,drive/My Drive/Speech Emotion Recognition/data/CREMA/1023_IWW_NEU_XX.wav,neutral
652,drive/My Drive/Speech Emotion Recognition/data/CREMA/1013_IEO_NEU_XX.wav,neutral
653,drive/My Drive/Speech Emotion Recognition/data/CREMA/1024_IWW_NEU_XX.wav,neutral
654,drive/My Drive/Speech Emotion Recognition/data/CREMA/1012_IOM_HAP_XX.wav,happy
655,drive/My Drive/Speech Emotion Recognition/data/CREMA/1066_IWL_ANG_XX.wav,angry
656,drive/My Drive/Speech Emotion Recognition/data/CREMA/1009_TAI_ANG_XX.wav,angry
657,drive/My Drive/Speech Emotion Recognition/data/CREMA/1001_TSI_NEU_XX.wav,neutral
658,drive/My Drive/Speech Emotion Recognition/data/CREMA/1033_IEO_ANG_HI.wav,angry
659,drive/My Drive/Speech Emotion Recognition/data/CREMA/1044_TIE_SAD_XX.wav,sad
660,drive/My Drive/Speech Emotion Recognition/data/CREMA/1049_IEO_SAD_HI.wav,sad
661,drive/My Drive/Speech Emotion Recognition/data/CREMA/1055_IWL_SAD_XX.wav,sad
662,drive/My Drive/Speech Emotion Recognition/data/CREMA/1029_ITH_ANG_XX.wav,angry
663,drive/My Drive/Speech Emotion Recognition/data/CREMA/1029_WSI_NEU_XX.wav,neutral
664,drive/My Drive/Speech Emotion Recognition/data/RAVDESS/03-01-02-02-01-02-01.wav,neutral
665,drive/My Drive/Speech Emotion Recognition/data/CREMA/1035_IEO_SAD_HI.wav,sad
666,drive/My Drive/Speech Emotion Recognition/data/RAVDESS/03-01-03-01-01-01-16.wav,happy
667,drive/My Drive/Speech Emotion Recognition/data/CREMA/1007_TIE_ANG_XX.wav,angry
668,drive/My Drive/Speech Emotion Recognition/data/CREMA/1009_IEO_SAD_MD.wav,sad
669,drive/My Drive/Speech Emotion Recognition/data/CREMA/1006_ITH_HAP_XX.wav,happy
670,drive/My Drive/Speech Emotion Recognition/data/RAVDESS/03-01-03-01-02-01-17.wav,happy
671,drive/My Drive/Speech Emotion Recognition/data/CREMA/1038_DFA_SAD_XX.wav,sad
672,drive/My Drive/Speech Emotion Recognition/data/CREMA/1019_TSI_NEU_XX.wav,neutral
673,drive/My Drive/Speech Emotion Recognition/data/RAVDESS/03-01-05-02-01-01-13.wav,angry
674,drive/My Drive/Speech Emotion Recognition/data/CREMA/1047_IWW_ANG_XX.wav,angry
675,drive/My Drive/Speech Emotion Recognition/data/CREMA/1002_WSI_SAD_XX.wav,sad
676,drive/My Drive/Speech Emotion Recognition/data/CREMA/1057_IWL_ANG_XX.wav,angry
677,drive/My Drive/Speech Emotion Recognition/data/CREMA/1002_DFA_SAD_XX.wav,sad
678,drive/My Drive/Speech Emotion Recognition/data/CREMA/1056_ITH_ANG_XX.wav,angry
679,drive/My Drive/Speech Emotion Recognition/data/CREMA/1013_ITH_SAD_XX.wav,sad
680,drive/My Drive/Speech Emotion Recognition/data/RAVDESS/03-01-04-02-01-02-03.wav,sad
681,drive/My Drive/Speech Emotion Recognition/data/CREMA/1044_IWW_NEU_XX.wav,neutral
682,drive/My Drive/Speech Emotion Recognition/data/CREMA/1042_IOM_ANG_XX.wav,angry
683,drive/My Drive/Speech Emotion Recognition/data/CREMA/1058_WSI_SAD_XX.wav,sad
684,drive/My Drive/Speech Emotion Recognition/data/CREMA/1036_MTI_ANG_XX.wav,angry
685,drive/My Drive/Speech Emotion Recognition/data/RAVDESS/03-01-05-01-01-01-21.wav,angry
686,drive/My Drive/Speech Emotion Recognition/data/RAVDESS/03-01-03-02-01-02-06.wav,happy
687,drive/My Drive/Speech Emotion Recognition/data/CREMA/1017_TSI_ANG_XX.wav,angry
688,drive/My Drive/Speech Emotion Recognition/data/RAVDESS/03-01-04-02-02-01-02.wav,sad
689,drive/My Drive/Speech Emotion Recognition/data/CREMA/1042_IOM_SAD_XX.wav,sad
690,drive/My Drive/Speech Emotion Recognition/data/CREMA/1046_IEO_HAP_HI.wav,happy
691,drive/My Drive/Speech Emotion Recognition/data/CREMA/1036_IOM_HAP_XX.wav,happy
692,drive/My Drive/Speech Emotion Recognition/data/CREMA/1005_IEO_NEU_XX.wav,neutral
693,drive/My Drive/Speech Emotion Recognition/data/CREMA/1050_TSI_HAP_XX.wav,happy
694,drive/My Drive/Speech Emotion Recognition/data/CREMA/1003_MTI_SAD_XX.wav,sad
695,drive/My Drive/Speech Emotion Recognition/data/CREMA/1001_IWL_SAD_XX.wav,sad
696,drive/My Drive/Speech Emotion Recognition/data/CREMA/1058_WSI_HAP_XX.wav,happy
697,drive/My Drive/Speech Emotion Recognition/data/CREMA/1021_TIE_ANG_XX.wav,angry
698,drive/My Drive/Speech Emotion Recognition/data/CREMA/1030_IWW_HAP_XX.wav,happy
699,drive/My Drive/Speech Emotion Recognition/data/CREMA/1057_ITH_HAP_XX.wav,happy
700,drive/My Drive/Speech Emotion Recognition/data/CREMA/1034_TIE_NEU_XX.wav,neutral
701,drive/My Drive/Speech Emotion Recognition/data/RAVDESS/03-01-03-01-01-02-12.wav,happy
702,drive/My Drive/Speech Emotion Recognition/data/CREMA/1023_TIE_HAP_XX.wav,happy
703,drive/My Drive/Speech Emotion Recognition/data/CREMA/1066_DFA_ANG_XX.wav,angry
704,drive/My Drive/Speech Emotion Recognition/data/CREMA/1040_IEO_ANG_LO.wav,angry
705,drive/My Drive/Speech Emotion Recognition/data/CREMA/1062_IOM_NEU_XX.wav,neutral
706,drive/My Drive/Speech Emotion Recognition/data/CREMA/1039_WSI_SAD_XX.wav,sad
707,drive/My Drive/Speech Emotion Recognition/data/CREMA/1009_IEO_HAP_MD.wav,happy
708,drive/My Drive/Speech Emotion Recognition/data/RAVDESS/03-01-05-01-01-02-13.wav,angry
709,drive/My Drive/Speech Emotion Recognition/data/RAVDESS/03-01-03-01-02-02-19.wav,happy
710,drive/My Drive/Speech Emotion Recognition/data/CREMA/1024_IEO_NEU_XX.wav,neutral
711,drive/My Drive/Speech Emotion Recognition/data/CREMA/1009_IWW_NEU_XX.wav,neutral
712,drive/My Drive/Speech Emotion Recognition/data/CREMA/1014_IWL_SAD_XX.wav,sad
713,drive/My Drive/Speech Emotion Recognition/data/RAVDESS/03-01-03-01-01-01-13.wav,happy
714,drive/My Drive/Speech Emotion Recognition/data/CREMA/1060_TSI_NEU_XX.wav,neutral
715,drive/My Drive/Speech Emotion Recognition/data/CREMA/1054_IEO_HAP_LO.wav,happy
716,drive/My Drive/Speech Emotion Recognition/data/CREMA/1026_DFA_NEU_XX.wav,neutral
717,drive/My Drive/Speech Emotion Recognition/data/CREMA/1009_DFA_ANG_XX.wav,angry
718,drive/My Drive/Speech Emotion Recognition/data/CREMA/1002_MTI_ANG_XX.wav,angry
719,drive/My Drive/Speech Emotion Recognition/data/CREMA/1012_TAI_NEU_XX.wav,neutral
720,drive/My Drive/Speech Emotion Recognition/data/RAVDESS/03-01-05-02-01-02-01.wav,angry
721,drive/My Drive/Speech Emotion Recognition/data/CREMA/1065_IWW_NEU_XX.wav,neutral
722,drive/My Drive/Speech Emotion Recognition/data/RAVDESS/03-01-02-02-02-02-04.wav,neutral
723,drive/My Drive/Speech Emotion Recognition/data/RAVDESS/03-01-02-01-02-01-02.wav,neutral
724,drive/My Drive/Speech Emotion Recognition/data/CREMA/1031_ITH_NEU_XX.wav,neutral
725,drive/My Drive/Speech Emotion Recognition/data/CREMA/1058_IEO_HAP_HI.wav,happy
726,drive/My Drive/Speech Emotion Recognition/data/CREMA/1025_ITS_ANG_XX.wav,angry
727,drive/My Drive/Speech Emotion Recognition/data/CREMA/1034_IEO_ANG_HI.wav,angry
728,drive/My Drive/Speech Emotion Recognition/data/CREMA/1040_IOM_SAD_XX.wav,sad
729,drive/My Drive/Speech Emotion Recognition/data/CREMA/1018_TAI_ANG_XX.wav,angry
730,drive/My Drive/Speech Emotion Recognition/data/RAVDESS/03-01-01-01-02-02-11.wav,neutral
731,drive/My Drive/Speech Emotion Recognition/data/RAVDESS/03-01-02-01-02-02-08.wav,neutral
732,drive/My Drive/Speech Emotion Recognition/data/CREMA/1023_WSI_HAP_XX.wav,happy
733,drive/My Drive/Speech Emotion Recognition/data/CREMA/1015_IEO_ANG_LO.wav,angry
734,drive/My Drive/Speech Emotion Recognition/data/CREMA/1063_IEO_HAP_HI.wav,happy
735,drive/My Drive/Speech Emotion Recognition/data/CREMA/1004_IWW_SAD_XX.wav,sad
736,drive/My Drive/Speech Emotion Recognition/data/RAVDESS/03-01-01-01-01-01-13.wav,neutral
737,drive/My Drive/Speech Emotion Recognition/data/CREMA/1067_IWL_ANG_XX.wav,angry
738,drive/My Drive/Speech Emotion Recognition/data/RAVDESS/03-01-04-01-02-02-16.wav,sad
739,drive/My Drive/Speech Emotion Recognition/data/RAVDESS/03-01-04-02-01-01-13.wav,sad
740,drive/My Drive/Speech Emotion Recognition/data/CREMA/1038_MTI_ANG_XX.wav,angry
741,drive/My Drive/Speech Emotion Recognition/data/RAVDESS/03-01-05-01-01-01-03.wav,angry
742,drive/My Drive/Speech Emotion Recognition/data/CREMA/1061_IEO_SAD_LO.wav,sad
743,drive/My Drive/Speech Emotion Recognition/data/RAVDESS/03-01-02-01-01-02-12.wav,neutral
744,drive/My Drive/Speech Emotion Recognition/data/CREMA/1015_TAI_SAD_XX.wav,sad
745,drive/My Drive/Speech Emotion Recognition/data/CREMA/1031_IWL_HAP_XX.wav,happy
746,drive/My Drive/Speech Emotion Recognition/data/RAVDESS/03-01-04-02-01-01-09.wav,sad
747,drive/My Drive/Speech Emotion Recognition/data/CREMA/1007_ITH_SAD_XX.wav,sad
748,drive/My Drive/Speech Emotion Recognition/data/RAVDESS/03-01-03-02-01-02-23.wav,happy
749,drive/My Drive/Speech Emotion Recognition/data/CREMA/1013_WSI_ANG_XX.wav,angry
750,drive/My Drive/Speech Emotion Recognition/data/RAVDESS/03-01-05-02-01-01-01.wav,angry
751,drive/My Drive/Speech Emotion Recognition/data/CREMA/1060_IEO_HAP_LO.wav,happy
752,drive/My Drive/Speech Emotion Recognition/data/CREMA/1023_TIE_ANG_XX.wav,angry
753,drive/My Drive/Speech Emotion Recognition/data/RAVDESS/03-01-05-02-02-02-17.wav,angry
754,drive/My Drive/Speech Emotion Recognition/data/CREMA/1041_ITS_SAD_XX.wav,sad
755,drive/My Drive/Speech Emotion Recognition/data/RAVDESS/03-01-04-01-02-02-01.wav,sad
756,drive/My Drive/Speech Emotion Recognition/data/CREMA/1031_IEO_SAD_HI.wav,sad
757,drive/My Drive/Speech Emotion Recognition/data/CREMA/1021_WSI_SAD_XX.wav,sad
758,drive/My Drive/Speech Emotion Recognition/data/CREMA/1015_ITH_NEU_XX.wav,neutral
759,drive/My Drive/Speech Emotion Recognition/data/CREMA/1038_IWW_NEU_XX.wav,neutral
760,drive/My Drive/Speech Emotion Recognition/data/CREMA/1064_IEO_ANG_HI.wav,angry
761,drive/My Drive/Speech Emotion Recognition/data/RAVDESS/03-01-04-02-01-02-10.wav,sad
762,drive/My Drive/Speech Emotion Recognition/data/CREMA/1059_WSI_ANG_XX.wav,angry
763,drive/My Drive/Speech Emotion Recognition/data/CREMA/1064_IEO_SAD_LO.wav,sad
764,drive/My Drive/Speech Emotion Recognition/data/CREMA/1005_ITH_NEU_XX.wav,neutral
765,drive/My Drive/Speech Emotion Recognition/data/CREMA/1016_TAI_ANG_XX.wav,angry
766,drive/My Drive/Speech Emotion Recognition/data/CREMA/1026_IEO_ANG_LO.wav,angry
767,drive/My Drive/Speech Emotion Recognition/data/CREMA/1049_IWL_NEU_XX.wav,neutral
768,drive/My Drive/Speech Emotion Recognition/data/CREMA/1030_TIE_ANG_XX.wav,angry
769,drive/My Drive/Speech Emotion Recognition/data/CREMA/1058_TSI_SAD_XX.wav,sad
770,drive/My Drive/Speech Emotion Recognition/data/CREMA/1064_IEO_ANG_MD.wav,angry
771,drive/My Drive/Speech Emotion Recognition/data/CREMA/1022_ITS_ANG_XX.wav,angry
772,drive/My Drive/Speech Emotion Recognition/data/CREMA/1010_IEO_SAD_MD.wav,sad
773,drive/My Drive/Speech Emotion Recognition/data/CREMA/1040_IEO_HAP_LO.wav,happy
774,drive/My Drive/Speech Emotion Recognition/data/CREMA/1040_TAI_HAP_XX.wav,happy
775,drive/My Drive/Speech Emotion Recognition/data/RAVDESS/03-01-02-01-02-02-16.wav,neutral
776,drive/My Drive/Speech Emotion Recognition/data/RAVDESS/03-01-02-02-01-02-18.wav,neutral
777,drive/My Drive/Speech Emotion Recognition/data/CREMA/1027_DFA_ANG_XX.wav,angry
778,drive/My Drive/Speech Emotion Recognition/data/CREMA/1022_ITH_NEU_XX.wav,neutral
779,drive/My Drive/Speech Emotion Recognition/data/CREMA/1065_ITS_NEU_XX.wav,neutral
780,drive/My Drive/Speech Emotion Recognition/data/CREMA/1019_TAI_SAD_XX.wav,sad
781,drive/My Drive/Speech Emotion Recognition/data/CREMA/1007_MTI_NEU_XX.wav,neutral
782,drive/My Drive/Speech Emotion Recognition/data/CREMA/1036_IWW_HAP_XX.wav,happy
783,drive/My Drive/Speech Emotion Recognition/data/CREMA/1066_WSI_ANG_XX.wav,angry
784,drive/My Drive/Speech Emotion Recognition/data/CREMA/1005_IWL_NEU_XX.wav,neutral
785,drive/My Drive/Speech Emotion Recognition/data/CREMA/1024_TIE_HAP_XX.wav,happy
786,drive/My Drive/Speech Emotion Recognition/data/CREMA/1002_IEO_NEU_XX.wav,neutral
787,drive/My Drive/Speech Emotion Recognition/data/RAVDESS/03-01-04-02-02-02-10.wav,sad
788,drive/My Drive/Speech Emotion Recognition/data/CREMA/1065_IWW_ANG_XX.wav,angry
789,drive/My Drive/Speech Emotion Recognition/data/RAVDESS/03-01-01-01-02-02-21.wav,neutral
790,drive/My Drive/Speech Emotion Recognition/data/CREMA/1045_ITS_HAP_XX.wav,happy
791,drive/My Drive/Speech Emotion Recognition/data/CREMA/1003_TIE_ANG_XX.wav,angry
792,drive/My Drive/Speech Emotion Recognition/data/RAVDESS/03-01-02-02-01-01-21.wav,neutral
793,drive/My Drive/Speech Emotion Recognition/data/CREMA/1005_DFA_HAP_XX.wav,happy
794,drive/My Drive/Speech Emotion Recognition/data/RAVDESS/03-01-03-01-02-01-24.wav,happy
795,drive/My Drive/Speech Emotion Recognition/data/CREMA/1020_ITH_ANG_XX.wav,angry
796,drive/My Drive/Speech Emotion Recognition/data/CREMA/1024_ITH_HAP_XX.wav,happy
797,drive/My Drive/Speech Emotion Recognition/data/CREMA/1052_IOM_NEU_XX.wav,neutral
798,drive/My Drive/Speech Emotion Recognition/data/CREMA/1050_IOM_SAD_XX.wav,sad
799,drive/My Drive/Speech Emotion Recognition/data/CREMA/1029_IWW_SAD_XX.wav,sad
800,drive/My Drive/Speech Emotion Recognition/data/CREMA/1030_MTI_SAD_XX.wav,sad
801,drive/My Drive/Speech Emotion Recognition/data/CREMA/1034_IEO_NEU_XX.wav,neutral
802,drive/My Drive/Speech Emotion Recognition/data/CREMA/1051_IOM_NEU_XX.wav,neutral
803,drive/My Drive/Speech Emotion Recognition/data/CREMA/1026_DFA_HAP_XX.wav,happy
804,drive/My Drive/Speech Emotion Recognition/data/CREMA/1027_IEO_ANG_MD.wav,angry
805,drive/My Drive/Speech Emotion Recognition/data/CREMA/1044_IOM_HAP_XX.wav,happy
806,drive/My Drive/Speech Emotion Recognition/data/CREMA/1064_MTI_HAP_XX.wav,happy
807,drive/My Drive/Speech Emotion Recognition/data/CREMA/1061_ITH_NEU_XX.wav,neutral
808,drive/My Drive/Speech Emotion Recognition/data/CREMA/1005_IWL_HAP_XX.wav,happy
809,drive/My Drive/Speech Emotion Recognition/data/CREMA/1046_IEO_ANG_MD.wav,angry
810,drive/My Drive/Speech Emotion Recognition/data/CREMA/1054_IEO_ANG_MD.wav,angry
811,drive/My Drive/Speech Emotion Recognition/data/CREMA/1021_IOM_NEU_XX.wav,neutral
812,drive/My Drive/Speech Emotion Recognition/data/CREMA/1009_DFA_HAP_XX.wav,happy
813,drive/My Drive/Speech Emotion Recognition/data/CREMA/1061_IOM_HAP_XX.wav,happy
814,drive/My Drive/Speech Emotion Recognition/data/RAVDESS/03-01-02-02-02-02-01.wav,neutral
815,drive/My Drive/Speech Emotion Recognition/data/RAVDESS/03-01-05-02-02-02-24.wav,angry
816,drive/My Drive/Speech Emotion Recognition/data/CREMA/1018_TSI_SAD_XX.wav,sad
817,drive/My Drive/Speech Emotion Recognition/data/CREMA/1008_ITH_ANG_XX.wav,angry
818,drive/My Drive/Speech Emotion Recognition/data/RAVDESS/03-01-03-01-02-01-09.wav,happy
819,drive/My Drive/Speech Emotion Recognition/data/CREMA/1001_ITS_SAD_XX.wav,sad
820,drive/My Drive/Speech Emotion Recognition/data/CREMA/1067_ITS_HAP_XX.wav,happy
821,drive/My Drive/Speech Emotion Recognition/data/CREMA/1005_TIE_ANG_XX.wav,angry
822,drive/My Drive/Speech Emotion Recognition/data/CREMA/1057_TAI_HAP_XX.wav,happy
823,drive/My Drive/Speech Emotion Recognition/data/CREMA/1049_WSI_ANG_XX.wav,angry
824,drive/My Drive/Speech Emotion Recognition/data/CREMA/1052_DFA_HAP_XX.wav,happy
825,drive/My Drive/Speech Emotion Recognition/data/CREMA/1049_DFA_HAP_XX.wav,happy
826,drive/My Drive/Speech Emotion Recognition/data/CREMA/1057_MTI_HAP_XX.wav,happy
827,drive/My Drive/Speech Emotion Recognition/data/CREMA/1036_WSI_HAP_XX.wav,happy
828,drive/My Drive/Speech Emotion Recognition/data/RAVDESS/03-01-05-02-02-01-14.wav,angry
829,drive/My Drive/Speech Emotion Recognition/data/CREMA/1045_IOM_NEU_XX.wav,neutral
830,drive/My Drive/Speech Emotion Recognition/data/CREMA/1017_ITH_NEU_XX.wav,neutral
831,drive/My Drive/Speech Emotion Recognition/data/RAVDESS/03-01-04-02-01-02-17.wav,sad
832,drive/My Drive/Speech Emotion Recognition/data/CREMA/1059_TIE_SAD_XX.wav,sad
833,drive/My Drive/Speech Emotion Recognition/data/CREMA/1011_WSI_ANG_XX.wav,angry
834,drive/My Drive/Speech Emotion Recognition/data/CREMA/1001_ITH_NEU_XX.wav,neutral
835,drive/My Drive/Speech Emotion Recognition/data/CREMA/1037_ITH_ANG_XX.wav,angry
836,drive/My Drive/Speech Emotion Recognition/data/CREMA/1049_ITS_ANG_XX.wav,angry
837,drive/My Drive/Speech Emotion Recognition/data/CREMA/1032_ITH_NEU_XX.wav,neutral
838,drive/My Drive/Speech Emotion Recognition/data/CREMA/1032_IOM_SAD_XX.wav,sad
839,drive/My Drive/Speech Emotion Recognition/data/CREMA/1045_IWW_ANG_XX.wav,angry
840,drive/My Drive/Speech Emotion Recognition/data/CREMA/1003_DFA_ANG_XX.wav,angry
841,drive/My Drive/Speech Emotion Recognition/data/CREMA/1011_TAI_SAD_XX.wav,sad
842,drive/My Drive/Speech Emotion Recognition/data/CREMA/1063_ITH_NEU_XX.wav,neutral
843,drive/My Drive/Speech Emotion Recognition/data/CREMA/1002_DFA_NEU_XX.wav,neutral
844,drive/My Drive/Speech Emotion Recognition/data/CREMA/1059_IWL_HAP_XX.wav,happy
845,drive/My Drive/Speech Emotion Recognition/data/CREMA/1035_MTI_SAD_XX.wav,sad
846,drive/My Drive/Speech Emotion Recognition/data/CREMA/1057_IWW_SAD_XX.wav,sad
847,drive/My Drive/Speech Emotion Recognition/data/CREMA/1008_MTI_SAD_XX.wav,sad
848,drive/My Drive/Speech Emotion Recognition/data/RAVDESS/03-01-02-02-02-01-12.wav,neutral
849,drive/My Drive/Speech Emotion Recognition/data/RAVDESS/03-01-05-02-02-02-05.wav,angry
850,drive/My Drive/Speech Emotion Recognition/data/CREMA/1020_TAI_SAD_XX.wav,sad
851,drive/My Drive/Speech Emotion Recognition/data/CREMA/1056_TSI_HAP_XX.wav,happy
852,drive/My Drive/Speech Emotion Recognition/data/CREMA/1058_ITS_SAD_XX.wav,sad
853,drive/My Drive/Speech Emotion Recognition/data/CREMA/1046_IEO_SAD_HI.wav,sad
854,drive/My Drive/Speech Emotion Recognition/data/CREMA/1056_IEO_HAP_MD.wav,happy
855,drive/My Drive/Speech Emotion Recognition/data/RAVDESS/03-01-05-02-01-02-21.wav,angry
856,drive/My Drive/Speech Emotion Recognition/data/CREMA/1036_TIE_SAD_XX.wav,sad
857,drive/My Drive/Speech Emotion Recognition/data/CREMA/1036_TSI_SAD_XX.wav,sad
858,drive/My Drive/Speech Emotion Recognition/data/CREMA/1036_ITH_NEU_XX.wav,neutral
859,drive/My Drive/Speech Emotion Recognition/data/RAVDESS/03-01-02-01-01-02-20.wav,neutral
860,drive/My Drive/Speech Emotion Recognition/data/CREMA/1061_WSI_HAP_XX.wav,happy
861,drive/My Drive/Speech Emotion Recognition/data/CREMA/1006_ITS_NEU_XX.wav,neutral
862,drive/My Drive/Speech Emotion Recognition/data/RAVDESS/03-01-04-01-02-01-13.wav,sad
863,drive/My Drive/Speech Emotion Recognition/data/CREMA/1017_IEO_SAD_LO.wav,sad
864,drive/My Drive/Speech Emotion Recognition/data/CREMA/1042_IWL_HAP_XX.wav,happy
865,drive/My Drive/Speech Emotion Recognition/data/CREMA/1032_IWW_ANG_XX.wav,angry
866,drive/My Drive/Speech Emotion Recognition/data/CREMA/1035_ITS_NEU_XX.wav,neutral
867,drive/My Drive/Speech Emotion Recognition/data/CREMA/1048_IEO_HAP_LO.wav,happy
868,drive/My Drive/Speech Emotion Recognition/data/CREMA/1019_IEO_ANG_HI.wav,angry
869,drive/My Drive/Speech Emotion Recognition/data/CREMA/1020_MTI_ANG_XX.wav,angry
870,drive/My Drive/Speech Emotion Recognition/data/RAVDESS/03-01-02-01-01-01-09.wav,neutral
871,drive/My Drive/Speech Emotion Recognition/data/CREMA/1046_ITS_ANG_XX.wav,angry
872,drive/My Drive/Speech Emotion Recognition/data/CREMA/1012_DFA_SAD_XX.wav,sad
873,drive/My Drive/Speech Emotion Recognition/data/CREMA/1044_ITH_NEU_XX.wav,neutral
874,drive/My Drive/Speech Emotion Recognition/data/CREMA/1022_ITS_SAD_XX.wav,sad
875,drive/My Drive/Speech Emotion Recognition/data/CREMA/1067_IOM_HAP_XX.wav,happy
876,drive/My Drive/Speech Emotion Recognition/data/RAVDESS/03-01-03-02-02-02-02.wav,happy
877,drive/My Drive/Speech Emotion Recognition/data/RAVDESS/03-01-01-01-02-01-15.wav,neutral
878,drive/My Drive/Speech Emotion Recognition/data/CREMA/1040_ITS_HAP_XX.wav,happy
879,drive/My Drive/Speech Emotion Recognition/data/CREMA/1037_WSI_NEU_XX.wav,neutral
880,drive/My Drive/Speech Emotion Recognition/data/RAVDESS/03-01-03-02-02-02-15.wav,happy
881,drive/My Drive/Speech Emotion Recognition/data/CREMA/1063_TIE_SAD_XX.wav,sad
882,drive/My Drive/Speech Emotion Recognition/data/RAVDESS/03-01-02-01-02-02-11.wav,neutral
883,drive/My Drive/Speech Emotion Recognition/data/CREMA/1056_DFA_SAD_XX.wav,sad
884,drive/My Drive/Speech Emotion Recognition/data/CREMA/1065_TAI_ANG_XX.wav,angry
885,drive/My Drive/Speech Emotion Recognition/data/RAVDESS/03-01-02-01-01-02-14.wav,neutral
886,drive/My Drive/Speech Emotion Recognition/data/CREMA/1009_IEO_HAP_LO.wav,happy
887,drive/My Drive/Speech Emotion Recognition/data/CREMA/1038_DFA_ANG_XX.wav,angry
888,drive/My Drive/Speech Emotion Recognition/data/CREMA/1018_IWL_ANG_XX.wav,angry
889,drive/My Drive/Speech Emotion Recognition/data/CREMA/1060_IOM_HAP_XX.wav,happy
890,drive/My Drive/Speech Emotion Recognition/data/CREMA/1022_WSI_SAD_XX.wav,sad
891,drive/My Drive/Speech Emotion Recognition/data/CREMA/1053_IOM_NEU_XX.wav,neutral
892,drive/My Drive/Speech Emotion Recognition/data/CREMA/1062_IEO_ANG_MD.wav,angry
893,drive/My Drive/Speech Emotion Recognition/data/CREMA/1025_MTI_NEU_XX.wav,neutral
894,drive/My Drive/Speech Emotion Recognition/data/RAVDESS/03-01-03-02-02-02-16.wav,happy
895,drive/My Drive/Speech Emotion Recognition/data/CREMA/1028_MTI_NEU_XX.wav,neutral
896,drive/My Drive/Speech Emotion Recognition/data/CREMA/1028_IEO_ANG_LO.wav,angry
897,drive/My Drive/Speech Emotion Recognition/data/CREMA/1058_DFA_SAD_XX.wav,sad
898,drive/My Drive/Speech Emotion Recognition/data/RAVDESS/03-01-03-01-01-02-05.wav,happy
899,drive/My Drive/Speech Emotion Recognition/data/CREMA/1016_TAI_SAD_XX.wav,sad
900,drive/My Drive/Speech Emotion Recognition/data/CREMA/1057_WSI_ANG_XX.wav,angry
901,drive/My Drive/Speech Emotion Recognition/data/CREMA/1013_TSI_HAP_XX.wav,happy
902,drive/My Drive/Speech Emotion Recognition/data/CREMA/1053_TIE_HAP_XX.wav,happy
903,drive/My Drive/Speech Emotion Recognition/data/RAVDESS/03-01-03-01-02-02-17.wav,happy
904,drive/My Drive/Speech Emotion Recognition/data/CREMA/1017_TAI_NEU_XX.wav,neutral
905,drive/My Drive/Speech Emotion Recognition/data/CREMA/1057_IWL_SAD_XX.wav,sad
906,drive/My Drive/Speech Emotion Recognition/data/CREMA/1062_IEO_HAP_LO.wav,happy
907,drive/My Drive/Speech Emotion Recognition/data/CREMA/1038_ITH_SAD_XX.wav,sad
908,drive/My Drive/Speech Emotion Recognition/data/CREMA/1042_DFA_NEU_XX.wav,neutral
909,drive/My Drive/Speech Emotion Recognition/data/CREMA/1027_IEO_SAD_HI.wav,sad
910,drive/My Drive/Speech Emotion Recognition/data/CREMA/1020_ITS_ANG_XX.wav,angry
911,drive/My Drive/Speech Emotion Recognition/data/CREMA/1008_TAI_HAP_XX.wav,happy
912,drive/My Drive/Speech Emotion Recognition/data/CREMA/1010_IWW_SAD_XX.wav,sad
913,drive/My Drive/Speech Emotion Recognition/data/CREMA/1044_TSI_SAD_XX.wav,sad
914,drive/My Drive/Speech Emotion Recognition/data/CREMA/1012_ITH_SAD_XX.wav,sad
915,drive/My Drive/Speech Emotion Recognition/data/CREMA/1023_TSI_NEU_XX.wav,neutral
916,drive/My Drive/Speech Emotion Recognition/data/CREMA/1012_ITS_ANG_XX.wav,angry
917,drive/My Drive/Speech Emotion Recognition/data/CREMA/1009_IOM_HAP_XX.wav,happy
918,drive/My Drive/Speech Emotion Recognition/data/RAVDESS/03-01-01-01-02-02-19.wav,neutral
919,drive/My Drive/Speech Emotion Recognition/data/RAVDESS/03-01-04-01-01-01-02.wav,sad
920,drive/My Drive/Speech Emotion Recognition/data/CREMA/1031_TSI_NEU_XX.wav,neutral
921,drive/My Drive/Speech Emotion Recognition/data/CREMA/1049_TSI_ANG_XX.wav,angry
922,drive/My Drive/Speech Emotion Recognition/data/CREMA/1053_ITS_SAD_XX.wav,sad
923,drive/My Drive/Speech Emotion Recognition/data/CREMA/1017_IWL_ANG_XX.wav,angry
924,drive/My Drive/Speech Emotion Recognition/data/CREMA/1061_ITH_ANG_XX.wav,angry
925,drive/My Drive/Speech Emotion Recognition/data/CREMA/1061_DFA_HAP_XX.wav,happy
926,drive/My Drive/Speech Emotion Recognition/data/RAVDESS/03-01-02-02-01-01-10.wav,neutral
927,drive/My Drive/Speech Emotion Recognition/data/CREMA/1032_IWW_NEU_XX.wav,neutral
928,drive/My Drive/Speech Emotion Recognition/data/CREMA/1056_IOM_NEU_XX.wav,neutral
929,drive/My Drive/Speech Emotion Recognition/data/CREMA/1064_IEO_ANG_LO.wav,angry
930,drive/My Drive/Speech Emotion Recognition/data/CREMA/1041_DFA_NEU_XX.wav,neutral
931,drive/My Drive/Speech Emotion Recognition/data/CREMA/1047_TAI_SAD_XX.wav,sad
932,drive/My Drive/Speech Emotion Recognition/data/CREMA/1021_TSI_NEU_XX.wav,neutral
933,drive/My Drive/Speech Emotion Recognition/data/CREMA/1013_ITH_HAP_XX.wav,happy
934,drive/My Drive/Speech Emotion Recognition/data/CREMA/1058_TIE_ANG_XX.wav,angry
935,drive/My Drive/Speech Emotion Recognition/data/RAVDESS/03-01-04-02-01-01-17.wav,sad
936,drive/My Drive/Speech Emotion Recognition/data/CREMA/1023_WSI_ANG_XX.wav,angry
937,drive/My Drive/Speech Emotion Recognition/data/CREMA/1001_TAI_HAP_XX.wav,happy
938,drive/My Drive/Speech Emotion Recognition/data/CREMA/1064_TSI_NEU_XX.wav,neutral
939,drive/My Drive/Speech Emotion Recognition/data/RAVDESS/03-01-01-01-01-01-14.wav,neutral
940,drive/My Drive/Speech Emotion Recognition/data/CREMA/1062_WSI_SAD_XX.wav,sad
941,drive/My Drive/Speech Emotion Recognition/data/RAVDESS/03-01-05-01-01-01-22.wav,angry
942,drive/My Drive/Speech Emotion Recognition/data/RAVDESS/03-01-03-02-01-01-23.wav,happy
943,drive/My Drive/Speech Emotion Recognition/data/CREMA/1013_TAI_HAP_XX.wav,happy
944,drive/My Drive/Speech Emotion Recognition/data/CREMA/1055_IEO_ANG_LO.wav,angry
945,drive/My Drive/Speech Emotion Recognition/data/CREMA/1037_ITS_ANG_XX.wav,angry
946,drive/My Drive/Speech Emotion Recognition/data/CREMA/1063_WSI_HAP_XX.wav,happy
947,drive/My Drive/Speech Emotion Recognition/data/CREMA/1019_IWW_NEU_XX.wav,neutral
948,drive/My Drive/Speech Emotion Recognition/data/CREMA/1031_ITH_HAP_XX.wav,happy
949,drive/My Drive/Speech Emotion Recognition/data/CREMA/1021_ITH_NEU_XX.wav,neutral
950,drive/My Drive/Speech Emotion Recognition/data/CREMA/1039_TSI_NEU_XX.wav,neutral
951,drive/My Drive/Speech Emotion Recognition/data/CREMA/1026_TSI_HAP_XX.wav,happy
952,drive/My Drive/Speech Emotion Recognition/data/CREMA/1054_MTI_SAD_XX.wav,sad
953,drive/My Drive/Speech Emotion Recognition/data/CREMA/1054_ITH_SAD_XX.wav,sad
954,drive/My Drive/Speech Emotion Recognition/data/RAVDESS/03-01-04-01-01-01-14.wav,sad
955,drive/My Drive/Speech Emotion Recognition/data/CREMA/1048_WSI_ANG_XX.wav,angry
956,drive/My Drive/Speech Emotion Recognition/data/CREMA/1012_IWW_SAD_XX.wav,sad
957,drive/My Drive/Speech Emotion Recognition/data/CREMA/1038_IWL_HAP_XX.wav,happy
958,drive/My Drive/Speech Emotion Recognition/data/RAVDESS/03-01-02-02-02-02-20.wav,neutral
959,drive/My Drive/Speech Emotion Recognition/data/CREMA/1011_IWW_SAD_XX.wav,sad
960,drive/My Drive/Speech Emotion Recognition/data/CREMA/1024_TAI_HAP_XX.wav,happy
961,drive/My Drive/Speech Emotion Recognition/data/RAVDESS/03-01-01-01-02-02-23.wav,neutral
962,drive/My Drive/Speech Emotion Recognition/data/CREMA/1049_IWL_HAP_XX.wav,happy
963,drive/My Drive/Speech Emotion Recognition/data/CREMA/1019_TSI_ANG_XX.wav,angry
964,drive/My Drive/Speech Emotion Recognition/data/CREMA/1011_IEO_ANG_MD.wav,angry
965,drive/My Drive/Speech Emotion Recognition/data/CREMA/1014_IOM_SAD_XX.wav,sad
966,drive/My Drive/Speech Emotion Recognition/data/CREMA/1053_MTI_HAP_XX.wav,happy
967,drive/My Drive/Speech Emotion Recognition/data/CREMA/1035_ITS_ANG_XX.wav,angry
968,drive/My Drive/Speech Emotion Recognition/data/CREMA/1020_TAI_ANG_XX.wav,angry
969,drive/My Drive/Speech Emotion Recognition/data/CREMA/1018_IEO_ANG_MD.wav,angry
970,drive/My Drive/Speech Emotion Recognition/data/CREMA/1031_TAI_SAD_XX.wav,sad
971,drive/My Drive/Speech Emotion Recognition/data/CREMA/1053_IWW_ANG_XX.wav,angry
972,drive/My Drive/Speech Emotion Recognition/data/RAVDESS/03-01-02-01-02-01-13.wav,neutral
973,drive/My Drive/Speech Emotion Recognition/data/CREMA/1054_IEO_ANG_HI.wav,angry
974,drive/My Drive/Speech Emotion Recognition/data/CREMA/1045_IWW_NEU_XX.wav,neutral
975,drive/My Drive/Speech Emotion Recognition/data/RAVDESS/03-01-04-02-02-02-04.wav,sad
976,drive/My Drive/Speech Emotion Recognition/data/RAVDESS/03-01-02-02-02-02-23.wav,neutral
977,drive/My Drive/Speech Emotion Recognition/data/CREMA/1009_ITS_SAD_XX.wav,sad
978,drive/My Drive/Speech Emotion Recognition/data/RAVDESS/03-01-03-01-01-02-18.wav,happy
979,drive/My Drive/Speech Emotion Recognition/data/CREMA/1013_WSI_HAP_XX.wav,happy
980,drive/My Drive/Speech Emotion Recognition/data/CREMA/1042_IEO_HAP_HI.wav,happy
981,drive/My Drive/Speech Emotion Recognition/data/CREMA/1053_ITH_HAP_XX.wav,happy
982,drive/My Drive/Speech Emotion Recognition/data/RAVDESS/03-01-04-02-01-02-06.wav,sad
983,drive/My Drive/Speech Emotion Recognition/data/RAVDESS/03-01-02-01-01-01-18.wav,neutral
984,drive/My Drive/Speech Emotion Recognition/data/CREMA/1021_TIE_SAD_XX.wav,sad
985,drive/My Drive/Speech Emotion Recognition/data/CREMA/1053_IEO_ANG_HI.wav,angry
986,drive/My Drive/Speech Emotion Recognition/data/RAVDESS/03-01-02-02-02-02-05.wav,neutral
987,drive/My Drive/Speech Emotion Recognition/data/CREMA/1022_DFA_HAP_XX.wav,happy
988,drive/My Drive/Speech Emotion Recognition/data/CREMA/1060_TIE_ANG_XX.wav,angry
989,drive/My Drive/Speech Emotion Recognition/data/RAVDESS/03-01-05-01-01-02-11.wav,angry
990,drive/My Drive/Speech Emotion Recognition/data/CREMA/1056_IWW_HAP_XX.wav,happy
991,drive/My Drive/Speech Emotion Recognition/data/CREMA/1065_DFA_HAP_XX.wav,happy
992,drive/My Drive/Speech Emotion Recognition/data/CREMA/1024_IWL_ANG_XX.wav,angry
993,drive/My Drive/Speech Emotion Recognition/data/CREMA/1042_ITH_HAP_XX.wav,happy
994,drive/My Drive/Speech Emotion Recognition/data/RAVDESS/03-01-02-01-02-02-23.wav,neutral
995,drive/My Drive/Speech Emotion Recognition/data/CREMA/1012_IEO_SAD_LO.wav,sad
996,drive/My Drive/Speech Emotion Recognition/data/CREMA/1017_ITS_HAP_XX.wav,happy
997,drive/My Drive/Speech Emotion Recognition/data/CREMA/1017_IEO_HAP_HI.wav,happy
998,drive/My Drive/Speech Emotion Recognition/data/CREMA/1056_IWW_ANG_XX.wav,angry
999,drive/My Drive/Speech Emotion Recognition/data/CREMA/1059_WSI_NEU_XX.wav,neutral
1000,drive/My Drive/Speech Emotion Recognition/data/CREMA/1048_MTI_ANG_XX.wav,angry
1001,drive/My Drive/Speech Emotion Recognition/data/CREMA/1027_TSI_SAD_XX.wav,sad
1002,drive/My Drive/Speech Emotion Recognition/data/CREMA/1012_DFA_HAP_XX.wav,happy
1003,drive/My Drive/Speech Emotion Recognition/data/CREMA/1057_IEO_NEU_XX.wav,neutral
1004,drive/My Drive/Speech Emotion Recognition/data/RAVDESS/03-01-02-01-02-01-23.wav,neutral
1005,drive/My Drive/Speech Emotion Recognition/data/CREMA/1036_WSI_ANG_XX.wav,angry
1006,drive/My Drive/Speech Emotion Recognition/data/CREMA/1052_TIE_NEU_XX.wav,neutral
1007,drive/My Drive/Speech Emotion Recognition/data/CREMA/1021_IEO_SAD_HI.wav,sad
1008,drive/My Drive/Speech Emotion Recognition/data/CREMA/1056_IEO_SAD_LO.wav,sad
1009,drive/My Drive/Speech Emotion Recognition/data/CREMA/1051_TSI_NEU_XX.wav,neutral
1010,drive/My Drive/Speech Emotion Recognition/data/CREMA/1011_IEO_ANG_LO.wav,angry
1011,drive/My Drive/Speech Emotion Recognition/data/CREMA/1018_DFA_NEU_XX.wav,neutral
1012,drive/My Drive/Speech Emotion Recognition/data/CREMA/1006_IWW_SAD_XX.wav,sad
1013,drive/My Drive/Speech Emotion Recognition/data/CREMA/1010_TAI_ANG_XX.wav,angry
1014,drive/My Drive/Speech Emotion Recognition/data/CREMA/1048_DFA_ANG_XX.wav,angry
1015,drive/My Drive/Speech Emotion Recognition/data/CREMA/1021_IEO_ANG_HI.wav,angry
1016,drive/My Drive/Speech Emotion Recognition/data/RAVDESS/03-01-01-01-02-02-10.wav,neutral
1017,drive/My Drive/Speech Emotion Recognition/data/CREMA/1015_TIE_ANG_XX.wav,angry
1018,drive/My Drive/Speech Emotion Recognition/data/RAVDESS/03-01-02-02-01-02-07.wav,neutral
1019,drive/My Drive/Speech Emotion Recognition/data/CREMA/1033_IWL_SAD_XX.wav,sad
1020,drive/My Drive/Speech Emotion Recognition/data/CREMA/1001_TAI_NEU_XX.wav,neutral
1021,drive/My Drive/Speech Emotion Recognition/data/CREMA/1049_TAI_NEU_XX.wav,neutral
1022,drive/My Drive/Speech Emotion Recognition/data/CREMA/1051_MTI_SAD_XX.wav,sad
1023,drive/My Drive/Speech Emotion Recognition/data/CREMA/1009_ITH_ANG_XX.wav,angry
1024,drive/My Drive/Speech Emotion Recognition/data/CREMA/1056_MTI_HAP_XX.wav,happy
1025,drive/My Drive/Speech Emotion Recognition/data/CREMA/1065_TIE_SAD_XX.wav,sad
1026,drive/My Drive/Speech Emotion Recognition/data/RAVDESS/03-01-03-01-02-02-10.wav,happy
1027,drive/My Drive/Speech Emotion Recognition/data/CREMA/1014_TSI_NEU_XX.wav,neutral
1028,drive/My Drive/Speech Emotion Recognition/data/CREMA/1059_TSI_HAP_XX.wav,happy
1029,drive/My Drive/Speech Emotion Recognition/data/CREMA/1051_WSI_ANG_XX.wav,angry
1030,drive/My Drive/Speech Emotion Recognition/data/CREMA/1033_ITS_HAP_XX.wav,happy
1031,drive/My Drive/Speech Emotion Recognition/data/CREMA/1055_TAI_NEU_XX.wav,neutral
1032,drive/My Drive/Speech Emotion Recognition/data/CREMA/1041_ITS_NEU_XX.wav,neutral
1033,drive/My Drive/Speech Emotion Recognition/data/CREMA/1051_ITS_NEU_XX.wav,neutral
1034,drive/My Drive/Speech Emotion Recognition/data/CREMA/1027_IWL_ANG_XX.wav,angry
1035,drive/My Drive/Speech Emotion Recognition/data/CREMA/1015_TAI_ANG_XX.wav,angry
1036,drive/My Drive/Speech Emotion Recognition/data/CREMA/1013_TSI_ANG_XX.wav,angry
1037,drive/My Drive/Speech Emotion Recognition/data/CREMA/1062_DFA_NEU_XX.wav,neutral
1038,drive/My Drive/Speech Emotion Recognition/data/RAVDESS/03-01-02-02-02-01-09.wav,neutral
1039,drive/My Drive/Speech Emotion Recognition/data/CREMA/1059_TAI_SAD_XX.wav,sad
1040,drive/My Drive/Speech Emotion Recognition/data/CREMA/1015_ITH_SAD_XX.wav,sad
1041,drive/My Drive/Speech Emotion Recognition/data/CREMA/1062_TIE_SAD_XX.wav,sad
1042,drive/My Drive/Speech Emotion Recognition/data/CREMA/1067_IOM_SAD_XX.wav,sad
1043,drive/My Drive/Speech Emotion Recognition/data/CREMA/1028_ITH_ANG_XX.wav,angry
1044,drive/My Drive/Speech Emotion Recognition/data/CREMA/1052_TAI_NEU_XX.wav,neutral
1045,drive/My Drive/Speech Emotion Recognition/data/CREMA/1046_IEO_HAP_MD.wav,happy
1046,drive/My Drive/Speech Emotion Recognition/data/CREMA/1051_MTI_HAP_XX.wav,happy
1047,drive/My Drive/Speech Emotion Recognition/data/CREMA/1005_IWW_NEU_XX.wav,neutral
1048,drive/My Drive/Speech Emotion Recognition/data/RAVDESS/03-01-02-01-01-01-14.wav,neutral
1049,drive/My Drive/Speech Emotion Recognition/data/CREMA/1043_DFA_NEU_XX.wav,neutral
1050,drive/My Drive/Speech Emotion Recognition/data/CREMA/1049_IEO_ANG_HI.wav,angry
1051,drive/My Drive/Speech Emotion Recognition/data/CREMA/1013_IWW_NEU_XX.wav,neutral
1052,drive/My Drive/Speech Emotion Recognition/data/CREMA/1060_MTI_ANG_XX.wav,angry
1053,drive/My Drive/Speech Emotion Recognition/data/CREMA/1052_IEO_HAP_LO.wav,happy
1054,drive/My Drive/Speech Emotion Recognition/data/CREMA/1005_IEO_SAD_LO.wav,sad
1055,drive/My Drive/Speech Emotion Recognition/data/CREMA/1023_DFA_ANG_XX.wav,angry
1056,drive/My Drive/Speech Emotion Recognition/data/CREMA/1044_MTI_NEU_XX.wav,neutral
1057,drive/My Drive/Speech Emotion Recognition/data/CREMA/1057_TAI_ANG_XX.wav,angry
1058,drive/My Drive/Speech Emotion Recognition/data/CREMA/1048_TSI_ANG_XX.wav,angry
1059,drive/My Drive/Speech Emotion Recognition/data/CREMA/1047_WSI_HAP_XX.wav,happy
1060,drive/My Drive/Speech Emotion Recognition/data/RAVDESS/03-01-02-01-01-01-17.wav,neutral
1061,drive/My Drive/Speech Emotion Recognition/data/CREMA/1060_DFA_SAD_XX.wav,sad
1062,drive/My Drive/Speech Emotion Recognition/data/CREMA/1051_ITS_SAD_XX.wav,sad
1063,drive/My Drive/Speech Emotion Recognition/data/CREMA/1059_DFA_SAD_XX.wav,sad
1064,drive/My Drive/Speech Emotion Recognition/data/CREMA/1064_ITH_ANG_XX.wav,angry
1065,drive/My Drive/Speech Emotion Recognition/data/CREMA/1022_TAI_SAD_XX.wav,sad
1066,drive/My Drive/Speech Emotion Recognition/data/CREMA/1054_ITH_NEU_XX.wav,neutral
1067,drive/My Drive/Speech Emotion Recognition/data/CREMA/1008_MTI_HAP_XX.wav,happy
1068,drive/My Drive/Speech Emotion Recognition/data/CREMA/1051_IEO_ANG_LO.wav,angry
1069,drive/My Drive/Speech Emotion Recognition/data/CREMA/1023_DFA_NEU_XX.wav,neutral
1070,drive/My Drive/Speech Emotion Recognition/data/RAVDESS/03-01-04-01-01-01-04.wav,sad
1071,drive/My Drive/Speech Emotion Recognition/data/CREMA/1038_TAI_ANG_XX.wav,angry
1072,drive/My Drive/Speech Emotion Recognition/data/RAVDESS/03-01-02-02-02-01-23.wav,neutral
1073,drive/My Drive/Speech Emotion Recognition/data/CREMA/1042_ITS_ANG_XX.wav,angry
1074,drive/My Drive/Speech Emotion Recognition/data/CREMA/1034_MTI_NEU_XX.wav,neutral
1075,drive/My Drive/Speech Emotion Recognition/data/RAVDESS/03-01-03-02-01-01-10.wav,happy
1076,drive/My Drive/Speech Emotion Recognition/data/CREMA/1002_ITS_ANG_XX.wav,angry
1077,drive/My Drive/Speech Emotion Recognition/data/CREMA/1023_ITS_HAP_XX.wav,happy
1078,drive/My Drive/Speech Emotion Recognition/data/CREMA/1067_IEO_HAP_HI.wav,happy
1079,drive/My Drive/Speech Emotion Recognition/data/CREMA/1064_ITS_NEU_XX.wav,neutral
1080,drive/My Drive/Speech Emotion Recognition/data/CREMA/1027_IEO_HAP_HI.wav,happy
1081,drive/My Drive/Speech Emotion Recognition/data/CREMA/1037_IWL_NEU_XX.wav,neutral
1082,drive/My Drive/Speech Emotion Recognition/data/CREMA/1034_ITH_HAP_XX.wav,happy
1083,drive/My Drive/Speech Emotion Recognition/data/RAVDESS/03-01-04-02-02-02-24.wav,sad
1084,drive/My Drive/Speech Emotion Recognition/data/CREMA/1052_IOM_ANG_XX.wav,angry
1085,drive/My Drive/Speech Emotion Recognition/data/CREMA/1048_IOM_HAP_XX.wav,happy
1086,drive/My Drive/Speech Emotion Recognition/data/CREMA/1057_TAI_NEU_XX.wav,neutral
1087,drive/My Drive/Speech Emotion Recognition/data/CREMA/1030_IOM_NEU_XX.wav,neutral
1088,drive/My Drive/Speech Emotion Recognition/data/CREMA/1034_WSI_NEU_XX.wav,neutral
1089,drive/My Drive/Speech Emotion Recognition/data/CREMA/1062_IWL_SAD_XX.wav,sad
1090,drive/My Drive/Speech Emotion Recognition/data/CREMA/1062_ITS_ANG_XX.wav,angry
1091,drive/My Drive/Speech Emotion Recognition/data/CREMA/1042_MTI_NEU_XX.wav,neutral
1092,drive/My Drive/Speech Emotion Recognition/data/CREMA/1063_IWW_NEU_XX.wav,neutral
1093,drive/My Drive/Speech Emotion Recognition/data/CREMA/1032_MTI_HAP_XX.wav,happy
1094,drive/My Drive/Speech Emotion Recognition/data/CREMA/1016_IEO_SAD_HI.wav,sad
1095,drive/My Drive/Speech Emotion Recognition/data/CREMA/1016_TAI_HAP_XX.wav,happy
1096,drive/My Drive/Speech Emotion Recognition/data/CREMA/1003_ITS_SAD_XX.wav,sad
1097,drive/My Drive/Speech Emotion Recognition/data/CREMA/1057_IWL_NEU_XX.wav,neutral
1098,drive/My Drive/Speech Emotion Recognition/data/RAVDESS/03-01-03-01-01-02-22.wav,happy
1099,drive/My Drive/Speech Emotion Recognition/data/CREMA/1042_TSI_SAD_XX.wav,sad
1100,drive/My Drive/Speech Emotion Recognition/data/CREMA/1036_WSI_NEU_XX.wav,neutral
1101,drive/My Drive/Speech Emotion Recognition/data/RAVDESS/03-01-04-01-01-02-15.wav,sad
1102,drive/My Drive/Speech Emotion Recognition/data/CREMA/1016_IEO_ANG_LO.wav,angry
1103,drive/My Drive/Speech Emotion Recognition/data/CREMA/1063_IWL_NEU_XX.wav,neutral
1104,drive/My Drive/Speech Emotion Recognition/data/CREMA/1035_ITH_ANG_XX.wav,angry
1105,drive/My Drive/Speech Emotion Recognition/data/RAVDESS/03-01-02-02-02-01-06.wav,neutral
1106,drive/My Drive/Speech Emotion Recognition/data/CREMA/1035_ITH_HAP_XX.wav,happy
1107,drive/My Drive/Speech Emotion Recognition/data/CREMA/1003_IWL_ANG_XX.wav,angry
1108,drive/My Drive/Speech Emotion Recognition/data/CREMA/1009_DFA_SAD_XX.wav,sad
1109,drive/My Drive/Speech Emotion Recognition/data/RAVDESS/03-01-01-01-01-01-07.wav,neutral
1110,drive/My Drive/Speech Emotion Recognition/data/RAVDESS/03-01-03-02-02-02-24.wav,happy
1111,drive/My Drive/Speech Emotion Recognition/data/CREMA/1039_ITH_HAP_XX.wav,happy
1112,drive/My Drive/Speech Emotion Recognition/data/CREMA/1038_IWL_NEU_XX.wav,neutral
1113,drive/My Drive/Speech Emotion Recognition/data/CREMA/1022_IWL_NEU_XX.wav,neutral
1114,drive/My Drive/Speech Emotion Recognition/data/CREMA/1040_IWL_SAD_XX.wav,sad
1115,drive/My Drive/Speech Emotion Recognition/data/CREMA/1036_IWW_ANG_XX.wav,angry
1116,drive/My Drive/Speech Emotion Recognition/data/CREMA/1044_IWW_HAP_XX.wav,happy
1117,drive/My Drive/Speech Emotion Recognition/data/CREMA/1038_ITH_HAP_XX.wav,happy
1118,drive/My Drive/Speech Emotion Recognition/data/CREMA/1026_TIE_ANG_XX.wav,angry
1119,drive/My Drive/Speech Emotion Recognition/data/CREMA/1007_IWL_NEU_XX.wav,neutral
1120,drive/My Drive/Speech Emotion Recognition/data/RAVDESS/03-01-02-01-02-02-22.wav,neutral
1121,drive/My Drive/Speech Emotion Recognition/data/RAVDESS/03-01-01-01-02-01-07.wav,neutral
1122,drive/My Drive/Speech Emotion Recognition/data/CREMA/1066_MTI_NEU_XX.wav,neutral
1123,drive/My Drive/Speech Emotion Recognition/data/RAVDESS/03-01-04-01-01-02-01.wav,sad
1124,drive/My Drive/Speech Emotion Recognition/data/CREMA/1037_DFA_ANG_XX.wav,angry
1125,drive/My Drive/Speech Emotion Recognition/data/CREMA/1031_DFA_NEU_XX.wav,neutral
1126,drive/My Drive/Speech Emotion Recognition/data/CREMA/1045_ITH_ANG_XX.wav,angry
1127,drive/My Drive/Speech Emotion Recognition/data/CREMA/1009_IWL_ANG_XX.wav,angry
1128,drive/My Drive/Speech Emotion Recognition/data/CREMA/1061_IWL_SAD_XX.wav,sad
1129,drive/My Drive/Speech Emotion Recognition/data/CREMA/1062_IWL_HAP_XX.wav,happy
1130,drive/My Drive/Speech Emotion Recognition/data/RAVDESS/03-01-02-02-02-02-22.wav,neutral
1131,drive/My Drive/Speech Emotion Recognition/data/CREMA/1026_IWW_SAD_XX.wav,sad
1132,drive/My Drive/Speech Emotion Recognition/data/CREMA/1041_ITS_ANG_XX.wav,angry
1133,drive/My Drive/Speech Emotion Recognition/data/CREMA/1042_TIE_HAP_XX.wav,happy
1134,drive/My Drive/Speech Emotion Recognition/data/RAVDESS/03-01-04-02-02-02-11.wav,sad
1135,drive/My Drive/Speech Emotion Recognition/data/CREMA/1050_IOM_HAP_XX.wav,happy
1136,drive/My Drive/Speech Emotion Recognition/data/CREMA/1033_IOM_HAP_XX.wav,happy
1137,drive/My Drive/Speech Emotion Recognition/data/CREMA/1063_MTI_NEU_XX.wav,neutral
1138,drive/My Drive/Speech Emotion Recognition/data/RAVDESS/03-01-03-01-02-01-13.wav,happy
1139,drive/My Drive/Speech Emotion Recognition/data/CREMA/1059_TSI_ANG_XX.wav,angry
1140,drive/My Drive/Speech Emotion Recognition/data/RAVDESS/03-01-03-01-01-02-13.wav,happy
1141,drive/My Drive/Speech Emotion Recognition/data/RAVDESS/03-01-04-02-01-02-07.wav,sad
1142,drive/My Drive/Speech Emotion Recognition/data/RAVDESS/03-01-05-01-01-02-06.wav,angry
1143,drive/My Drive/Speech Emotion Recognition/data/CREMA/1015_IEO_SAD_HI.wav,sad
1144,drive/My Drive/Speech Emotion Recognition/data/RAVDESS/03-01-03-01-02-02-24.wav,happy
1145,drive/My Drive/Speech Emotion Recognition/data/CREMA/1065_TAI_NEU_XX.wav,neutral
1146,drive/My Drive/Speech Emotion Recognition/data/CREMA/1032_IWW_HAP_XX.wav,happy
1147,drive/My Drive/Speech Emotion Recognition/data/CREMA/1002_TSI_NEU_XX.wav,neutral
1148,drive/My Drive/Speech Emotion Recognition/data/RAVDESS/03-01-05-02-01-02-12.wav,angry
1149,drive/My Drive/Speech Emotion Recognition/data/CREMA/1059_IEO_SAD_MD.wav,sad
1150,drive/My Drive/Speech Emotion Recognition/data/CREMA/1031_IOM_NEU_XX.wav,neutral
1151,drive/My Drive/Speech Emotion Recognition/data/CREMA/1050_IEO_SAD_HI.wav,sad
1152,drive/My Drive/Speech Emotion Recognition/data/CREMA/1056_MTI_NEU_XX.wav,neutral
1153,drive/My Drive/Speech Emotion Recognition/data/RAVDESS/03-01-05-01-02-02-22.wav,angry
1154,drive/My Drive/Speech Emotion Recognition/data/CREMA/1030_ITS_NEU_XX.wav,neutral
1155,drive/My Drive/Speech Emotion Recognition/data/CREMA/1064_WSI_ANG_XX.wav,angry
1156,drive/My Drive/Speech Emotion Recognition/data/CREMA/1013_IOM_ANG_XX.wav,angry
1157,drive/My Drive/Speech Emotion Recognition/data/CREMA/1009_IWL_HAP_XX.wav,happy
1158,drive/My Drive/Speech Emotion Recognition/data/CREMA/1064_IWL_NEU_XX.wav,neutral
1159,drive/My Drive/Speech Emotion Recognition/data/CREMA/1044_TAI_ANG_XX.wav,angry
1160,drive/My Drive/Speech Emotion Recognition/data/CREMA/1061_ITS_SAD_XX.wav,sad
1161,drive/My Drive/Speech Emotion Recognition/data/CREMA/1065_IOM_ANG_XX.wav,angry
1162,drive/My Drive/Speech Emotion Recognition/data/CREMA/1047_DFA_ANG_XX.wav,angry
1163,drive/My Drive/Speech Emotion Recognition/data/RAVDESS/03-01-01-01-01-02-24.wav,neutral
1164,drive/My Drive/Speech Emotion Recognition/data/RAVDESS/03-01-01-01-01-02-07.wav,neutral
1165,drive/My Drive/Speech Emotion Recognition/data/CREMA/1058_DFA_ANG_XX.wav,angry
1166,drive/My Drive/Speech Emotion Recognition/data/CREMA/1065_IEO_ANG_HI.wav,angry
1167,drive/My Drive/Speech Emotion Recognition/data/CREMA/1046_ITH_HAP_XX.wav,happy
1168,drive/My Drive/Speech Emotion Recognition/data/CREMA/1052_IEO_ANG_LO.wav,angry
1169,drive/My Drive/Speech Emotion Recognition/data/RAVDESS/03-01-02-02-02-02-13.wav,neutral
1170,drive/My Drive/Speech Emotion Recognition/data/RAVDESS/03-01-02-02-02-01-04.wav,neutral
1171,drive/My Drive/Speech Emotion Recognition/data/RAVDESS/03-01-03-02-01-02-16.wav,happy
1172,drive/My Drive/Speech Emotion Recognition/data/CREMA/1027_DFA_HAP_XX.wav,happy
1173,drive/My Drive/Speech Emotion Recognition/data/RAVDESS/03-01-01-01-02-01-23.wav,neutral
1174,drive/My Drive/Speech Emotion Recognition/data/CREMA/1049_IOM_HAP_XX.wav,happy
1175,drive/My Drive/Speech Emotion Recognition/data/CREMA/1019_MTI_HAP_XX.wav,happy
1176,drive/My Drive/Speech Emotion Recognition/data/RAVDESS/03-01-02-02-02-02-16.wav,neutral
1177,drive/My Drive/Speech Emotion Recognition/data/CREMA/1013_IWL_NEU_XX.wav,neutral
1178,drive/My Drive/Speech Emotion Recognition/data/RAVDESS/03-01-03-02-02-02-22.wav,happy
1179,drive/My Drive/Speech Emotion Recognition/data/CREMA/1046_ITS_HAP_XX.wav,happy
1180,drive/My Drive/Speech Emotion Recognition/data/CREMA/1015_TSI_HAP_XX.wav,happy
1181,drive/My Drive/Speech Emotion Recognition/data/CREMA/1006_IEO_HAP_HI.wav,happy
1182,drive/My Drive/Speech Emotion Recognition/data/CREMA/1028_MTI_SAD_XX.wav,sad
1183,drive/My Drive/Speech Emotion Recognition/data/CREMA/1019_TAI_HAP_XX.wav,happy
1184,drive/My Drive/Speech Emotion Recognition/data/CREMA/1016_IEO_HAP_HI.wav,happy
1185,drive/My Drive/Speech Emotion Recognition/data/CREMA/1038_ITS_ANG_XX.wav,angry
1186,drive/My Drive/Speech Emotion Recognition/data/CREMA/1046_MTI_SAD_XX.wav,sad
1187,drive/My Drive/Speech Emotion Recognition/data/CREMA/1067_IEO_ANG_HI.wav,angry
1188,drive/My Drive/Speech Emotion Recognition/data/RAVDESS/03-01-03-01-02-01-04.wav,happy
1189,drive/My Drive/Speech Emotion Recognition/data/RAVDESS/03-01-04-01-02-01-14.wav,sad
1190,drive/My Drive/Speech Emotion Recognition/data/CREMA/1030_TSI_HAP_XX.wav,happy
1191,drive/My Drive/Speech Emotion Recognition/data/RAVDESS/03-01-05-01-02-02-04.wav,angry
1192,drive/My Drive/Speech Emotion Recognition/data/RAVDESS/03-01-01-01-02-01-19.wav,neutral
1193,drive/My Drive/Speech Emotion Recognition/data/CREMA/1016_DFA_SAD_XX.wav,sad
1194,drive/My Drive/Speech Emotion Recognition/data/CREMA/1038_MTI_SAD_XX.wav,sad
1195,drive/My Drive/Speech Emotion Recognition/data/CREMA/1053_IOM_HAP_XX.wav,happy
1196,drive/My Drive/Speech Emotion Recognition/data/CREMA/1039_ITS_NEU_XX.wav,neutral
1197,drive/My Drive/Speech Emotion Recognition/data/RAVDESS/03-01-02-02-01-02-11.wav,neutral
1198,drive/My Drive/Speech Emotion Recognition/data/RAVDESS/03-01-02-01-01-01-22.wav,neutral
1199,drive/My Drive/Speech Emotion Recognition/data/CREMA/1047_IOM_SAD_XX.wav,sad
1200,drive/My Drive/Speech Emotion Recognition/data/CREMA/1005_IOM_HAP_XX.wav,happy
1201,drive/My Drive/Speech Emotion Recognition/data/CREMA/1055_ITH_NEU_XX.wav,neutral
1202,drive/My Drive/Speech Emotion Recognition/data/CREMA/1062_TAI_ANG_XX.wav,angry
1203,drive/My Drive/Speech Emotion Recognition/data/CREMA/1031_TIE_SAD_XX.wav,sad
1204,drive/My Drive/Speech Emotion Recognition/data/CREMA/1050_IOM_NEU_XX.wav,neutral
1205,drive/My Drive/Speech Emotion Recognition/data/CREMA/1037_DFA_HAP_XX.wav,happy
1206,drive/My Drive/Speech Emotion Recognition/data/CREMA/1004_TIE_NEU_XX.wav,neutral
1207,drive/My Drive/Speech Emotion Recognition/data/CREMA/1028_IOM_NEU_XX.wav,neutral
1208,drive/My Drive/Speech Emotion Recognition/data/CREMA/1021_IWW_NEU_XX.wav,neutral
1209,drive/My Drive/Speech Emotion Recognition/data/RAVDESS/03-01-02-01-02-01-01.wav,neutral
1210,drive/My Drive/Speech Emotion Recognition/data/CREMA/1018_IOM_HAP_XX.wav,happy
1211,drive/My Drive/Speech Emotion Recognition/data/CREMA/1003_WSI_ANG_XX.wav,angry
1212,drive/My Drive/Speech Emotion Recognition/data/CREMA/1012_IWL_ANG_XX.wav,angry
1213,drive/My Drive/Speech Emotion Recognition/data/CREMA/1004_IEO_NEU_XX.wav,neutral
1214,drive/My Drive/Speech Emotion Recognition/data/CREMA/1044_TSI_HAP_XX.wav,happy
1215,drive/My Drive/Speech Emotion Recognition/data/CREMA/1012_TSI_NEU_XX.wav,neutral
1216,drive/My Drive/Speech Emotion Recognition/data/CREMA/1002_IEO_SAD_HI.wav,sad
1217,drive/My Drive/Speech Emotion Recognition/data/CREMA/1023_ITH_ANG_XX.wav,angry
1218,drive/My Drive/Speech Emotion Recognition/data/RAVDESS/03-01-03-02-01-01-12.wav,happy
1219,drive/My Drive/Speech Emotion Recognition/data/CREMA/1027_ITH_NEU_XX.wav,neutral
1220,drive/My Drive/Speech Emotion Recognition/data/RAVDESS/03-01-02-02-02-02-24.wav,neutral
1221,drive/My Drive/Speech Emotion Recognition/data/CREMA/1007_TAI_ANG_XX.wav,angry
1222,drive/My Drive/Speech Emotion Recognition/data/CREMA/1063_DFA_SAD_XX.wav,sad
1223,drive/My Drive/Speech Emotion Recognition/data/CREMA/1037_IWL_SAD_XX.wav,sad
1224,drive/My Drive/Speech Emotion Recognition/data/CREMA/1003_DFA_SAD_XX.wav,sad
1225,drive/My Drive/Speech Emotion Recognition/data/CREMA/1041_DFA_ANG_XX.wav,angry
1226,drive/My Drive/Speech Emotion Recognition/data/CREMA/1001_TIE_ANG_XX.wav,angry
1227,drive/My Drive/Speech Emotion Recognition/data/CREMA/1006_MTI_NEU_XX.wav,neutral
1228,drive/My Drive/Speech Emotion Recognition/data/CREMA/1061_TSI_SAD_XX.wav,sad
1229,drive/My Drive/Speech Emotion Recognition/data/CREMA/1056_WSI_ANG_XX.wav,angry
1230,drive/My Drive/Speech Emotion Recognition/data/RAVDESS/03-01-05-02-02-02-22.wav,angry
1231,drive/My Drive/Speech Emotion Recognition/data/CREMA/1012_TAI_SAD_XX.wav,sad
1232,drive/My Drive/Speech Emotion Recognition/data/CREMA/1007_ITS_SAD_XX.wav,sad
1233,drive/My Drive/Speech Emotion Recognition/data/RAVDESS/03-01-05-01-01-01-16.wav,angry
1234,drive/My Drive/Speech Emotion Recognition/data/CREMA/1038_WSI_SAD_XX.wav,sad
1235,drive/My Drive/Speech Emotion Recognition/data/CREMA/1045_WSI_NEU_XX.wav,neutral
1236,drive/My Drive/Speech Emotion Recognition/data/CREMA/1031_IEO_ANG_MD.wav,angry
1237,drive/My Drive/Speech Emotion Recognition/data/CREMA/1010_MTI_SAD_XX.wav,sad
1238,drive/My Drive/Speech Emotion Recognition/data/CREMA/1007_TAI_NEU_XX.wav,neutral
1239,drive/My Drive/Speech Emotion Recognition/data/CREMA/1045_IEO_SAD_HI.wav,sad
1240,drive/My Drive/Speech Emotion Recognition/data/CREMA/1060_WSI_SAD_XX.wav,sad
1241,drive/My Drive/Speech Emotion Recognition/data/CREMA/1055_ITS_HAP_XX.wav,happy
1242,drive/My Drive/Speech Emotion Recognition/data/CREMA/1040_IEO_ANG_MD.wav,angry
1243,drive/My Drive/Speech Emotion Recognition/data/CREMA/1007_TSI_NEU_XX.wav,neutral
1244,drive/My Drive/Speech Emotion Recognition/data/CREMA/1052_IEO_ANG_HI.wav,angry
1245,drive/My Drive/Speech Emotion Recognition/data/CREMA/1037_ITH_SAD_XX.wav,sad
1246,drive/My Drive/Speech Emotion Recognition/data/CREMA/1012_TSI_HAP_XX.wav,happy
1247,drive/My Drive/Speech Emotion Recognition/data/RAVDESS/03-01-02-01-01-01-10.wav,neutral
1248,drive/My Drive/Speech Emotion Recognition/data/CREMA/1034_IOM_NEU_XX.wav,neutral
1249,drive/My Drive/Speech Emotion Recognition/data/CREMA/1041_WSI_HAP_XX.wav,happy
1250,drive/My Drive/Speech Emotion Recognition/data/RAVDESS/03-01-05-01-02-02-20.wav,angry
1251,drive/My Drive/Speech Emotion Recognition/data/CREMA/1015_IOM_SAD_XX.wav,sad
1252,drive/My Drive/Speech Emotion Recognition/data/CREMA/1051_IWW_SAD_XX.wav,sad
1253,drive/My Drive/Speech Emotion Recognition/data/CREMA/1003_TSI_ANG_XX.wav,angry
1254,drive/My Drive/Speech Emotion Recognition/data/CREMA/1067_DFA_NEU_XX.wav,neutral
1255,drive/My Drive/Speech Emotion Recognition/data/CREMA/1038_IWW_SAD_XX.wav,sad
1256,drive/My Drive/Speech Emotion Recognition/data/CREMA/1046_TSI_HAP_XX.wav,happy
1257,drive/My Drive/Speech Emotion Recognition/data/CREMA/1012_ITS_NEU_XX.wav,neutral
1258,drive/My Drive/Speech Emotion Recognition/data/CREMA/1057_IEO_HAP_LO.wav,happy
1259,drive/My Drive/Speech Emotion Recognition/data/CREMA/1058_IEO_ANG_HI.wav,angry
1260,drive/My Drive/Speech Emotion Recognition/data/CREMA/1039_IWL_NEU_XX.wav,neutral
1261,drive/My Drive/Speech Emotion Recognition/data/RAVDESS/03-01-02-02-02-02-18.wav,neutral
1262,drive/My Drive/Speech Emotion Recognition/data/CREMA/1033_ITS_NEU_XX.wav,neutral
1263,drive/My Drive/Speech Emotion Recognition/data/CREMA/1002_TSI_SAD_XX.wav,sad
1264,drive/My Drive/Speech Emotion Recognition/data/RAVDESS/03-01-03-02-02-02-01.wav,happy
1265,drive/My Drive/Speech Emotion Recognition/data/RAVDESS/03-01-04-02-01-02-14.wav,sad
1266,drive/My Drive/Speech Emotion Recognition/data/RAVDESS/03-01-01-01-01-01-06.wav,neutral
1267,drive/My Drive/Speech Emotion Recognition/data/CREMA/1053_IWW_NEU_XX.wav,neutral
1268,drive/My Drive/Speech Emotion Recognition/data/CREMA/1003_DFA_HAP_XX.wav,happy
1269,drive/My Drive/Speech Emotion Recognition/data/CREMA/1042_IOM_HAP_XX.wav,happy
1270,drive/My Drive/Speech Emotion Recognition/data/CREMA/1022_IEO_HAP_LO.wav,happy
1271,drive/My Drive/Speech Emotion Recognition/data/CREMA/1001_TAI_SAD_XX.wav,sad
1272,drive/My Drive/Speech Emotion Recognition/data/RAVDESS/03-01-02-02-02-01-18.wav,neutral
1273,drive/My Drive/Speech Emotion Recognition/data/CREMA/1034_IWL_HAP_XX.wav,happy
1274,drive/My Drive/Speech Emotion Recognition/data/CREMA/1006_TSI_ANG_XX.wav,angry
1275,drive/My Drive/Speech Emotion Recognition/data/CREMA/1019_DFA_ANG_XX.wav,angry
1276,drive/My Drive/Speech Emotion Recognition/data/CREMA/1011_TSI_HAP_XX.wav,happy
1277,drive/My Drive/Speech Emotion Recognition/data/CREMA/1057_ITH_NEU_XX.wav,neutral
1278,drive/My Drive/Speech Emotion Recognition/data/CREMA/1040_IWW_HAP_XX.wav,happy
1279,drive/My Drive/Speech Emotion Recognition/data/CREMA/1045_DFA_SAD_XX.wav,sad
1280,drive/My Drive/Speech Emotion Recognition/data/CREMA/1041_TAI_HAP_XX.wav,happy
1281,drive/My Drive/Speech Emotion Recognition/data/CREMA/1047_ITS_HAP_XX.wav,happy
1282,drive/My Drive/Speech Emotion Recognition/data/CREMA/1030_TIE_SAD_XX.wav,sad
1283,drive/My Drive/Speech Emotion Recognition/data/CREMA/1061_TSI_NEU_XX.wav,neutral
1284,drive/My Drive/Speech Emotion Recognition/data/RAVDESS/03-01-02-02-01-01-11.wav,neutral
1285,drive/My Drive/Speech Emotion Recognition/data/CREMA/1011_ITS_ANG_XX.wav,angry
1286,drive/My Drive/Speech Emotion Recognition/data/CREMA/1013_TAI_ANG_XX.wav,angry
1287,drive/My Drive/Speech Emotion Recognition/data/RAVDESS/03-01-03-01-02-02-15.wav,happy
1288,drive/My Drive/Speech Emotion Recognition/data/RAVDESS/03-01-02-01-02-01-10.wav,neutral
1289,drive/My Drive/Speech Emotion Recognition/data/CREMA/1057_IEO_HAP_HI.wav,happy
1290,drive/My Drive/Speech Emotion Recognition/data/CREMA/1055_ITH_HAP_XX.wav,happy
1291,drive/My Drive/Speech Emotion Recognition/data/CREMA/1010_IEO_NEU_XX.wav,neutral
1292,drive/My Drive/Speech Emotion Recognition/data/RAVDESS/03-01-02-02-01-01-18.wav,neutral
1293,drive/My Drive/Speech Emotion Recognition/data/CREMA/1026_IWL_NEU_XX.wav,neutral
1294,drive/My Drive/Speech Emotion Recognition/data/CREMA/1007_IWL_SAD_XX.wav,sad
1295,drive/My Drive/Speech Emotion Recognition/data/CREMA/1049_ITH_HAP_XX.wav,happy
1296,drive/My Drive/Speech Emotion Recognition/data/CREMA/1050_TIE_SAD_XX.wav,sad
1297,drive/My Drive/Speech Emotion Recognition/data/RAVDESS/03-01-04-01-02-01-05.wav,sad
1298,drive/My Drive/Speech Emotion Recognition/data/CREMA/1014_IOM_ANG_XX.wav,angry
1299,drive/My Drive/Speech Emotion Recognition/data/CREMA/1059_MTI_NEU_XX.wav,neutral
1300,drive/My Drive/Speech Emotion Recognition/data/CREMA/1019_TAI_ANG_XX.wav,angry
1301,drive/My Drive/Speech Emotion Recognition/data/CREMA/1043_ITH_NEU_XX.wav,neutral
1302,drive/My Drive/Speech Emotion Recognition/data/CREMA/1002_ITH_ANG_XX.wav,angry
1303,drive/My Drive/Speech Emotion Recognition/data/CREMA/1050_ITS_SAD_XX.wav,sad
1304,drive/My Drive/Speech Emotion Recognition/data/CREMA/1018_MTI_NEU_XX.wav,neutral
1305,drive/My Drive/Speech Emotion Recognition/data/CREMA/1011_IEO_HAP_HI.wav,happy
1306,drive/My Drive/Speech Emotion Recognition/data/CREMA/1062_TIE_ANG_XX.wav,angry
1307,drive/My Drive/Speech Emotion Recognition/data/RAVDESS/03-01-02-02-02-01-01.wav,neutral
1308,drive/My Drive/Speech Emotion Recognition/data/CREMA/1029_DFA_ANG_XX.wav,angry
1309,drive/My Drive/Speech Emotion Recognition/data/CREMA/1051_MTI_NEU_XX.wav,neutral
1310,drive/My Drive/Speech Emotion Recognition/data/CREMA/1013_DFA_NEU_XX.wav,neutral
1311,drive/My Drive/Speech Emotion Recognition/data/CREMA/1045_ITH_SAD_XX.wav,sad
1312,drive/My Drive/Speech Emotion Recognition/data/CREMA/1053_IEO_ANG_MD.wav,angry
1313,drive/My Drive/Speech Emotion Recognition/data/CREMA/1056_IEO_SAD_MD.wav,sad
1314,drive/My Drive/Speech Emotion Recognition/data/CREMA/1033_MTI_NEU_XX.wav,neutral
1315,drive/My Drive/Speech Emotion Recognition/data/RAVDESS/03-01-03-01-02-02-20.wav,happy
1316,drive/My Drive/Speech Emotion Recognition/data/CREMA/1005_TIE_SAD_XX.wav,sad
1317,drive/My Drive/Speech Emotion Recognition/data/CREMA/1043_ITS_SAD_XX.wav,sad
1318,drive/My Drive/Speech Emotion Recognition/data/RAVDESS/03-01-03-01-02-02-04.wav,happy
1319,drive/My Drive/Speech Emotion Recognition/data/CREMA/1047_TSI_ANG_XX.wav,angry
1320,drive/My Drive/Speech Emotion Recognition/data/CREMA/1054_WSI_ANG_XX.wav,angry
1321,drive/My Drive/Speech Emotion Recognition/data/CREMA/1059_IOM_SAD_XX.wav,sad
1322,drive/My Drive/Speech Emotion Recognition/data/RAVDESS/03-01-02-02-02-01-21.wav,neutral
1323,drive/My Drive/Speech Emotion Recognition/data/CREMA/1024_IWL_HAP_XX.wav,happy
1324,drive/My Drive/Speech Emotion Recognition/data/CREMA/1048_ITS_ANG_XX.wav,angry
1325,drive/My Drive/Speech Emotion Recognition/data/CREMA/1015_IOM_HAP_XX.wav,happy
1326,drive/My Drive/Speech Emotion Recognition/data/CREMA/1028_ITH_HAP_XX.wav,happy
1327,drive/My Drive/Speech Emotion Recognition/data/RAVDESS/03-01-05-02-01-02-08.wav,angry
1328,drive/My Drive/Speech Emotion Recognition/data/CREMA/1007_IWW_ANG_XX.wav,angry
1329,drive/My Drive/Speech Emotion Recognition/data/CREMA/1025_DFA_ANG_XX.wav,angry
1330,drive/My Drive/Speech Emotion Recognition/data/CREMA/1054_TSI_NEU_XX.wav,neutral
1331,drive/My Drive/Speech Emotion Recognition/data/CREMA/1025_WSI_NEU_XX.wav,neutral
1332,drive/My Drive/Speech Emotion Recognition/data/CREMA/1064_TIE_ANG_XX.wav,angry
1333,drive/My Drive/Speech Emotion Recognition/data/CREMA/1027_ITH_SAD_XX.wav,sad
1334,drive/My Drive/Speech Emotion Recognition/data/CREMA/1043_WSI_ANG_XX.wav,angry
1335,drive/My Drive/Speech Emotion Recognition/data/CREMA/1012_IWW_HAP_XX.wav,happy
1336,drive/My Drive/Speech Emotion Recognition/data/RAVDESS/03-01-02-02-01-01-19.wav,neutral
1337,drive/My Drive/Speech Emotion Recognition/data/CREMA/1032_DFA_ANG_XX.wav,angry
1338,drive/My Drive/Speech Emotion Recognition/data/CREMA/1061_WSI_SAD_XX.wav,sad
1339,drive/My Drive/Speech Emotion Recognition/data/CREMA/1063_IWW_ANG_XX.wav,angry
1340,drive/My Drive/Speech Emotion Recognition/data/CREMA/1041_ITH_ANG_XX.wav,angry
1341,drive/My Drive/Speech Emotion Recognition/data/CREMA/1005_TAI_HAP_XX.wav,happy
1342,drive/My Drive/Speech Emotion Recognition/data/RAVDESS/03-01-03-01-02-02-12.wav,happy
1343,drive/My Drive/Speech Emotion Recognition/data/RAVDESS/03-01-03-02-02-01-15.wav,happy
1344,drive/My Drive/Speech Emotion Recognition/data/CREMA/1004_IEO_SAD_MD.wav,sad
1345,drive/My Drive/Speech Emotion Recognition/data/RAVDESS/03-01-04-02-02-01-13.wav,sad
1346,drive/My Drive/Speech Emotion Recognition/data/CREMA/1025_TAI_NEU_XX.wav,neutral
1347,drive/My Drive/Speech Emotion Recognition/data/CREMA/1060_TIE_NEU_XX.wav,neutral
1348,drive/My Drive/Speech Emotion Recognition/data/RAVDESS/03-01-02-01-01-02-21.wav,neutral
1349,drive/My Drive/Speech Emotion Recognition/data/CREMA/1010_IWW_NEU_XX.wav,neutral
1350,drive/My Drive/Speech Emotion Recognition/data/CREMA/1025_TSI_SAD_XX.wav,sad
1351,drive/My Drive/Speech Emotion Recognition/data/RAVDESS/03-01-03-01-01-01-06.wav,happy
1352,drive/My Drive/Speech Emotion Recognition/data/CREMA/1003_ITS_HAP_XX.wav,happy
1353,drive/My Drive/Speech Emotion Recognition/data/CREMA/1044_WSI_NEU_XX.wav,neutral
1354,drive/My Drive/Speech Emotion Recognition/data/RAVDESS/03-01-04-02-02-01-16.wav,sad
1355,drive/My Drive/Speech Emotion Recognition/data/CREMA/1045_TIE_NEU_XX.wav,neutral
1356,drive/My Drive/Speech Emotion Recognition/data/CREMA/1008_TAI_NEU_XX.wav,neutral
1357,drive/My Drive/Speech Emotion Recognition/data/CREMA/1063_TIE_HAP_XX.wav,happy
1358,drive/My Drive/Speech Emotion Recognition/data/CREMA/1020_IEO_ANG_LO.wav,angry
1359,drive/My Drive/Speech Emotion Recognition/data/CREMA/1051_TSI_ANG_XX.wav,angry
1360,drive/My Drive/Speech Emotion Recognition/data/CREMA/1002_ITH_SAD_XX.wav,sad
1361,drive/My Drive/Speech Emotion Recognition/data/CREMA/1002_IEO_HAP_MD.wav,happy
1362,drive/My Drive/Speech Emotion Recognition/data/CREMA/1015_IEO_HAP_MD.wav,happy
1363,drive/My Drive/Speech Emotion Recognition/data/CREMA/1006_MTI_HAP_XX.wav,happy
1364,drive/My Drive/Speech Emotion Recognition/data/CREMA/1021_IOM_SAD_XX.wav,sad
1365,drive/My Drive/Speech Emotion Recognition/data/RAVDESS/03-01-02-01-02-01-16.wav,neutral
1366,drive/My Drive/Speech Emotion Recognition/data/CREMA/1002_IWW_ANG_XX.wav,angry
1367,drive/My Drive/Speech Emotion Recognition/data/CREMA/1047_IEO_HAP_MD.wav,happy
1368,drive/My Drive/Speech Emotion Recognition/data/CREMA/1016_WSI_ANG_XX.wav,angry
1369,drive/My Drive/Speech Emotion Recognition/data/CREMA/1065_MTI_SAD_XX.wav,sad
1370,drive/My Drive/Speech Emotion Recognition/data/CREMA/1066_IEO_SAD_HI.wav,sad
1371,drive/My Drive/Speech Emotion Recognition/data/CREMA/1059_TIE_ANG_XX.wav,angry
1372,drive/My Drive/Speech Emotion Recognition/data/CREMA/1025_IWL_SAD_XX.wav,sad
1373,drive/My Drive/Speech Emotion Recognition/data/CREMA/1016_ITS_SAD_XX.wav,sad
1374,drive/My Drive/Speech Emotion Recognition/data/RAVDESS/03-01-03-02-02-02-04.wav,happy
1375,drive/My Drive/Speech Emotion Recognition/data/RAVDESS/03-01-05-02-01-01-06.wav,angry
1376,drive/My Drive/Speech Emotion Recognition/data/CREMA/1036_IEO_SAD_HI.wav,sad
1377,drive/My Drive/Speech Emotion Recognition/data/CREMA/1050_DFA_SAD_XX.wav,sad
1378,drive/My Drive/Speech Emotion Recognition/data/CREMA/1027_IWW_SAD_XX.wav,sad
1379,drive/My Drive/Speech Emotion Recognition/data/CREMA/1005_TAI_NEU_XX.wav,neutral
1380,drive/My Drive/Speech Emotion Recognition/data/CREMA/1022_DFA_ANG_XX.wav,angry
1381,drive/My Drive/Speech Emotion Recognition/data/RAVDESS/03-01-03-02-01-01-09.wav,happy
1382,drive/My Drive/Speech Emotion Recognition/data/CREMA/1055_IEO_ANG_HI.wav,angry
1383,drive/My Drive/Speech Emotion Recognition/data/CREMA/1064_IWL_SAD_XX.wav,sad
1384,drive/My Drive/Speech Emotion Recognition/data/CREMA/1005_IEO_ANG_HI.wav,angry
1385,drive/My Drive/Speech Emotion Recognition/data/CREMA/1020_IEO_SAD_MD.wav,sad
1386,drive/My Drive/Speech Emotion Recognition/data/CREMA/1008_IWW_HAP_XX.wav,happy
1387,drive/My Drive/Speech Emotion Recognition/data/CREMA/1041_TAI_SAD_XX.wav,sad
1388,drive/My Drive/Speech Emotion Recognition/data/RAVDESS/03-01-03-02-02-01-11.wav,happy
1389,drive/My Drive/Speech Emotion Recognition/data/CREMA/1042_MTI_HAP_XX.wav,happy
1390,drive/My Drive/Speech Emotion Recognition/data/CREMA/1009_WSI_ANG_XX.wav,angry
1391,drive/My Drive/Speech Emotion Recognition/data/CREMA/1041_IWL_NEU_XX.wav,neutral
1392,drive/My Drive/Speech Emotion Recognition/data/CREMA/1032_ITH_ANG_XX.wav,angry
1393,drive/My Drive/Speech Emotion Recognition/data/CREMA/1024_IEO_HAP_HI.wav,happy
1394,drive/My Drive/Speech Emotion Recognition/data/CREMA/1065_IEO_SAD_HI.wav,sad
1395,drive/My Drive/Speech Emotion Recognition/data/RAVDESS/03-01-03-01-01-02-21.wav,happy
1396,drive/My Drive/Speech Emotion Recognition/data/CREMA/1027_IWL_HAP_XX.wav,happy
1397,drive/My Drive/Speech Emotion Recognition/data/CREMA/1030_MTI_ANG_XX.wav,angry
1398,drive/My Drive/Speech Emotion Recognition/data/RAVDESS/03-01-03-02-01-02-02.wav,happy
1399,drive/My Drive/Speech Emotion Recognition/data/CREMA/1033_IEO_HAP_LO.wav,happy
1400,drive/My Drive/Speech Emotion Recognition/data/CREMA/1057_DFA_SAD_XX.wav,sad
1401,drive/My Drive/Speech Emotion Recognition/data/CREMA/1052_TIE_ANG_XX.wav,angry
1402,drive/My Drive/Speech Emotion Recognition/data/CREMA/1011_IWL_ANG_XX.wav,angry
1403,drive/My Drive/Speech Emotion Recognition/data/RAVDESS/03-01-03-02-02-01-22.wav,happy
1404,drive/My Drive/Speech Emotion Recognition/data/CREMA/1021_IEO_ANG_LO.wav,angry
1405,drive/My Drive/Speech Emotion Recognition/data/CREMA/1046_DFA_HAP_XX.wav,happy
1406,drive/My Drive/Speech Emotion Recognition/data/CREMA/1028_TSI_HAP_XX.wav,happy
1407,drive/My Drive/Speech Emotion Recognition/data/RAVDESS/03-01-04-02-02-01-10.wav,sad
1408,drive/My Drive/Speech Emotion Recognition/data/CREMA/1063_IEO_SAD_HI.wav,sad
1409,drive/My Drive/Speech Emotion Recognition/data/RAVDESS/03-01-04-02-01-01-06.wav,sad
1410,drive/My Drive/Speech Emotion Recognition/data/CREMA/1010_MTI_HAP_XX.wav,happy
1411,drive/My Drive/Speech Emotion Recognition/data/CREMA/1040_DFA_NEU_XX.wav,neutral
1412,drive/My Drive/Speech Emotion Recognition/data/RAVDESS/03-01-04-01-01-02-05.wav,sad
1413,drive/My Drive/Speech Emotion Recognition/data/RAVDESS/03-01-03-01-01-01-01.wav,happy
1414,drive/My Drive/Speech Emotion Recognition/data/CREMA/1040_WSI_NEU_XX.wav,neutral
1415,drive/My Drive/Speech Emotion Recognition/data/CREMA/1044_ITS_HAP_XX.wav,happy
1416,drive/My Drive/Speech Emotion Recognition/data/CREMA/1011_IEO_HAP_LO.wav,happy
1417,drive/My Drive/Speech Emotion Recognition/data/RAVDESS/03-01-05-01-01-02-15.wav,angry
1418,drive/My Drive/Speech Emotion Recognition/data/CREMA/1013_TIE_HAP_XX.wav,happy
1419,drive/My Drive/Speech Emotion Recognition/data/RAVDESS/03-01-01-01-01-01-08.wav,neutral
1420,drive/My Drive/Speech Emotion Recognition/data/CREMA/1038_TIE_ANG_XX.wav,angry
1421,drive/My Drive/Speech Emotion Recognition/data/CREMA/1005_ITH_ANG_XX.wav,angry
1422,drive/My Drive/Speech Emotion Recognition/data/CREMA/1020_IWW_ANG_XX.wav,angry
1423,drive/My Drive/Speech Emotion Recognition/data/CREMA/1031_TSI_ANG_XX.wav,angry
1424,drive/My Drive/Speech Emotion Recognition/data/CREMA/1029_DFA_NEU_XX.wav,neutral
1425,drive/My Drive/Speech Emotion Recognition/data/CREMA/1054_IWL_SAD_XX.wav,sad
1426,drive/My Drive/Speech Emotion Recognition/data/CREMA/1026_IOM_HAP_XX.wav,happy
1427,drive/My Drive/Speech Emotion Recognition/data/RAVDESS/03-01-02-02-01-02-20.wav,neutral
1428,drive/My Drive/Speech Emotion Recognition/data/CREMA/1050_ITH_ANG_XX.wav,angry
1429,drive/My Drive/Speech Emotion Recognition/data/CREMA/1025_ITS_SAD_XX.wav,sad
1430,drive/My Drive/Speech Emotion Recognition/data/CREMA/1036_DFA_ANG_XX.wav,angry
1431,drive/My Drive/Speech Emotion Recognition/data/CREMA/1010_IWL_NEU_XX.wav,neutral
1432,drive/My Drive/Speech Emotion Recognition/data/CREMA/1043_IEO_HAP_HI.wav,happy
1433,drive/My Drive/Speech Emotion Recognition/data/CREMA/1014_TSI_SAD_XX.wav,sad
1434,drive/My Drive/Speech Emotion Recognition/data/RAVDESS/03-01-02-01-02-01-09.wav,neutral
1435,drive/My Drive/Speech Emotion Recognition/data/RAVDESS/03-01-03-02-01-01-16.wav,happy
1436,drive/My Drive/Speech Emotion Recognition/data/CREMA/1019_IEO_HAP_MD.wav,happy
1437,drive/My Drive/Speech Emotion Recognition/data/RAVDESS/03-01-02-01-02-01-21.wav,neutral
1438,drive/My Drive/Speech Emotion Recognition/data/RAVDESS/03-01-03-02-01-02-21.wav,happy
1439,drive/My Drive/Speech Emotion Recognition/data/CREMA/1026_ITH_SAD_XX.wav,sad
1440,drive/My Drive/Speech Emotion Recognition/data/CREMA/1006_IOM_NEU_XX.wav,neutral
1441,drive/My Drive/Speech Emotion Recognition/data/CREMA/1038_IWW_HAP_XX.wav,happy
1442,drive/My Drive/Speech Emotion Recognition/data/CREMA/1065_MTI_ANG_XX.wav,angry
1443,drive/My Drive/Speech Emotion Recognition/data/CREMA/1063_MTI_SAD_XX.wav,sad
1444,drive/My Drive/Speech Emotion Recognition/data/CREMA/1007_IEO_ANG_HI.wav,angry
1445,drive/My Drive/Speech Emotion Recognition/data/CREMA/1055_IEO_HAP_HI.wav,happy
1446,drive/My Drive/Speech Emotion Recognition/data/CREMA/1018_IWW_SAD_XX.wav,sad
1447,drive/My Drive/Speech Emotion Recognition/data/RAVDESS/03-01-04-01-02-02-07.wav,sad
1448,drive/My Drive/Speech Emotion Recognition/data/CREMA/1031_WSI_NEU_XX.wav,neutral
1449,drive/My Drive/Speech Emotion Recognition/data/CREMA/1011_IOM_SAD_XX.wav,sad
1450,drive/My Drive/Speech Emotion Recognition/data/CREMA/1050_IWL_SAD_XX.wav,sad
1451,drive/My Drive/Speech Emotion Recognition/data/RAVDESS/03-01-04-01-01-01-11.wav,sad
1452,drive/My Drive/Speech Emotion Recognition/data/CREMA/1053_WSI_NEU_XX.wav,neutral
1453,drive/My Drive/Speech Emotion Recognition/data/RAVDESS/03-01-05-01-01-01-18.wav,angry
1454,drive/My Drive/Speech Emotion Recognition/data/CREMA/1020_IEO_SAD_LO.wav,sad
1455,drive/My Drive/Speech Emotion Recognition/data/CREMA/1017_TIE_ANG_XX.wav,angry
1456,drive/My Drive/Speech Emotion Recognition/data/CREMA/1047_TSI_SAD_XX.wav,sad
1457,drive/My Drive/Speech Emotion Recognition/data/CREMA/1004_IEO_ANG_LO.wav,angry
1458,drive/My Drive/Speech Emotion Recognition/data/CREMA/1034_TAI_HAP_XX.wav,happy
1459,drive/My Drive/Speech Emotion Recognition/data/CREMA/1009_TIE_NEU_XX.wav,neutral
1460,drive/My Drive/Speech Emotion Recognition/data/RAVDESS/03-01-02-02-02-02-21.wav,neutral
1461,drive/My Drive/Speech Emotion Recognition/data/CREMA/1035_TIE_NEU_XX.wav,neutral
1462,drive/My Drive/Speech Emotion Recognition/data/CREMA/1027_ITS_NEU_XX.wav,neutral
1463,drive/My Drive/Speech Emotion Recognition/data/CREMA/1048_ITS_SAD_XX.wav,sad
1464,drive/My Drive/Speech Emotion Recognition/data/CREMA/1036_IEO_NEU_XX.wav,neutral
1465,drive/My Drive/Speech Emotion Recognition/data/CREMA/1017_IEO_HAP_LO.wav,happy
1466,drive/My Drive/Speech Emotion Recognition/data/CREMA/1061_IWL_ANG_XX.wav,angry
1467,drive/My Drive/Speech Emotion Recognition/data/CREMA/1050_IEO_SAD_MD.wav,sad
1468,drive/My Drive/Speech Emotion Recognition/data/CREMA/1015_DFA_ANG_XX.wav,angry
1469,drive/My Drive/Speech Emotion Recognition/data/CREMA/1059_ITS_SAD_XX.wav,sad
1470,drive/My Drive/Speech Emotion Recognition/data/CREMA/1029_IEO_SAD_MD.wav,sad
1471,drive/My Drive/Speech Emotion Recognition/data/CREMA/1014_ITH_SAD_XX.wav,sad
1472,drive/My Drive/Speech Emotion Recognition/data/RAVDESS/03-01-05-02-02-01-23.wav,angry
1473,drive/My Drive/Speech Emotion Recognition/data/CREMA/1006_TAI_ANG_XX.wav,angry
1474,drive/My Drive/Speech Emotion Recognition/data/CREMA/1005_IEO_SAD_HI.wav,sad
1475,drive/My Drive/Speech Emotion Recognition/data/CREMA/1020_ITH_HAP_XX.wav,happy
1476,drive/My Drive/Speech Emotion Recognition/data/CREMA/1029_ITH_SAD_XX.wav,sad
1477,drive/My Drive/Speech Emotion Recognition/data/RAVDESS/03-01-05-01-02-01-23.wav,angry
1478,drive/My Drive/Speech Emotion Recognition/data/CREMA/1065_ITH_ANG_XX.wav,angry
1479,drive/My Drive/Speech Emotion Recognition/data/CREMA/1048_MTI_SAD_XX.wav,sad
1480,drive/My Drive/Speech Emotion Recognition/data/CREMA/1016_IOM_NEU_XX.wav,neutral
1481,drive/My Drive/Speech Emotion Recognition/data/CREMA/1013_IEO_ANG_MD.wav,angry
1482,drive/My Drive/Speech Emotion Recognition/data/CREMA/1015_WSI_SAD_XX.wav,sad
1483,drive/My Drive/Speech Emotion Recognition/data/CREMA/1010_WSI_HAP_XX.wav,happy
1484,drive/My Drive/Speech Emotion Recognition/data/CREMA/1055_ITH_SAD_XX.wav,sad
1485,drive/My Drive/Speech Emotion Recognition/data/CREMA/1046_ITS_NEU_XX.wav,neutral
1486,drive/My Drive/Speech Emotion Recognition/data/CREMA/1015_IEO_ANG_HI.wav,angry
1487,drive/My Drive/Speech Emotion Recognition/data/CREMA/1061_IWL_HAP_XX.wav,happy
1488,drive/My Drive/Speech Emotion Recognition/data/CREMA/1066_TIE_NEU_XX.wav,neutral
1489,drive/My Drive/Speech Emotion Recognition/data/CREMA/1057_TIE_ANG_XX.wav,angry
1490,drive/My Drive/Speech Emotion Recognition/data/RAVDESS/03-01-03-01-02-01-10.wav,happy
1491,drive/My Drive/Speech Emotion Recognition/data/RAVDESS/03-01-05-01-02-01-17.wav,angry
1492,drive/My Drive/Speech Emotion Recognition/data/CREMA/1014_WSI_HAP_XX.wav,happy
1493,drive/My Drive/Speech Emotion Recognition/data/CREMA/1009_IOM_SAD_XX.wav,sad
1494,drive/My Drive/Speech Emotion Recognition/data/CREMA/1013_IWL_HAP_XX.wav,happy
1495,drive/My Drive/Speech Emotion Recognition/data/CREMA/1001_DFA_NEU_XX.wav,neutral
1496,drive/My Drive/Speech Emotion Recognition/data/CREMA/1039_IOM_SAD_XX.wav,sad
1497,drive/My Drive/Speech Emotion Recognition/data/RAVDESS/03-01-03-01-02-02-09.wav,happy
1498,drive/My Drive/Speech Emotion Recognition/data/CREMA/1024_IEO_ANG_LO.wav,angry
1499,drive/My Drive/Speech Emotion Recognition/data/CREMA/1043_TAI_NEU_XX.wav,neutral
1500,drive/My Drive/Speech Emotion Recognition/data/RAVDESS/03-01-03-01-01-01-17.wav,happy
1501,drive/My Drive/Speech Emotion Recognition/data/CREMA/1054_IEO_ANG_LO.wav,angry
1502,drive/My Drive/Speech Emotion Recognition/data/RAVDESS/03-01-04-01-01-02-20.wav,sad
1503,drive/My Drive/Speech Emotion Recognition/data/CREMA/1017_ITH_HAP_XX.wav,happy
1504,drive/My Drive/Speech Emotion Recognition/data/CREMA/1053_WSI_HAP_XX.wav,happy
1505,drive/My Drive/Speech Emotion Recognition/data/CREMA/1010_IEO_ANG_HI.wav,angry
1506,drive/My Drive/Speech Emotion Recognition/data/CREMA/1058_IEO_ANG_MD.wav,angry
1507,drive/My Drive/Speech Emotion Recognition/data/CREMA/1032_IEO_SAD_MD.wav,sad
1508,drive/My Drive/Speech Emotion Recognition/data/CREMA/1008_TIE_SAD_XX.wav,sad
1509,drive/My Drive/Speech Emotion Recognition/data/CREMA/1031_IEO_HAP_MD.wav,happy
1510,drive/My Drive/Speech Emotion Recognition/data/CREMA/1062_IEO_HAP_MD.wav,happy
1511,drive/My Drive/Speech Emotion Recognition/data/RAVDESS/03-01-02-01-02-01-20.wav,neutral
1512,drive/My Drive/Speech Emotion Recognition/data/CREMA/1036_TIE_NEU_XX.wav,neutral
1513,drive/My Drive/Speech Emotion Recognition/data/RAVDESS/03-01-05-01-01-01-15.wav,angry
1514,drive/My Drive/Speech Emotion Recognition/data/CREMA/1031_IWL_SAD_XX.wav,sad
1515,drive/My Drive/Speech Emotion Recognition/data/RAVDESS/03-01-02-02-01-01-08.wav,neutral
1516,drive/My Drive/Speech Emotion Recognition/data/CREMA/1003_IOM_ANG_XX.wav,angry
1517,drive/My Drive/Speech Emotion Recognition/data/CREMA/1066_IOM_SAD_XX.wav,sad
1518,drive/My Drive/Speech Emotion Recognition/data/CREMA/1052_IEO_ANG_MD.wav,angry
1519,drive/My Drive/Speech Emotion Recognition/data/CREMA/1024_DFA_HAP_XX.wav,happy
1520,drive/My Drive/Speech Emotion Recognition/data/CREMA/1063_TIE_ANG_XX.wav,angry
1521,drive/My Drive/Speech Emotion Recognition/data/CREMA/1059_IWL_NEU_XX.wav,neutral
1522,drive/My Drive/Speech Emotion Recognition/data/CREMA/1050_ITH_HAP_XX.wav,happy
1523,drive/My Drive/Speech Emotion Recognition/data/CREMA/1007_IWW_SAD_XX.wav,sad
1524,drive/My Drive/Speech Emotion Recognition/data/CREMA/1019_IWW_HAP_XX.wav,happy
1525,drive/My Drive/Speech Emotion Recognition/data/CREMA/1067_IEO_SAD_HI.wav,sad
1526,drive/My Drive/Speech Emotion Recognition/data/CREMA/1036_MTI_NEU_XX.wav,neutral
1527,drive/My Drive/Speech Emotion Recognition/data/CREMA/1049_IEO_SAD_LO.wav,sad
1528,drive/My Drive/Speech Emotion Recognition/data/CREMA/1009_TSI_ANG_XX.wav,angry
1529,drive/My Drive/Speech Emotion Recognition/data/CREMA/1051_IEO_NEU_XX.wav,neutral
1530,drive/My Drive/Speech Emotion Recognition/data/CREMA/1064_DFA_NEU_XX.wav,neutral
1531,drive/My Drive/Speech Emotion Recognition/data/CREMA/1054_IEO_HAP_MD.wav,happy
1532,drive/My Drive/Speech Emotion Recognition/data/CREMA/1035_IWW_HAP_XX.wav,happy
1533,drive/My Drive/Speech Emotion Recognition/data/CREMA/1046_ITH_SAD_XX.wav,sad
1534,drive/My Drive/Speech Emotion Recognition/data/CREMA/1038_IOM_HAP_XX.wav,happy
1535,drive/My Drive/Speech Emotion Recognition/data/CREMA/1005_MTI_NEU_XX.wav,neutral
1536,drive/My Drive/Speech Emotion Recognition/data/RAVDESS/03-01-05-02-01-02-04.wav,angry
1537,drive/My Drive/Speech Emotion Recognition/data/CREMA/1045_WSI_SAD_XX.wav,sad
1538,drive/My Drive/Speech Emotion Recognition/data/RAVDESS/03-01-04-01-01-02-06.wav,sad
1539,drive/My Drive/Speech Emotion Recognition/data/RAVDESS/03-01-04-02-02-01-21.wav,sad
1540,drive/My Drive/Speech Emotion Recognition/data/RAVDESS/03-01-04-02-02-02-21.wav,sad
1541,drive/My Drive/Speech Emotion Recognition/data/CREMA/1006_IWL_SAD_XX.wav,sad
1542,drive/My Drive/Speech Emotion Recognition/data/CREMA/1032_TSI_HAP_XX.wav,happy
1543,drive/My Drive/Speech Emotion Recognition/data/CREMA/1022_DFA_SAD_XX.wav,sad
1544,drive/My Drive/Speech Emotion Recognition/data/CREMA/1059_DFA_HAP_XX.wav,happy
1545,drive/My Drive/Speech Emotion Recognition/data/RAVDESS/03-01-01-01-02-01-17.wav,neutral
1546,drive/My Drive/Speech Emotion Recognition/data/CREMA/1024_WSI_HAP_XX.wav,happy
1547,drive/My Drive/Speech Emotion Recognition/data/CREMA/1018_IOM_SAD_XX.wav,sad
1548,drive/My Drive/Speech Emotion Recognition/data/CREMA/1035_DFA_HAP_XX.wav,happy
1549,drive/My Drive/Speech Emotion Recognition/data/CREMA/1058_ITH_SAD_XX.wav,sad
1550,drive/My Drive/Speech Emotion Recognition/data/CREMA/1057_IWL_HAP_XX.wav,happy
1551,drive/My Drive/Speech Emotion Recognition/data/RAVDESS/03-01-04-02-01-02-09.wav,sad
1552,drive/My Drive/Speech Emotion Recognition/data/RAVDESS/03-01-02-02-02-02-19.wav,neutral
1553,drive/My Drive/Speech Emotion Recognition/data/CREMA/1011_IEO_HAP_MD.wav,happy
1554,drive/My Drive/Speech Emotion Recognition/data/CREMA/1025_IEO_HAP_MD.wav,happy
1555,drive/My Drive/Speech Emotion Recognition/data/RAVDESS/03-01-02-01-02-02-07.wav,neutral
1556,drive/My Drive/Speech Emotion Recognition/data/CREMA/1058_WSI_NEU_XX.wav,neutral
1557,drive/My Drive/Speech Emotion Recognition/data/RAVDESS/03-01-04-02-02-02-20.wav,sad
1558,drive/My Drive/Speech Emotion Recognition/data/CREMA/1059_IOM_HAP_XX.wav,happy
1559,drive/My Drive/Speech Emotion Recognition/data/CREMA/1004_IEO_HAP_MD.wav,happy
1560,drive/My Drive/Speech Emotion Recognition/data/RAVDESS/03-01-05-02-02-01-03.wav,angry
1561,drive/My Drive/Speech Emotion Recognition/data/CREMA/1039_TAI_ANG_XX.wav,angry
1562,drive/My Drive/Speech Emotion Recognition/data/CREMA/1046_MTI_HAP_XX.wav,happy
1563,drive/My Drive/Speech Emotion Recognition/data/RAVDESS/03-01-05-02-01-01-04.wav,angry
1564,drive/My Drive/Speech Emotion Recognition/data/RAVDESS/03-01-01-01-02-01-12.wav,neutral
1565,drive/My Drive/Speech Emotion Recognition/data/CREMA/1040_IWW_SAD_XX.wav,sad
1566,drive/My Drive/Speech Emotion Recognition/data/CREMA/1001_WSI_NEU_XX.wav,neutral
1567,drive/My Drive/Speech Emotion Recognition/data/CREMA/1042_IEO_NEU_XX.wav,neutral
1568,drive/My Drive/Speech Emotion Recognition/data/CREMA/1051_IWL_HAP_XX.wav,happy
1569,drive/My Drive/Speech Emotion Recognition/data/RAVDESS/03-01-03-01-02-02-14.wav,happy
1570,drive/My Drive/Speech Emotion Recognition/data/CREMA/1043_TIE_ANG_XX.wav,angry
1571,drive/My Drive/Speech Emotion Recognition/data/CREMA/1035_IEO_HAP_HI.wav,happy
1572,drive/My Drive/Speech Emotion Recognition/data/CREMA/1040_IWW_NEU_XX.wav,neutral
1573,drive/My Drive/Speech Emotion Recognition/data/CREMA/1034_IEO_ANG_MD.wav,angry
1574,drive/My Drive/Speech Emotion Recognition/data/CREMA/1006_IWL_NEU_XX.wav,neutral
1575,drive/My Drive/Speech Emotion Recognition/data/CREMA/1014_IEO_SAD_HI.wav,sad
1576,drive/My Drive/Speech Emotion Recognition/data/CREMA/1065_MTI_NEU_XX.wav,neutral
1577,drive/My Drive/Speech Emotion Recognition/data/CREMA/1022_IEO_SAD_HI.wav,sad
1578,drive/My Drive/Speech Emotion Recognition/data/RAVDESS/03-01-02-01-02-01-12.wav,neutral
1579,drive/My Drive/Speech Emotion Recognition/data/RAVDESS/03-01-05-01-01-01-07.wav,angry
1580,drive/My Drive/Speech Emotion Recognition/data/CREMA/1060_MTI_HAP_XX.wav,happy
1581,drive/My Drive/Speech Emotion Recognition/data/CREMA/1014_MTI_HAP_XX.wav,happy
1582,drive/My Drive/Speech Emotion Recognition/data/RAVDESS/03-01-05-01-02-02-12.wav,angry
1583,drive/My Drive/Speech Emotion Recognition/data/CREMA/1047_MTI_NEU_XX.wav,neutral
1584,drive/My Drive/Speech Emotion Recognition/data/CREMA/1024_IWW_HAP_XX.wav,happy
1585,drive/My Drive/Speech Emotion Recognition/data/CREMA/1029_ITH_NEU_XX.wav,neutral
1586,drive/My Drive/Speech Emotion Recognition/data/CREMA/1067_MTI_HAP_XX.wav,happy
1587,drive/My Drive/Speech Emotion Recognition/data/RAVDESS/03-01-04-01-02-02-03.wav,sad
1588,drive/My Drive/Speech Emotion Recognition/data/CREMA/1005_IEO_HAP_MD.wav,happy
1589,drive/My Drive/Speech Emotion Recognition/data/RAVDESS/03-01-05-02-01-02-16.wav,angry
1590,drive/My Drive/Speech Emotion Recognition/data/CREMA/1001_IOM_HAP_XX.wav,happy
1591,drive/My Drive/Speech Emotion Recognition/data/RAVDESS/03-01-01-01-01-02-01.wav,neutral
1592,drive/My Drive/Speech Emotion Recognition/data/CREMA/1066_ITS_HAP_XX.wav,happy
1593,drive/My Drive/Speech Emotion Recognition/data/CREMA/1048_IOM_ANG_XX.wav,angry
1594,drive/My Drive/Speech Emotion Recognition/data/CREMA/1053_MTI_ANG_XX.wav,angry
1595,drive/My Drive/Speech Emotion Recognition/data/CREMA/1021_IOM_ANG_XX.wav,angry
1596,drive/My Drive/Speech Emotion Recognition/data/CREMA/1053_DFA_ANG_XX.wav,angry
1597,drive/My Drive/Speech Emotion Recognition/data/RAVDESS/03-01-04-01-01-01-24.wav,sad
1598,drive/My Drive/Speech Emotion Recognition/data/CREMA/1030_WSI_HAP_XX.wav,happy
1599,drive/My Drive/Speech Emotion Recognition/data/CREMA/1010_TAI_NEU_XX.wav,neutral
1600,drive/My Drive/Speech Emotion Recognition/data/CREMA/1040_ITS_SAD_XX.wav,sad
1601,drive/My Drive/Speech Emotion Recognition/data/RAVDESS/03-01-03-02-02-01-14.wav,happy
1602,drive/My Drive/Speech Emotion Recognition/data/CREMA/1008_TSI_HAP_XX.wav,happy
1603,drive/My Drive/Speech Emotion Recognition/data/CREMA/1028_TIE_HAP_XX.wav,happy
1604,drive/My Drive/Speech Emotion Recognition/data/CREMA/1005_WSI_ANG_XX.wav,angry
1605,drive/My Drive/Speech Emotion Recognition/data/CREMA/1058_TIE_HAP_XX.wav,happy
1606,drive/My Drive/Speech Emotion Recognition/data/RAVDESS/03-01-05-02-02-01-05.wav,angry
1607,drive/My Drive/Speech Emotion Recognition/data/CREMA/1058_TAI_SAD_XX.wav,sad
1608,drive/My Drive/Speech Emotion Recognition/data/CREMA/1019_DFA_SAD_XX.wav,sad
1609,drive/My Drive/Speech Emotion Recognition/data/RAVDESS/03-01-02-02-01-01-04.wav,neutral
1610,drive/My Drive/Speech Emotion Recognition/data/CREMA/1059_IEO_SAD_HI.wav,sad
1611,drive/My Drive/Speech Emotion Recognition/data/CREMA/1055_IWW_ANG_XX.wav,angry
1612,drive/My Drive/Speech Emotion Recognition/data/CREMA/1047_ITH_NEU_XX.wav,neutral
1613,drive/My Drive/Speech Emotion Recognition/data/CREMA/1031_TIE_HAP_XX.wav,happy
1614,drive/My Drive/Speech Emotion Recognition/data/CREMA/1025_TSI_NEU_XX.wav,neutral
1615,drive/My Drive/Speech Emotion Recognition/data/CREMA/1049_IEO_HAP_LO.wav,happy
1616,drive/My Drive/Speech Emotion Recognition/data/CREMA/1021_DFA_ANG_XX.wav,angry
1617,drive/My Drive/Speech Emotion Recognition/data/CREMA/1031_MTI_HAP_XX.wav,happy
1618,drive/My Drive/Speech Emotion Recognition/data/CREMA/1026_TAI_NEU_XX.wav,neutral
1619,drive/My Drive/Speech Emotion Recognition/data/CREMA/1061_IOM_SAD_XX.wav,sad
1620,drive/My Drive/Speech Emotion Recognition/data/CREMA/1030_IEO_SAD_MD.wav,sad
1621,drive/My Drive/Speech Emotion Recognition/data/CREMA/1052_IWL_ANG_XX.wav,angry
1622,drive/My Drive/Speech Emotion Recognition/data/CREMA/1021_WSI_ANG_XX.wav,angry
1623,drive/My Drive/Speech Emotion Recognition/data/CREMA/1039_MTI_HAP_XX.wav,happy
1624,drive/My Drive/Speech Emotion Recognition/data/CREMA/1018_IOM_ANG_XX.wav,angry
1625,drive/My Drive/Speech Emotion Recognition/data/CREMA/1021_IEO_ANG_MD.wav,angry
1626,drive/My Drive/Speech Emotion Recognition/data/CREMA/1001_IOM_ANG_XX.wav,angry
1627,drive/My Drive/Speech Emotion Recognition/data/CREMA/1012_TIE_ANG_XX.wav,angry
1628,drive/My Drive/Speech Emotion Recognition/data/CREMA/1067_MTI_NEU_XX.wav,neutral
1629,drive/My Drive/Speech Emotion Recognition/data/CREMA/1037_TIE_ANG_XX.wav,angry
1630,drive/My Drive/Speech Emotion Recognition/data/CREMA/1008_TSI_SAD_XX.wav,sad
1631,drive/My Drive/Speech Emotion Recognition/data/RAVDESS/03-01-04-02-01-01-03.wav,sad
1632,drive/My Drive/Speech Emotion Recognition/data/CREMA/1028_IWL_NEU_XX.wav,neutral
1633,drive/My Drive/Speech Emotion Recognition/data/CREMA/1042_IWL_ANG_XX.wav,angry
1634,drive/My Drive/Speech Emotion Recognition/data/CREMA/1024_ITS_HAP_XX.wav,happy
1635,drive/My Drive/Speech Emotion Recognition/data/RAVDESS/03-01-02-02-02-01-02.wav,neutral
1636,drive/My Drive/Speech Emotion Recognition/data/CREMA/1005_TSI_SAD_XX.wav,sad
1637,drive/My Drive/Speech Emotion Recognition/data/CREMA/1026_ITS_ANG_XX.wav,angry
1638,drive/My Drive/Speech Emotion Recognition/data/CREMA/1064_TIE_HAP_XX.wav,happy
1639,drive/My Drive/Speech Emotion Recognition/data/CREMA/1014_IEO_SAD_LO.wav,sad
1640,drive/My Drive/Speech Emotion Recognition/data/CREMA/1016_WSI_NEU_XX.wav,neutral
1641,drive/My Drive/Speech Emotion Recognition/data/CREMA/1020_IWL_ANG_XX.wav,angry
1642,drive/My Drive/Speech Emotion Recognition/data/CREMA/1028_IEO_SAD_LO.wav,sad
1643,drive/My Drive/Speech Emotion Recognition/data/CREMA/1057_IEO_SAD_MD.wav,sad
1644,drive/My Drive/Speech Emotion Recognition/data/CREMA/1010_TSI_HAP_XX.wav,happy
1645,drive/My Drive/Speech Emotion Recognition/data/CREMA/1016_TSI_HAP_XX.wav,happy
1646,drive/My Drive/Speech Emotion Recognition/data/RAVDESS/03-01-01-01-01-02-17.wav,neutral
1647,drive/My Drive/Speech Emotion Recognition/data/CREMA/1022_DFA_NEU_XX.wav,neutral
1648,drive/My Drive/Speech Emotion Recognition/data/CREMA/1043_IEO_HAP_MD.wav,happy
1649,drive/My Drive/Speech Emotion Recognition/data/CREMA/1030_IWW_NEU_XX.wav,neutral
1650,drive/My Drive/Speech Emotion Recognition/data/CREMA/1029_TAI_SAD_XX.wav,sad
1651,drive/My Drive/Speech Emotion Recognition/data/CREMA/1002_TSI_HAP_XX.wav,happy
1652,drive/My Drive/Speech Emotion Recognition/data/CREMA/1017_TSI_SAD_XX.wav,sad
1653,drive/My Drive/Speech Emotion Recognition/data/RAVDESS/03-01-05-01-01-01-17.wav,angry
1654,drive/My Drive/Speech Emotion Recognition/data/CREMA/1016_ITH_ANG_XX.wav,angry
1655,drive/My Drive/Speech Emotion Recognition/data/CREMA/1025_ITH_NEU_XX.wav,neutral
1656,drive/My Drive/Speech Emotion Recognition/data/CREMA/1041_IWW_HAP_XX.wav,happy
1657,drive/My Drive/Speech Emotion Recognition/data/CREMA/1007_WSI_NEU_XX.wav,neutral
1658,drive/My Drive/Speech Emotion Recognition/data/CREMA/1046_ITS_SAD_XX.wav,sad
1659,drive/My Drive/Speech Emotion Recognition/data/RAVDESS/03-01-03-02-02-01-02.wav,happy
1660,drive/My Drive/Speech Emotion Recognition/data/CREMA/1039_IEO_HAP_MD.wav,happy
1661,drive/My Drive/Speech Emotion Recognition/data/RAVDESS/03-01-05-01-02-01-10.wav,angry
1662,drive/My Drive/Speech Emotion Recognition/data/CREMA/1061_DFA_SAD_XX.wav,sad
1663,drive/My Drive/Speech Emotion Recognition/data/CREMA/1025_ITH_ANG_XX.wav,angry
1664,drive/My Drive/Speech Emotion Recognition/data/CREMA/1033_IEO_HAP_HI.wav,happy
1665,drive/My Drive/Speech Emotion Recognition/data/RAVDESS/03-01-01-01-02-01-18.wav,neutral
1666,drive/My Drive/Speech Emotion Recognition/data/CREMA/1017_IOM_HAP_XX.wav,happy
1667,drive/My Drive/Speech Emotion Recognition/data/CREMA/1014_IWW_HAP_XX.wav,happy
1668,drive/My Drive/Speech Emotion Recognition/data/RAVDESS/03-01-05-01-02-01-14.wav,angry
1669,drive/My Drive/Speech Emotion Recognition/data/CREMA/1016_TAI_NEU_XX.wav,neutral
1670,drive/My Drive/Speech Emotion Recognition/data/RAVDESS/03-01-05-01-02-02-18.wav,angry
1671,drive/My Drive/Speech Emotion Recognition/data/CREMA/1049_IOM_SAD_XX.wav,sad
1672,drive/My Drive/Speech Emotion Recognition/data/CREMA/1026_IEO_ANG_HI.wav,angry
1673,drive/My Drive/Speech Emotion Recognition/data/CREMA/1059_IOM_ANG_XX.wav,angry
1674,drive/My Drive/Speech Emotion Recognition/data/CREMA/1031_ITS_ANG_XX.wav,angry
1675,drive/My Drive/Speech Emotion Recognition/data/CREMA/1046_IOM_SAD_XX.wav,sad
1676,drive/My Drive/Speech Emotion Recognition/data/CREMA/1051_IEO_SAD_LO.wav,sad
1677,drive/My Drive/Speech Emotion Recognition/data/CREMA/1008_ITH_SAD_XX.wav,sad
1678,drive/My Drive/Speech Emotion Recognition/data/CREMA/1007_MTI_HAP_XX.wav,happy
1679,drive/My Drive/Speech Emotion Recognition/data/CREMA/1050_IOM_ANG_XX.wav,angry
1680,drive/My Drive/Speech Emotion Recognition/data/CREMA/1022_IWW_HAP_XX.wav,happy
1681,drive/My Drive/Speech Emotion Recognition/data/CREMA/1019_IWL_NEU_XX.wav,neutral
1682,drive/My Drive/Speech Emotion Recognition/data/CREMA/1027_IWL_NEU_XX.wav,neutral
1683,drive/My Drive/Speech Emotion Recognition/data/RAVDESS/03-01-05-02-01-02-05.wav,angry
1684,drive/My Drive/Speech Emotion Recognition/data/CREMA/1058_IEO_NEU_XX.wav,neutral
1685,drive/My Drive/Speech Emotion Recognition/data/RAVDESS/03-01-03-01-01-02-14.wav,happy
1686,drive/My Drive/Speech Emotion Recognition/data/CREMA/1037_IWL_ANG_XX.wav,angry
1687,drive/My Drive/Speech Emotion Recognition/data/CREMA/1067_IEO_ANG_LO.wav,angry
1688,drive/My Drive/Speech Emotion Recognition/data/CREMA/1049_IWW_NEU_XX.wav,neutral
1689,drive/My Drive/Speech Emotion Recognition/data/CREMA/1034_TIE_SAD_XX.wav,sad
1690,drive/My Drive/Speech Emotion Recognition/data/CREMA/1047_IWL_NEU_XX.wav,neutral
1691,drive/My Drive/Speech Emotion Recognition/data/CREMA/1030_TAI_NEU_XX.wav,neutral
1692,drive/My Drive/Speech Emotion Recognition/data/CREMA/1002_TAI_SAD_XX.wav,sad
1693,drive/My Drive/Speech Emotion Recognition/data/CREMA/1039_IWW_SAD_XX.wav,sad
1694,drive/My Drive/Speech Emotion Recognition/data/CREMA/1046_IOM_HAP_XX.wav,happy
1695,drive/My Drive/Speech Emotion Recognition/data/CREMA/1038_MTI_NEU_XX.wav,neutral
1696,drive/My Drive/Speech Emotion Recognition/data/RAVDESS/03-01-04-01-01-01-10.wav,sad
1697,drive/My Drive/Speech Emotion Recognition/data/CREMA/1029_IOM_HAP_XX.wav,happy
1698,drive/My Drive/Speech Emotion Recognition/data/CREMA/1031_DFA_HAP_XX.wav,happy
1699,drive/My Drive/Speech Emotion Recognition/data/RAVDESS/03-01-04-01-02-01-15.wav,sad
1700,drive/My Drive/Speech Emotion Recognition/data/CREMA/1065_ITS_HAP_XX.wav,happy
1701,drive/My Drive/Speech Emotion Recognition/data/CREMA/1062_ITS_SAD_XX.wav,sad
1702,drive/My Drive/Speech Emotion Recognition/data/CREMA/1020_ITH_SAD_XX.wav,sad
1703,drive/My Drive/Speech Emotion Recognition/data/CREMA/1026_IWW_NEU_XX.wav,neutral
1704,drive/My Drive/Speech Emotion Recognition/data/CREMA/1012_WSI_NEU_XX.wav,neutral
1705,drive/My Drive/Speech Emotion Recognition/data/RAVDESS/03-01-02-01-02-01-18.wav,neutral
1706,drive/My Drive/Speech Emotion Recognition/data/CREMA/1027_IWW_ANG_XX.wav,angry
1707,drive/My Drive/Speech Emotion Recognition/data/CREMA/1023_ITH_SAD_XX.wav,sad
1708,drive/My Drive/Speech Emotion Recognition/data/RAVDESS/03-01-05-01-01-02-05.wav,angry
1709,drive/My Drive/Speech Emotion Recognition/data/RAVDESS/03-01-01-01-02-02-09.wav,neutral
1710,drive/My Drive/Speech Emotion Recognition/data/CREMA/1063_ITH_HAP_XX.wav,happy
1711,drive/My Drive/Speech Emotion Recognition/data/CREMA/1052_WSI_SAD_XX.wav,sad
1712,drive/My Drive/Speech Emotion Recognition/data/CREMA/1053_TAI_SAD_XX.wav,sad
1713,drive/My Drive/Speech Emotion Recognition/data/CREMA/1034_MTI_SAD_XX.wav,sad
1714,drive/My Drive/Speech Emotion Recognition/data/CREMA/1048_ITH_ANG_XX.wav,angry
1715,drive/My Drive/Speech Emotion Recognition/data/CREMA/1067_DFA_ANG_XX.wav,angry
1716,drive/My Drive/Speech Emotion Recognition/data/CREMA/1046_TSI_SAD_XX.wav,sad
1717,drive/My Drive/Speech Emotion Recognition/data/CREMA/1035_WSI_ANG_XX.wav,angry
1718,drive/My Drive/Speech Emotion Recognition/data/CREMA/1018_IWL_NEU_XX.wav,neutral
1719,drive/My Drive/Speech Emotion Recognition/data/RAVDESS/03-01-02-01-02-02-06.wav,neutral
1720,drive/My Drive/Speech Emotion Recognition/data/CREMA/1010_TIE_NEU_XX.wav,neutral
1721,drive/My Drive/Speech Emotion Recognition/data/CREMA/1052_MTI_ANG_XX.wav,angry
1722,drive/My Drive/Speech Emotion Recognition/data/CREMA/1063_IEO_ANG_MD.wav,angry
1723,drive/My Drive/Speech Emotion Recognition/data/CREMA/1020_ITS_SAD_XX.wav,sad
1724,drive/My Drive/Speech Emotion Recognition/data/CREMA/1019_ITS_SAD_XX.wav,sad
1725,drive/My Drive/Speech Emotion Recognition/data/CREMA/1007_DFA_SAD_XX.wav,sad
1726,drive/My Drive/Speech Emotion Recognition/data/RAVDESS/03-01-03-01-02-02-13.wav,happy
1727,drive/My Drive/Speech Emotion Recognition/data/CREMA/1039_IEO_SAD_LO.wav,sad
1728,drive/My Drive/Speech Emotion Recognition/data/CREMA/1017_IEO_NEU_XX.wav,neutral
1729,drive/My Drive/Speech Emotion Recognition/data/RAVDESS/03-01-04-02-02-02-13.wav,sad
1730,drive/My Drive/Speech Emotion Recognition/data/CREMA/1064_TIE_NEU_XX.wav,neutral
1731,drive/My Drive/Speech Emotion Recognition/data/CREMA/1021_DFA_SAD_XX.wav,sad
1732,drive/My Drive/Speech Emotion Recognition/data/RAVDESS/03-01-05-02-01-01-14.wav,angry
1733,drive/My Drive/Speech Emotion Recognition/data/RAVDESS/03-01-05-01-01-02-14.wav,angry
1734,drive/My Drive/Speech Emotion Recognition/data/CREMA/1029_IEO_ANG_HI.wav,angry
1735,drive/My Drive/Speech Emotion Recognition/data/CREMA/1059_MTI_ANG_XX.wav,angry
1736,drive/My Drive/Speech Emotion Recognition/data/CREMA/1041_IWL_HAP_XX.wav,happy
1737,drive/My Drive/Speech Emotion Recognition/data/RAVDESS/03-01-03-01-01-01-12.wav,happy
1738,drive/My Drive/Speech Emotion Recognition/data/CREMA/1028_TIE_NEU_XX.wav,neutral
1739,drive/My Drive/Speech Emotion Recognition/data/CREMA/1033_IWL_HAP_XX.wav,happy
1740,drive/My Drive/Speech Emotion Recognition/data/CREMA/1058_IWL_ANG_XX.wav,angry
1741,drive/My Drive/Speech Emotion Recognition/data/CREMA/1065_IWL_SAD_XX.wav,sad
1742,drive/My Drive/Speech Emotion Recognition/data/CREMA/1049_WSI_SAD_XX.wav,sad
1743,drive/My Drive/Speech Emotion Recognition/data/CREMA/1007_TSI_SAD_XX.wav,sad
1744,drive/My Drive/Speech Emotion Recognition/data/CREMA/1025_IEO_SAD_HI.wav,sad
1745,drive/My Drive/Speech Emotion Recognition/data/RAVDESS/03-01-04-01-02-02-02.wav,sad
1746,drive/My Drive/Speech Emotion Recognition/data/CREMA/1024_TIE_NEU_XX.wav,neutral
1747,drive/My Drive/Speech Emotion Recognition/data/CREMA/1056_DFA_ANG_XX.wav,angry
1748,drive/My Drive/Speech Emotion Recognition/data/RAVDESS/03-01-04-02-01-02-02.wav,sad
1749,drive/My Drive/Speech Emotion Recognition/data/CREMA/1037_TAI_NEU_XX.wav,neutral
1750,drive/My Drive/Speech Emotion Recognition/data/CREMA/1038_TAI_SAD_XX.wav,sad
1751,drive/My Drive/Speech Emotion Recognition/data/CREMA/1037_ITS_SAD_XX.wav,sad
1752,drive/My Drive/Speech Emotion Recognition/data/CREMA/1054_DFA_SAD_XX.wav,sad
1753,drive/My Drive/Speech Emotion Recognition/data/CREMA/1024_WSI_ANG_XX.wav,angry
1754,drive/My Drive/Speech Emotion Recognition/data/CREMA/1040_MTI_HAP_XX.wav,happy
1755,drive/My Drive/Speech Emotion Recognition/data/CREMA/1022_ITH_HAP_XX.wav,happy
1756,drive/My Drive/Speech Emotion Recognition/data/CREMA/1025_WSI_ANG_XX.wav,angry
1757,drive/My Drive/Speech Emotion Recognition/data/CREMA/1042_DFA_SAD_XX.wav,sad
1758,drive/My Drive/Speech Emotion Recognition/data/RAVDESS/03-01-02-01-02-02-10.wav,neutral
1759,drive/My Drive/Speech Emotion Recognition/data/CREMA/1047_IWL_ANG_XX.wav,angry
1760,drive/My Drive/Speech Emotion Recognition/data/CREMA/1028_IEO_NEU_XX.wav,neutral
1761,drive/My Drive/Speech Emotion Recognition/data/CREMA/1028_IWL_SAD_XX.wav,sad
1762,drive/My Drive/Speech Emotion Recognition/data/CREMA/1066_IOM_ANG_XX.wav,angry
1763,drive/My Drive/Speech Emotion Recognition/data/CREMA/1057_TSI_ANG_XX.wav,angry
1764,drive/My Drive/Speech Emotion Recognition/data/CREMA/1022_TAI_ANG_XX.wav,angry
1765,drive/My Drive/Speech Emotion Recognition/data/CREMA/1028_IOM_HAP_XX.wav,happy
1766,drive/My Drive/Speech Emotion Recognition/data/RAVDESS/03-01-05-01-01-01-12.wav,angry
1767,drive/My Drive/Speech Emotion Recognition/data/CREMA/1019_IWW_SAD_XX.wav,sad
1768,drive/My Drive/Speech Emotion Recognition/data/CREMA/1014_ITH_HAP_XX.wav,happy
1769,drive/My Drive/Speech Emotion Recognition/data/RAVDESS/03-01-03-02-02-02-17.wav,happy
1770,drive/My Drive/Speech Emotion Recognition/data/CREMA/1046_TIE_SAD_XX.wav,sad
1771,drive/My Drive/Speech Emotion Recognition/data/CREMA/1065_ITH_NEU_XX.wav,neutral
1772,drive/My Drive/Speech Emotion Recognition/data/CREMA/1053_ITS_HAP_XX.wav,happy
1773,drive/My Drive/Speech Emotion Recognition/data/CREMA/1054_IOM_ANG_XX.wav,angry
1774,drive/My Drive/Speech Emotion Recognition/data/CREMA/1032_IWW_SAD_XX.wav,sad
1775,drive/My Drive/Speech Emotion Recognition/data/RAVDESS/03-01-03-01-01-01-15.wav,happy
1776,drive/My Drive/Speech Emotion Recognition/data/CREMA/1002_TIE_SAD_XX.wav,sad
1777,drive/My Drive/Speech Emotion Recognition/data/CREMA/1048_IWW_SAD_XX.wav,sad
1778,drive/My Drive/Speech Emotion Recognition/data/CREMA/1022_ITS_NEU_XX.wav,neutral
1779,drive/My Drive/Speech Emotion Recognition/data/CREMA/1050_TAI_HAP_XX.wav,happy
1780,drive/My Drive/Speech Emotion Recognition/data/CREMA/1055_TSI_NEU_XX.wav,neutral
1781,drive/My Drive/Speech Emotion Recognition/data/CREMA/1006_TIE_HAP_XX.wav,happy
1782,drive/My Drive/Speech Emotion Recognition/data/CREMA/1026_TAI_ANG_XX.wav,angry
1783,drive/My Drive/Speech Emotion Recognition/data/CREMA/1060_IWW_NEU_XX.wav,neutral
1784,drive/My Drive/Speech Emotion Recognition/data/RAVDESS/03-01-03-02-01-02-24.wav,happy
1785,drive/My Drive/Speech Emotion Recognition/data/RAVDESS/03-01-01-01-01-01-03.wav,neutral
1786,drive/My Drive/Speech Emotion Recognition/data/CREMA/1036_IEO_SAD_MD.wav,sad
1787,drive/My Drive/Speech Emotion Recognition/data/CREMA/1060_IEO_SAD_MD.wav,sad
1788,drive/My Drive/Speech Emotion Recognition/data/CREMA/1034_IWL_ANG_XX.wav,angry
1789,drive/My Drive/Speech Emotion Recognition/data/RAVDESS/03-01-01-01-02-02-14.wav,neutral
1790,drive/My Drive/Speech Emotion Recognition/data/CREMA/1051_TIE_NEU_XX.wav,neutral
1791,drive/My Drive/Speech Emotion Recognition/data/CREMA/1003_IEO_HAP_MD.wav,happy
1792,drive/My Drive/Speech Emotion Recognition/data/CREMA/1058_IWW_ANG_XX.wav,angry
1793,drive/My Drive/Speech Emotion Recognition/data/CREMA/1039_WSI_NEU_XX.wav,neutral
1794,drive/My Drive/Speech Emotion Recognition/data/CREMA/1036_IWL_NEU_XX.wav,neutral
1795,drive/My Drive/Speech Emotion Recognition/data/CREMA/1005_IEO_ANG_LO.wav,angry
1796,drive/My Drive/Speech Emotion Recognition/data/CREMA/1006_ITH_NEU_XX.wav,neutral
1797,drive/My Drive/Speech Emotion Recognition/data/CREMA/1057_ITH_ANG_XX.wav,angry
1798,drive/My Drive/Speech Emotion Recognition/data/CREMA/1016_IWW_HAP_XX.wav,happy
1799,drive/My Drive/Speech Emotion Recognition/data/RAVDESS/03-01-04-01-01-02-17.wav,sad
1800,drive/My Drive/Speech Emotion Recognition/data/CREMA/1051_TAI_HAP_XX.wav,happy
1801,drive/My Drive/Speech Emotion Recognition/data/CREMA/1054_MTI_HAP_XX.wav,happy
1802,drive/My Drive/Speech Emotion Recognition/data/CREMA/1037_DFA_NEU_XX.wav,neutral
1803,drive/My Drive/Speech Emotion Recognition/data/RAVDESS/03-01-05-02-01-01-23.wav,angry
1804,drive/My Drive/Speech Emotion Recognition/data/CREMA/1016_ITS_HAP_XX.wav,happy
1805,drive/My Drive/Speech Emotion Recognition/data/CREMA/1065_IEO_NEU_XX.wav,neutral
1806,drive/My Drive/Speech Emotion Recognition/data/CREMA/1003_IOM_NEU_XX.wav,neutral
1807,drive/My Drive/Speech Emotion Recognition/data/CREMA/1013_ITS_NEU_XX.wav,neutral
1808,drive/My Drive/Speech Emotion Recognition/data/CREMA/1050_IWW_NEU_XX.wav,neutral
1809,drive/My Drive/Speech Emotion Recognition/data/CREMA/1023_IEO_SAD_HI.wav,sad
1810,drive/My Drive/Speech Emotion Recognition/data/CREMA/1026_ITS_HAP_XX.wav,happy
1811,drive/My Drive/Speech Emotion Recognition/data/CREMA/1005_TAI_ANG_XX.wav,angry
1812,drive/My Drive/Speech Emotion Recognition/data/CREMA/1048_TIE_SAD_XX.wav,sad
1813,drive/My Drive/Speech Emotion Recognition/data/RAVDESS/03-01-02-01-02-02-05.wav,neutral
1814,drive/My Drive/Speech Emotion Recognition/data/CREMA/1026_IOM_ANG_XX.wav,angry
1815,drive/My Drive/Speech Emotion Recognition/data/CREMA/1014_DFA_SAD_XX.wav,sad
1816,drive/My Drive/Speech Emotion Recognition/data/RAVDESS/03-01-03-01-02-01-15.wav,happy
1817,drive/My Drive/Speech Emotion Recognition/data/RAVDESS/03-01-03-01-01-01-11.wav,happy
1818,drive/My Drive/Speech Emotion Recognition/data/RAVDESS/03-01-02-02-01-02-24.wav,neutral
1819,drive/My Drive/Speech Emotion Recognition/data/CREMA/1032_TIE_NEU_XX.wav,neutral
1820,drive/My Drive/Speech Emotion Recognition/data/CREMA/1033_TSI_HAP_XX.wav,happy
1821,drive/My Drive/Speech Emotion Recognition/data/CREMA/1060_IWW_ANG_XX.wav,angry
1822,drive/My Drive/Speech Emotion Recognition/data/CREMA/1053_IWL_HAP_XX.wav,happy
1823,drive/My Drive/Speech Emotion Recognition/data/RAVDESS/03-01-05-02-02-01-12.wav,angry
1824,drive/My Drive/Speech Emotion Recognition/data/CREMA/1044_IWL_ANG_XX.wav,angry
1825,drive/My Drive/Speech Emotion Recognition/data/CREMA/1067_IOM_ANG_XX.wav,angry
1826,drive/My Drive/Speech Emotion Recognition/data/CREMA/1021_MTI_SAD_XX.wav,sad
1827,drive/My Drive/Speech Emotion Recognition/data/CREMA/1010_IEO_SAD_HI.wav,sad
1828,drive/My Drive/Speech Emotion Recognition/data/CREMA/1039_WSI_ANG_XX.wav,angry
1829,drive/My Drive/Speech Emotion Recognition/data/RAVDESS/03-01-04-02-02-02-17.wav,sad
1830,drive/My Drive/Speech Emotion Recognition/data/RAVDESS/03-01-03-02-02-02-14.wav,happy
1831,drive/My Drive/Speech Emotion Recognition/data/CREMA/1035_IEO_HAP_LO.wav,happy
1832,drive/My Drive/Speech Emotion Recognition/data/CREMA/1063_TAI_HAP_XX.wav,happy
1833,drive/My Drive/Speech Emotion Recognition/data/RAVDESS/03-01-05-01-01-02-07.wav,angry
1834,drive/My Drive/Speech Emotion Recognition/data/RAVDESS/03-01-01-01-01-01-04.wav,neutral
1835,drive/My Drive/Speech Emotion Recognition/data/CREMA/1040_WSI_ANG_XX.wav,angry
1836,drive/My Drive/Speech Emotion Recognition/data/CREMA/1067_ITH_SAD_XX.wav,sad
1837,drive/My Drive/Speech Emotion Recognition/data/CREMA/1056_DFA_HAP_XX.wav,happy
1838,drive/My Drive/Speech Emotion Recognition/data/CREMA/1006_IWW_NEU_XX.wav,neutral
1839,drive/My Drive/Speech Emotion Recognition/data/CREMA/1026_DFA_SAD_XX.wav,sad
1840,drive/My Drive/Speech Emotion Recognition/data/CREMA/1052_WSI_HAP_XX.wav,happy
1841,drive/My Drive/Speech Emotion Recognition/data/CREMA/1049_WSI_HAP_XX.wav,happy
1842,drive/My Drive/Speech Emotion Recognition/data/CREMA/1014_ITH_ANG_XX.wav,angry
1843,drive/My Drive/Speech Emotion Recognition/data/CREMA/1017_IEO_ANG_MD.wav,angry
1844,drive/My Drive/Speech Emotion Recognition/data/CREMA/1018_ITH_NEU_XX.wav,neutral
1845,drive/My Drive/Speech Emotion Recognition/data/CREMA/1016_IEO_SAD_LO.wav,sad
1846,drive/My Drive/Speech Emotion Recognition/data/CREMA/1003_IWW_ANG_XX.wav,angry
1847,drive/My Drive/Speech Emotion Recognition/data/CREMA/1050_DFA_ANG_XX.wav,angry
1848,drive/My Drive/Speech Emotion Recognition/data/CREMA/1017_DFA_SAD_XX.wav,sad
1849,drive/My Drive/Speech Emotion Recognition/data/CREMA/1025_MTI_SAD_XX.wav,sad
1850,drive/My Drive/Speech Emotion Recognition/data/CREMA/1061_IWW_SAD_XX.wav,sad
1851,drive/My Drive/Speech Emotion Recognition/data/CREMA/1011_DFA_SAD_XX.wav,sad
1852,drive/My Drive/Speech Emotion Recognition/data/CREMA/1040_IWL_ANG_XX.wav,angry
1853,drive/My Drive/Speech Emotion Recognition/data/CREMA/1003_TAI_SAD_XX.wav,sad
1854,drive/My Drive/Speech Emotion Recognition/data/CREMA/1052_IWL_NEU_XX.wav,neutral
1855,drive/My Drive/Speech Emotion Recognition/data/CREMA/1035_TAI_NEU_XX.wav,neutral
1856,drive/My Drive/Speech Emotion Recognition/data/CREMA/1043_ITH_HAP_XX.wav,happy
1857,drive/My Drive/Speech Emotion Recognition/data/CREMA/1040_ITH_SAD_X.wav,sad
1858,drive/My Drive/Speech Emotion Recognition/data/CREMA/1041_IOM_NEU_XX.wav,neutral
1859,drive/My Drive/Speech Emotion Recognition/data/CREMA/1022_IOM_SAD_XX.wav,sad
1860,drive/My Drive/Speech Emotion Recognition/data/RAVDESS/03-01-01-01-02-02-06.wav,neutral
1861,drive/My Drive/Speech Emotion Recognition/data/CREMA/1032_TSI_SAD_XX.wav,sad
1862,drive/My Drive/Speech Emotion Recognition/data/RAVDESS/03-01-02-01-01-02-22.wav,neutral
1863,drive/My Drive/Speech Emotion Recognition/data/RAVDESS/03-01-04-02-02-01-12.wav,sad
1864,drive/My Drive/Speech Emotion Recognition/data/CREMA/1060_IOM_NEU_XX.wav,neutral
1865,drive/My Drive/Speech Emotion Recognition/data/CREMA/1027_IOM_NEU_XX.wav,neutral
1866,drive/My Drive/Speech Emotion Recognition/data/CREMA/1036_IWL_HAP_XX.wav,happy
1867,drive/My Drive/Speech Emotion Recognition/data/CREMA/1036_ITS_SAD_XX.wav,sad
1868,drive/My Drive/Speech Emotion Recognition/data/CREMA/1039_IWL_SAD_XX.wav,sad
1869,drive/My Drive/Speech Emotion Recognition/data/CREMA/1047_WSI_NEU_XX.wav,neutral
1870,drive/My Drive/Speech Emotion Recognition/data/CREMA/1018_TAI_HAP_XX.wav,happy
1871,drive/My Drive/Speech Emotion Recognition/data/CREMA/1010_IWW_ANG_XX.wav,angry
1872,drive/My Drive/Speech Emotion Recognition/data/CREMA/1043_TSI_HAP_XX.wav,happy
1873,drive/My Drive/Speech Emotion Recognition/data/CREMA/1016_TIE_HAP_XX.wav,happy
1874,drive/My Drive/Speech Emotion Recognition/data/CREMA/1060_MTI_SAD_XX.wav,sad
1875,drive/My Drive/Speech Emotion Recognition/data/CREMA/1060_TSI_ANG_XX.wav,angry
1876,drive/My Drive/Speech Emotion Recognition/data/CREMA/1041_MTI_ANG_XX.wav,angry
1877,drive/My Drive/Speech Emotion Recognition/data/CREMA/1050_DFA_NEU_XX.wav,neutral
1878,drive/My Drive/Speech Emotion Recognition/data/CREMA/1027_TSI_NEU_XX.wav,neutral
1879,drive/My Drive/Speech Emotion Recognition/data/CREMA/1025_IEO_SAD_MD.wav,sad
1880,drive/My Drive/Speech Emotion Recognition/data/CREMA/1031_IOM_SAD_XX.wav,sad
1881,drive/My Drive/Speech Emotion Recognition/data/CREMA/1038_WSI_HAP_XX.wav,happy
1882,drive/My Drive/Speech Emotion Recognition/data/RAVDESS/03-01-02-01-01-01-12.wav,neutral
1883,drive/My Drive/Speech Emotion Recognition/data/CREMA/1030_IEO_HAP_HI.wav,happy
1884,drive/My Drive/Speech Emotion Recognition/data/CREMA/1048_TIE_HAP_XX.wav,happy
1885,drive/My Drive/Speech Emotion Recognition/data/CREMA/1026_ITH_ANG_XX.wav,angry
1886,drive/My Drive/Speech Emotion Recognition/data/CREMA/1046_IWL_ANG_XX.wav,angry
1887,drive/My Drive/Speech Emotion Recognition/data/CREMA/1059_IWW_SAD_XX.wav,sad
1888,drive/My Drive/Speech Emotion Recognition/data/CREMA/1027_IEO_ANG_LO.wav,angry
1889,drive/My Drive/Speech Emotion Recognition/data/CREMA/1031_ITS_NEU_XX.wav,neutral
1890,drive/My Drive/Speech Emotion Recognition/data/CREMA/1040_ITH_NEU_XX.wav,neutral
1891,drive/My Drive/Speech Emotion Recognition/data/CREMA/1021_ITS_NEU_XX.wav,neutral
1892,drive/My Drive/Speech Emotion Recognition/data/CREMA/1012_IEO_HAP_HI.wav,happy
1893,drive/My Drive/Speech Emotion Recognition/data/CREMA/1044_ITS_ANG_XX.wav,angry
1894,drive/My Drive/Speech Emotion Recognition/data/CREMA/1053_ITH_NEU_XX.wav,neutral
1895,drive/My Drive/Speech Emotion Recognition/data/CREMA/1028_IEO_ANG_MD.wav,angry
1896,drive/My Drive/Speech Emotion Recognition/data/CREMA/1057_MTI_SAD_XX.wav,sad
1897,drive/My Drive/Speech Emotion Recognition/data/RAVDESS/03-01-04-01-02-01-22.wav,sad
1898,drive/My Drive/Speech Emotion Recognition/data/RAVDESS/03-01-02-02-02-01-20.wav,neutral
1899,drive/My Drive/Speech Emotion Recognition/data/CREMA/1055_DFA_HAP_XX.wav,happy
1900,drive/My Drive/Speech Emotion Recognition/data/CREMA/1047_ITH_HAP_XX.wav,happy
1901,drive/My Drive/Speech Emotion Recognition/data/RAVDESS/03-01-01-01-02-01-09.wav,neutral
1902,drive/My Drive/Speech Emotion Recognition/data/CREMA/1006_IWL_ANG_XX.wav,angry
1903,drive/My Drive/Speech Emotion Recognition/data/CREMA/1035_IOM_SAD_XX.wav,sad
1904,drive/My Drive/Speech Emotion Recognition/data/CREMA/1009_TIE_ANG_XX.wav,angry
1905,drive/My Drive/Speech Emotion Recognition/data/CREMA/1063_TSI_NEU_XX.wav,neutral
1906,drive/My Drive/Speech Emotion Recognition/data/CREMA/1056_ITS_HAP_XX.wav,happy
1907,drive/My Drive/Speech Emotion Recognition/data/CREMA/1055_IWW_SAD_XX.wav,sad
1908,drive/My Drive/Speech Emotion Recognition/data/CREMA/1065_TIE_ANG_XX.wav,angry
1909,drive/My Drive/Speech Emotion Recognition/data/CREMA/1020_IWL_NEU_XX.wav,neutral
1910,drive/My Drive/Speech Emotion Recognition/data/RAVDESS/03-01-04-02-01-02-12.wav,sad
1911,drive/My Drive/Speech Emotion Recognition/data/CREMA/1004_MTI_ANG_XX.wav,angry
1912,drive/My Drive/Speech Emotion Recognition/data/CREMA/1038_DFA_HAP_XX.wav,happy
1913,drive/My Drive/Speech Emotion Recognition/data/CREMA/1013_IEO_ANG_HI.wav,angry
1914,drive/My Drive/Speech Emotion Recognition/data/CREMA/1049_TAI_SAD_XX.wav,sad
1915,drive/My Drive/Speech Emotion Recognition/data/RAVDESS/03-01-01-01-01-01-17.wav,neutral
1916,drive/My Drive/Speech Emotion Recognition/data/CREMA/1047_ITS_NEU_XX.wav,neutral
1917,drive/My Drive/Speech Emotion Recognition/data/CREMA/1048_MTI_HAP_XX.wav,happy
1918,drive/My Drive/Speech Emotion Recognition/data/CREMA/1031_TAI_HAP_XX.wav,happy
1919,drive/My Drive/Speech Emotion Recognition/data/CREMA/1028_ITS_HAP_XX.wav,happy
1920,drive/My Drive/Speech Emotion Recognition/data/CREMA/1021_IEO_HAP_HI.wav,happy
1921,drive/My Drive/Speech Emotion Recognition/data/CREMA/1045_DFA_ANG_XX.wav,angry
1922,drive/My Drive/Speech Emotion Recognition/data/CREMA/1039_IEO_ANG_MD.wav,angry
1923,drive/My Drive/Speech Emotion Recognition/data/CREMA/1019_ITS_HAP_XX.wav,happy
1924,drive/My Drive/Speech Emotion Recognition/data/RAVDESS/03-01-02-02-01-01-01.wav,neutral
1925,drive/My Drive/Speech Emotion Recognition/data/CREMA/1019_DFA_NEU_XX.wav,neutral
1926,drive/My Drive/Speech Emotion Recognition/data/RAVDESS/03-01-05-01-01-01-04.wav,angry
1927,drive/My Drive/Speech Emotion Recognition/data/RAVDESS/03-01-01-01-02-01-03.wav,neutral
1928,drive/My Drive/Speech Emotion Recognition/data/CREMA/1005_ITS_NEU_XX.wav,neutral
1929,drive/My Drive/Speech Emotion Recognition/data/CREMA/1020_WSI_ANG_XX.wav,angry
1930,drive/My Drive/Speech Emotion Recognition/data/CREMA/1042_TAI_SAD_XX.wav,sad
1931,drive/My Drive/Speech Emotion Recognition/data/CREMA/1018_IOM_NEU_XX.wav,neutral
1932,drive/My Drive/Speech Emotion Recognition/data/CREMA/1007_ITS_NEU_XX.wav,neutral
1933,drive/My Drive/Speech Emotion Recognition/data/RAVDESS/03-01-02-01-01-01-23.wav,neutral
1934,drive/My Drive/Speech Emotion Recognition/data/RAVDESS/03-01-01-01-01-01-24.wav,neutral
1935,drive/My Drive/Speech Emotion Recognition/data/CREMA/1058_IEO_SAD_MD.wav,sad
1936,drive/My Drive/Speech Emotion Recognition/data/CREMA/1062_IEO_SAD_HI.wav,sad
1937,drive/My Drive/Speech Emotion Recognition/data/RAVDESS/03-01-04-02-01-02-04.wav,sad
1938,drive/My Drive/Speech Emotion Recognition/data/CREMA/1028_DFA_NEU_XX.wav,neutral
1939,drive/My Drive/Speech Emotion Recognition/data/CREMA/1067_ITH_HAP_XX.wav,happy
1940,drive/My Drive/Speech Emotion Recognition/data/CREMA/1047_WSI_SAD_XX.wav,sad
1941,drive/My Drive/Speech Emotion Recognition/data/RAVDESS/03-01-02-01-01-01-02.wav,neutral
1942,drive/My Drive/Speech Emotion Recognition/data/CREMA/1009_IEO_SAD_LO.wav,sad
1943,drive/My Drive/Speech Emotion Recognition/data/CREMA/1043_ITS_HAP_XX.wav,happy
1944,drive/My Drive/Speech Emotion Recognition/data/CREMA/1023_ITS_NEU_XX.wav,neutral
1945,drive/My Drive/Speech Emotion Recognition/data/CREMA/1065_TSI_NEU_XX.wav,neutral
1946,drive/My Drive/Speech Emotion Recognition/data/CREMA/1043_IWL_SAD_XX.wav,sad
1947,drive/My Drive/Speech Emotion Recognition/data/CREMA/1047_IEO_HAP_LO.wav,happy
1948,drive/My Drive/Speech Emotion Recognition/data/CREMA/1008_IWW_SAD_XX.wav,sad
1949,drive/My Drive/Speech Emotion Recognition/data/CREMA/1031_IOM_ANG_XX.wav,angry
1950,drive/My Drive/Speech Emotion Recognition/data/CREMA/1037_IEO_ANG_MD.wav,angry
1951,drive/My Drive/Speech Emotion Recognition/data/CREMA/1050_IWW_HAP_XX.wav,happy
1952,drive/My Drive/Speech Emotion Recognition/data/CREMA/1044_IWL_SAD_XX.wav,sad
1953,drive/My Drive/Speech Emotion Recognition/data/CREMA/1034_IWL_NEU_XX.wav,neutral
1954,drive/My Drive/Speech Emotion Recognition/data/RAVDESS/03-01-04-02-01-01-02.wav,sad
1955,drive/My Drive/Speech Emotion Recognition/data/CREMA/1011_TIE_SAD_XX.wav,sad
1956,drive/My Drive/Speech Emotion Recognition/data/CREMA/1019_MTI_SAD_XX.wav,sad
1957,drive/My Drive/Speech Emotion Recognition/data/CREMA/1038_IOM_ANG_XX.wav,angry
1958,drive/My Drive/Speech Emotion Recognition/data/RAVDESS/03-01-05-02-02-01-11.wav,angry
1959,drive/My Drive/Speech Emotion Recognition/data/CREMA/1030_ITH_HAP_XX.wav,happy
1960,drive/My Drive/Speech Emotion Recognition/data/CREMA/1041_TIE_HAP_XX.wav,happy
1961,drive/My Drive/Speech Emotion Recognition/data/CREMA/1064_IOM_NEU_XX.wav,neutral
1962,drive/My Drive/Speech Emotion Recognition/data/CREMA/1034_ITH_NEU_XX.wav,neutral
1963,drive/My Drive/Speech Emotion Recognition/data/CREMA/1001_IWW_SAD_XX.wav,sad
1964,drive/My Drive/Speech Emotion Recognition/data/CREMA/1034_TIE_ANG_XX.wav,angry
1965,drive/My Drive/Speech Emotion Recognition/data/CREMA/1014_MTI_ANG_XX.wav,angry
1966,drive/My Drive/Speech Emotion Recognition/data/RAVDESS/03-01-04-02-01-02-20.wav,sad
1967,drive/My Drive/Speech Emotion Recognition/data/RAVDESS/03-01-05-02-02-01-17.wav,angry
1968,drive/My Drive/Speech Emotion Recognition/data/CREMA/1027_ITS_HAP_XX.wav,happy
1969,drive/My Drive/Speech Emotion Recognition/data/CREMA/1022_TSI_NEU_XX.wav,neutral
1970,drive/My Drive/Speech Emotion Recognition/data/CREMA/1010_TIE_SAD_XX.wav,sad
1971,drive/My Drive/Speech Emotion Recognition/data/CREMA/1022_WSI_HAP_XX.wav,happy
1972,drive/My Drive/Speech Emotion Recognition/data/CREMA/1007_IWW_NEU_XX.wav,neutral
1973,drive/My Drive/Speech Emotion Recognition/data/CREMA/1003_IEO_SAD_MD.wav,sad
1974,drive/My Drive/Speech Emotion Recognition/data/RAVDESS/03-01-04-01-01-02-09.wav,sad
1975,drive/My Drive/Speech Emotion Recognition/data/CREMA/1004_WSI_SAD_XX.wav,sad
1976,drive/My Drive/Speech Emotion Recognition/data/CREMA/1036_IEO_HAP_LO.wav,happy
1977,drive/My Drive/Speech Emotion Recognition/data/RAVDESS/03-01-03-01-01-02-19.wav,happy
1978,drive/My Drive/Speech Emotion Recognition/data/CREMA/1022_ITS_HAP_XX.wav,happy
1979,drive/My Drive/Speech Emotion Recognition/data/CREMA/1054_DFA_HAP_XX.wav,happy
1980,drive/My Drive/Speech Emotion Recognition/data/CREMA/1057_MTI_ANG_XX.wav,angry
1981,drive/My Drive/Speech Emotion Recognition/data/RAVDESS/03-01-05-02-02-02-06.wav,angry
1982,drive/My Drive/Speech Emotion Recognition/data/CREMA/1059_TIE_HAP_XX.wav,happy
1983,drive/My Drive/Speech Emotion Recognition/data/CREMA/1060_TAI_ANG_XX.wav,angry
1984,drive/My Drive/Speech Emotion Recognition/data/CREMA/1001_WSI_HAP_XX.wav,happy
1985,drive/My Drive/Speech Emotion Recognition/data/CREMA/1003_IWW_SAD_XX.wav,sad
1986,drive/My Drive/Speech Emotion Recognition/data/CREMA/1016_IEO_HAP_MD.wav,happy
1987,drive/My Drive/Speech Emotion Recognition/data/CREMA/1052_IWW_HAP_XX.wav,happy
1988,drive/My Drive/Speech Emotion Recognition/data/CREMA/1001_IWW_NEU_XX.wav,neutral
1989,drive/My Drive/Speech Emotion Recognition/data/CREMA/1008_MTI_NEU_XX.wav,neutral
1990,drive/My Drive/Speech Emotion Recognition/data/CREMA/1051_IOM_SAD_XX.wav,sad
1991,drive/My Drive/Speech Emotion Recognition/data/CREMA/1008_IOM_NEU_XX.wav,neutral
1992,drive/My Drive/Speech Emotion Recognition/data/CREMA/1064_TSI_SAD_XX.wav,sad
1993,drive/My Drive/Speech Emotion Recognition/data/CREMA/1040_IEO_HAP_MD.wav,happy
1994,drive/My Drive/Speech Emotion Recognition/data/CREMA/1038_IEO_HAP_MD.wav,happy
1995,drive/My Drive/Speech Emotion Recognition/data/CREMA/1035_ITS_HAP_XX.wav,happy
1996,drive/My Drive/Speech Emotion Recognition/data/CREMA/1048_DFA_SAD_XX.wav,sad
1997,drive/My Drive/Speech Emotion Recognition/data/CREMA/1040_TIE_HAP_XX.wav,happy
1998,drive/My Drive/Speech Emotion Recognition/data/CREMA/1043_TAI_SAD_XX.wav,sad
1999,drive/My Drive/Speech Emotion Recognition/data/CREMA/1040_WSI_SAD_XX.wav,sad
2000,drive/My Drive/Speech Emotion Recognition/data/CREMA/1045_MTI_ANG_XX.wav,angry
2001,drive/My Drive/Speech Emotion Recognition/data/CREMA/1047_ITH_SAD_XX.wav,sad
2002,drive/My Drive/Speech Emotion Recognition/data/CREMA/1048_IEO_NEU_XX.wav,neutral
2003,drive/My Drive/Speech Emotion Recognition/data/CREMA/1037_TSI_NEU_XX.wav,neutral
2004,drive/My Drive/Speech Emotion Recognition/data/CREMA/1037_TAI_ANG_XX.wav,angry
2005,drive/My Drive/Speech Emotion Recognition/data/RAVDESS/03-01-02-01-02-01-08.wav,neutral
2006,drive/My Drive/Speech Emotion Recognition/data/RAVDESS/03-01-04-02-01-01-10.wav,sad
2007,drive/My Drive/Speech Emotion Recognition/data/CREMA/1003_IEO_ANG_MD.wav,angry
2008,drive/My Drive/Speech Emotion Recognition/data/CREMA/1052_ITS_NEU_XX.wav,neutral
2009,drive/My Drive/Speech Emotion Recognition/data/CREMA/1052_IOM_HAP_XX.wav,happy
2010,drive/My Drive/Speech Emotion Recognition/data/CREMA/1038_WSI_NEU_XX.wav,neutral
2011,drive/My Drive/Speech Emotion Recognition/data/CREMA/1030_MTI_HAP_XX.wav,happy
2012,drive/My Drive/Speech Emotion Recognition/data/CREMA/1046_MTI_NEU_XX.wav,neutral
2013,drive/My Drive/Speech Emotion Recognition/data/CREMA/1038_ITS_SAD_XX.wav,sad
2014,drive/My Drive/Speech Emotion Recognition/data/CREMA/1026_IWL_ANG_XX.wav,angry
2015,drive/My Drive/Speech Emotion Recognition/data/CREMA/1054_ITH_HAP_XX.wav,happy
2016,drive/My Drive/Speech Emotion Recognition/data/CREMA/1042_IWL_SAD_XX.wav,sad
2017,drive/My Drive/Speech Emotion Recognition/data/CREMA/1018_ITS_ANG_XX.wav,angry
2018,drive/My Drive/Speech Emotion Recognition/data/RAVDESS/03-01-03-02-02-02-20.wav,happy
2019,drive/My Drive/Speech Emotion Recognition/data/CREMA/1026_IEO_SAD_LO.wav,sad
2020,drive/My Drive/Speech Emotion Recognition/data/CREMA/1061_ITH_HAP_XX.wav,happy
2021,drive/My Drive/Speech Emotion Recognition/data/CREMA/1057_TSI_HAP_XX.wav,happy
2022,drive/My Drive/Speech Emotion Recognition/data/RAVDESS/03-01-01-01-01-02-19.wav,neutral
2023,drive/My Drive/Speech Emotion Recognition/data/CREMA/1028_IEO_SAD_MD.wav,sad
2024,drive/My Drive/Speech Emotion Recognition/data/RAVDESS/03-01-01-01-02-02-12.wav,neutral
2025,drive/My Drive/Speech Emotion Recognition/data/CREMA/1047_IWW_SAD_XX.wav,sad
2026,drive/My Drive/Speech Emotion Recognition/data/CREMA/1066_ITS_SAD_XX.wav,sad
2027,drive/My Drive/Speech Emotion Recognition/data/RAVDESS/03-01-05-01-02-01-18.wav,angry
2028,drive/My Drive/Speech Emotion Recognition/data/CREMA/1020_TSI_HAP_XX.wav,happy
2029,drive/My Drive/Speech Emotion Recognition/data/RAVDESS/03-01-02-02-01-01-05.wav,neutral
2030,drive/My Drive/Speech Emotion Recognition/data/CREMA/1010_ITH_SAD_XX.wav,sad
2031,drive/My Drive/Speech Emotion Recognition/data/RAVDESS/03-01-02-02-02-02-14.wav,neutral
2032,drive/My Drive/Speech Emotion Recognition/data/CREMA/1029_DFA_SAD_XX.wav,sad
2033,drive/My Drive/Speech Emotion Recognition/data/CREMA/1019_IEO_SAD_MD.wav,sad
2034,drive/My Drive/Speech Emotion Recognition/data/RAVDESS/03-01-02-01-01-01-01.wav,neutral
2035,drive/My Drive/Speech Emotion Recognition/data/CREMA/1054_ITS_SAD_XX.wav,sad
2036,drive/My Drive/Speech Emotion Recognition/data/CREMA/1031_ITS_SAD_XX.wav,sad
2037,drive/My Drive/Speech Emotion Recognition/data/CREMA/1057_ITH_SAD_XX.wav,sad
2038,drive/My Drive/Speech Emotion Recognition/data/CREMA/1035_WSI_NEU_XX.wav,neutral
2039,drive/My Drive/Speech Emotion Recognition/data/RAVDESS/03-01-01-01-01-02-15.wav,neutral
2040,drive/My Drive/Speech Emotion Recognition/data/CREMA/1023_TAI_SAD_XX.wav,sad
2041,drive/My Drive/Speech Emotion Recognition/data/CREMA/1053_TSI_NEU_XX.wav,neutral
2042,drive/My Drive/Speech Emotion Recognition/data/CREMA/1002_IEO_SAD_MD.wav,sad
2043,drive/My Drive/Speech Emotion Recognition/data/RAVDESS/03-01-02-01-01-02-16.wav,neutral
2044,drive/My Drive/Speech Emotion Recognition/data/CREMA/1017_TIE_HAP_XX.wav,happy
2045,drive/My Drive/Speech Emotion Recognition/data/CREMA/1027_TIE_NEU_XX.wav,neutral
2046,drive/My Drive/Speech Emotion Recognition/data/CREMA/1053_TAI_NEU_XX.wav,neutral
2047,drive/My Drive/Speech Emotion Recognition/data/CREMA/1019_ITS_NEU_XX.wav,neutral
2048,drive/My Drive/Speech Emotion Recognition/data/CREMA/1024_TSI_ANG_XX.wav,angry
2049,drive/My Drive/Speech Emotion Recognition/data/CREMA/1050_TSI_ANG_XX.wav,angry
2050,drive/My Drive/Speech Emotion Recognition/data/CREMA/1029_IOM_ANG_XX.wav,angry
2051,drive/My Drive/Speech Emotion Recognition/data/CREMA/1067_IEO_SAD_MD.wav,sad
2052,drive/My Drive/Speech Emotion Recognition/data/RAVDESS/03-01-04-02-01-02-23.wav,sad
2053,drive/My Drive/Speech Emotion Recognition/data/CREMA/1022_IWW_ANG_XX.wav,angry
2054,drive/My Drive/Speech Emotion Recognition/data/CREMA/1012_IOM_NEU_XX.wav,neutral
2055,drive/My Drive/Speech Emotion Recognition/data/RAVDESS/03-01-02-02-02-01-13.wav,neutral
2056,drive/My Drive/Speech Emotion Recognition/data/CREMA/1037_IOM_SAD_XX.wav,sad
2057,drive/My Drive/Speech Emotion Recognition/data/CREMA/1025_ITS_NEU_XX.wav,neutral
2058,drive/My Drive/Speech Emotion Recognition/data/CREMA/1039_ITS_ANG_XX.wav,angry
2059,drive/My Drive/Speech Emotion Recognition/data/CREMA/1025_IWL_NEU_XX.wav,neutral
2060,drive/My Drive/Speech Emotion Recognition/data/CREMA/1024_MTI_NEU_XX.wav,neutral
2061,drive/My Drive/Speech Emotion Recognition/data/CREMA/1024_IOM_NEU_XX.wav,neutral
2062,drive/My Drive/Speech Emotion Recognition/data/RAVDESS/03-01-03-02-01-01-02.wav,happy
2063,drive/My Drive/Speech Emotion Recognition/data/CREMA/1048_IEO_ANG_HI.wav,angry
2064,drive/My Drive/Speech Emotion Recognition/data/RAVDESS/03-01-02-01-01-01-13.wav,neutral
2065,drive/My Drive/Speech Emotion Recognition/data/RAVDESS/03-01-02-01-01-01-05.wav,neutral
2066,drive/My Drive/Speech Emotion Recognition/data/CREMA/1041_IEO_ANG_LO.wav,angry
2067,drive/My Drive/Speech Emotion Recognition/data/CREMA/1025_TIE_NEU_XX.wav,neutral
2068,drive/My Drive/Speech Emotion Recognition/data/CREMA/1055_TAI_SAD_XX.wav,sad
2069,drive/My Drive/Speech Emotion Recognition/data/CREMA/1012_TSI_ANG_XX.wav,angry
2070,drive/My Drive/Speech Emotion Recognition/data/CREMA/1058_IEO_SAD_LO.wav,sad
2071,drive/My Drive/Speech Emotion Recognition/data/CREMA/1058_TIE_SAD_XX.wav,sad
2072,drive/My Drive/Speech Emotion Recognition/data/CREMA/1014_IEO_HAP_HI.wav,happy
2073,drive/My Drive/Speech Emotion Recognition/data/RAVDESS/03-01-03-02-01-02-15.wav,happy
2074,drive/My Drive/Speech Emotion Recognition/data/CREMA/1003_ITH_NEU_XX.wav,neutral
2075,drive/My Drive/Speech Emotion Recognition/data/CREMA/1015_IEO_SAD_MD.wav,sad
2076,drive/My Drive/Speech Emotion Recognition/data/CREMA/1021_ITH_HAP_XX.wav,happy
2077,drive/My Drive/Speech Emotion Recognition/data/CREMA/1044_ITH_HAP_XX.wav,happy
2078,drive/My Drive/Speech Emotion Recognition/data/CREMA/1010_IWL_HAP_XX.wav,happy
2079,drive/My Drive/Speech Emotion Recognition/data/RAVDESS/03-01-03-01-02-02-05.wav,happy
2080,drive/My Drive/Speech Emotion Recognition/data/CREMA/1062_TIE_NEU_XX.wav,neutral
2081,drive/My Drive/Speech Emotion Recognition/data/CREMA/1023_IEO_SAD_LO.wav,sad
2082,drive/My Drive/Speech Emotion Recognition/data/CREMA/1054_IEO_SAD_MD.wav,sad
2083,drive/My Drive/Speech Emotion Recognition/data/CREMA/1028_MTI_HAP_XX.wav,happy
2084,drive/My Drive/Speech Emotion Recognition/data/CREMA/1026_WSI_ANG_XX.wav,angry
2085,drive/My Drive/Speech Emotion Recognition/data/CREMA/1004_IEO_HAP_LO.wav,happy
2086,drive/My Drive/Speech Emotion Recognition/data/CREMA/1015_IEO_SAD_LO.wav,sad
2087,drive/My Drive/Speech Emotion Recognition/data/CREMA/1049_DFA_SAD_XX.wav,sad
2088,drive/My Drive/Speech Emotion Recognition/data/RAVDESS/03-01-02-01-01-01-15.wav,neutral
2089,drive/My Drive/Speech Emotion Recognition/data/RAVDESS/03-01-04-02-01-01-14.wav,sad
2090,drive/My Drive/Speech Emotion Recognition/data/RAVDESS/03-01-05-01-02-02-10.wav,angry
2091,drive/My Drive/Speech Emotion Recognition/data/CREMA/1065_IOM_HAP_XX.wav,happy
2092,drive/My Drive/Speech Emotion Recognition/data/CREMA/1036_IOM_SAD_XX.wav,sad
2093,drive/My Drive/Speech Emotion Recognition/data/CREMA/1065_IEO_HAP_HI.wav,happy
2094,drive/My Drive/Speech Emotion Recognition/data/RAVDESS/03-01-03-02-01-01-14.wav,happy
2095,drive/My Drive/Speech Emotion Recognition/data/CREMA/1061_TAI_NEU_XX.wav,neutral
2096,drive/My Drive/Speech Emotion Recognition/data/CREMA/1056_WSI_SAD_XX.wav,sad
2097,drive/My Drive/Speech Emotion Recognition/data/RAVDESS/03-01-05-02-01-02-15.wav,angry
2098,drive/My Drive/Speech Emotion Recognition/data/CREMA/1027_IEO_SAD_MD.wav,sad
2099,drive/My Drive/Speech Emotion Recognition/data/RAVDESS/03-01-01-01-01-02-03.wav,neutral
2100,drive/My Drive/Speech Emotion Recognition/data/CREMA/1041_MTI_NEU_XX.wav,neutral
2101,drive/My Drive/Speech Emotion Recognition/data/RAVDESS/03-01-02-01-01-02-18.wav,neutral
2102,drive/My Drive/Speech Emotion Recognition/data/RAVDESS/03-01-02-01-02-02-02.wav,neutral
2103,drive/My Drive/Speech Emotion Recognition/data/CREMA/1003_IEO_HAP_HI.wav,happy
2104,drive/My Drive/Speech Emotion Recognition/data/CREMA/1031_MTI_ANG_XX.wav,angry
2105,drive/My Drive/Speech Emotion Recognition/data/CREMA/1020_IOM_SAD_XX.wav,sad
2106,drive/My Drive/Speech Emotion Recognition/data/CREMA/1025_TIE_SAD_XX.wav,sad
2107,drive/My Drive/Speech Emotion Recognition/data/CREMA/1009_IOM_NEU_XX.wav,neutral
2108,drive/My Drive/Speech Emotion Recognition/data/CREMA/1035_IOM_HAP_XX.wav,happy
2109,drive/My Drive/Speech Emotion Recognition/data/CREMA/1004_IOM_HAP_XX.wav,happy
2110,drive/My Drive/Speech Emotion Recognition/data/CREMA/1027_IEO_SAD_LO.wav,sad
2111,drive/My Drive/Speech Emotion Recognition/data/CREMA/1009_IWW_ANG_XX.wav,angry
2112,drive/My Drive/Speech Emotion Recognition/data/CREMA/1056_TIE_NEU_XX.wav,neutral
2113,drive/My Drive/Speech Emotion Recognition/data/CREMA/1052_TSI_HAP_XX.wav,happy
2114,drive/My Drive/Speech Emotion Recognition/data/CREMA/1004_ITH_NEU_XX.wav,neutral
2115,drive/My Drive/Speech Emotion Recognition/data/CREMA/1042_WSI_ANG_XX.wav,angry
2116,drive/My Drive/Speech Emotion Recognition/data/CREMA/1004_DFA_NEU_XX.wav,neutral
2117,drive/My Drive/Speech Emotion Recognition/data/CREMA/1048_TAI_HAP_XX.wav,happy
2118,drive/My Drive/Speech Emotion Recognition/data/CREMA/1065_WSI_NEU_XX.wav,neutral
2119,drive/My Drive/Speech Emotion Recognition/data/CREMA/1051_ITS_ANG_XX.wav,angry
2120,drive/My Drive/Speech Emotion Recognition/data/CREMA/1030_IOM_SAD_XX.wav,sad
2121,drive/My Drive/Speech Emotion Recognition/data/CREMA/1019_IOM_ANG_XX.wav,angry
2122,drive/My Drive/Speech Emotion Recognition/data/CREMA/1029_IOM_NEU_XX.wav,neutral
2123,drive/My Drive/Speech Emotion Recognition/data/CREMA/1040_ITS_NEU_XX.wav,neutral
2124,drive/My Drive/Speech Emotion Recognition/data/CREMA/1022_IEO_NEU_XX.wav,neutral
2125,drive/My Drive/Speech Emotion Recognition/data/CREMA/1026_IEO_HAP_LO.wav,happy
2126,drive/My Drive/Speech Emotion Recognition/data/CREMA/1002_WSI_HAP_XX.wav,happy
2127,drive/My Drive/Speech Emotion Recognition/data/CREMA/1054_IWL_ANG_XX.wav,angry
2128,drive/My Drive/Speech Emotion Recognition/data/CREMA/1059_DFA_NEU_XX.wav,neutral
2129,drive/My Drive/Speech Emotion Recognition/data/CREMA/1062_IEO_SAD_MD.wav,sad
2130,drive/My Drive/Speech Emotion Recognition/data/CREMA/1061_IWW_NEU_XX.wav,neutral
2131,drive/My Drive/Speech Emotion Recognition/data/RAVDESS/03-01-03-02-02-01-03.wav,happy
2132,drive/My Drive/Speech Emotion Recognition/data/CREMA/1016_TIE_SAD_XX.wav,sad
2133,drive/My Drive/Speech Emotion Recognition/data/RAVDESS/03-01-03-02-02-01-24.wav,happy
2134,drive/My Drive/Speech Emotion Recognition/data/RAVDESS/03-01-05-02-01-02-06.wav,angry
2135,drive/My Drive/Speech Emotion Recognition/data/CREMA/1064_IWW_NEU_XX.wav,neutral
2136,drive/My Drive/Speech Emotion Recognition/data/CREMA/1011_TIE_HAP_XX.wav,happy
2137,drive/My Drive/Speech Emotion Recognition/data/CREMA/1042_IEO_ANG_LO.wav,angry
2138,drive/My Drive/Speech Emotion Recognition/data/CREMA/1010_ITH_NEU_XX.wav,neutral
2139,drive/My Drive/Speech Emotion Recognition/data/CREMA/1049_ITS_HAP_XX.wav,happy
2140,drive/My Drive/Speech Emotion Recognition/data/CREMA/1035_IEO_HAP_MD.wav,happy
2141,drive/My Drive/Speech Emotion Recognition/data/CREMA/1060_IEO_ANG_LO.wav,angry
2142,drive/My Drive/Speech Emotion Recognition/data/RAVDESS/03-01-05-01-01-02-23.wav,angry
2143,drive/My Drive/Speech Emotion Recognition/data/CREMA/1048_TAI_NEU_XX.wav,neutral
2144,drive/My Drive/Speech Emotion Recognition/data/RAVDESS/03-01-05-02-02-02-03.wav,angry
2145,drive/My Drive/Speech Emotion Recognition/data/CREMA/1013_TSI_NEU_XX.wav,neutral
2146,drive/My Drive/Speech Emotion Recognition/data/RAVDESS/03-01-04-02-02-01-15.wav,sad
2147,drive/My Drive/Speech Emotion Recognition/data/CREMA/1042_IWL_NEU_XX.wav,neutral
2148,drive/My Drive/Speech Emotion Recognition/data/RAVDESS/03-01-03-02-02-02-12.wav,happy
2149,drive/My Drive/Speech Emotion Recognition/data/RAVDESS/03-01-04-02-01-01-19.wav,sad
2150,drive/My Drive/Speech Emotion Recognition/data/CREMA/1051_IWL_ANG_XX.wav,angry
2151,drive/My Drive/Speech Emotion Recognition/data/CREMA/1009_IWW_SAD_XX.wav,sad
2152,drive/My Drive/Speech Emotion Recognition/data/CREMA/1066_IWL_SAD_XX.wav,sad
2153,drive/My Drive/Speech Emotion Recognition/data/CREMA/1033_TAI_ANG_XX.wav,angry
2154,drive/My Drive/Speech Emotion Recognition/data/CREMA/1044_WSI_ANG_XX.wav,angry
2155,drive/My Drive/Speech Emotion Recognition/data/RAVDESS/03-01-05-02-01-02-14.wav,angry
2156,drive/My Drive/Speech Emotion Recognition/data/RAVDESS/03-01-02-02-01-02-09.wav,neutral
2157,drive/My Drive/Speech Emotion Recognition/data/CREMA/1002_ITS_NEU_XX.wav,neutral
2158,drive/My Drive/Speech Emotion Recognition/data/CREMA/1048_IWW_HAP_XX.wav,happy
2159,drive/My Drive/Speech Emotion Recognition/data/CREMA/1052_IWW_SAD_XX.wav,sad
2160,drive/My Drive/Speech Emotion Recognition/data/CREMA/1062_TSI_SAD_XX.wav,sad
2161,drive/My Drive/Speech Emotion Recognition/data/CREMA/1046_TIE_HAP_XX.wav,happy
2162,drive/My Drive/Speech Emotion Recognition/data/CREMA/1057_IEO_SAD_LO.wav,sad
2163,drive/My Drive/Speech Emotion Recognition/data/CREMA/1038_IWL_SAD_XX.wav,sad
2164,drive/My Drive/Speech Emotion Recognition/data/RAVDESS/03-01-02-02-01-01-22.wav,neutral
2165,drive/My Drive/Speech Emotion Recognition/data/CREMA/1041_TSI_HAP_XX.wav,happy
2166,drive/My Drive/Speech Emotion Recognition/data/RAVDESS/03-01-02-02-02-01-05.wav,neutral
2167,drive/My Drive/Speech Emotion Recognition/data/RAVDESS/03-01-01-01-01-01-19.wav,neutral
2168,drive/My Drive/Speech Emotion Recognition/data/CREMA/1059_ITS_NEU_XX.wav,neutral
2169,drive/My Drive/Speech Emotion Recognition/data/CREMA/1037_WSI_HAP_XX.wav,happy
2170,drive/My Drive/Speech Emotion Recognition/data/CREMA/1028_ITH_NEU_XX.wav,neutral
2171,drive/My Drive/Speech Emotion Recognition/data/CREMA/1052_IWW_NEU_XX.wav,neutral
2172,drive/My Drive/Speech Emotion Recognition/data/CREMA/1034_IWL_SAD_XX.wav,sad
2173,drive/My Drive/Speech Emotion Recognition/data/RAVDESS/03-01-04-02-02-01-08.wav,sad
2174,drive/My Drive/Speech Emotion Recognition/data/CREMA/1031_WSI_HAP_XX.wav,happy
2175,drive/My Drive/Speech Emotion Recognition/data/CREMA/1044_IEO_HAP_MD.wav,happy
2176,drive/My Drive/Speech Emotion Recognition/data/CREMA/1030_TAI_SAD_XX.wav,sad
2177,drive/My Drive/Speech Emotion Recognition/data/CREMA/1035_TSI_NEU_XX.wav,neutral
2178,drive/My Drive/Speech Emotion Recognition/data/CREMA/1048_TAI_ANG_XX.wav,angry
2179,drive/My Drive/Speech Emotion Recognition/data/CREMA/1043_MTI_SAD_XX.wav,sad
2180,drive/My Drive/Speech Emotion Recognition/data/RAVDESS/03-01-03-02-02-02-09.wav,happy
2181,drive/My Drive/Speech Emotion Recognition/data/RAVDESS/03-01-02-02-01-02-03.wav,neutral
2182,drive/My Drive/Speech Emotion Recognition/data/CREMA/1049_DFA_NEU_XX.wav,neutral
2183,drive/My Drive/Speech Emotion Recognition/data/CREMA/1051_ITH_HAP_XX.wav,happy
2184,drive/My Drive/Speech Emotion Recognition/data/CREMA/1019_TAI_NEU_XX.wav,neutral
2185,drive/My Drive/Speech Emotion Recognition/data/CREMA/1027_IWW_NEU_XX.wav,neutral
2186,drive/My Drive/Speech Emotion Recognition/data/CREMA/1059_IEO_HAP_MD.wav,happy
2187,drive/My Drive/Speech Emotion Recognition/data/RAVDESS/03-01-04-02-02-01-18.wav,sad
2188,drive/My Drive/Speech Emotion Recognition/data/RAVDESS/03-01-04-01-01-02-13.wav,sad
2189,drive/My Drive/Speech Emotion Recognition/data/CREMA/1021_IWL_NEU_XX.wav,neutral
2190,drive/My Drive/Speech Emotion Recognition/data/RAVDESS/03-01-02-02-02-01-07.wav,neutral
2191,drive/My Drive/Speech Emotion Recognition/data/CREMA/1003_TAI_NEU_XX.wav,neutral
2192,drive/My Drive/Speech Emotion Recognition/data/CREMA/1030_IEO_ANG_HI.wav,angry
2193,drive/My Drive/Speech Emotion Recognition/data/CREMA/1016_TSI_ANG_XX.wav,angry
2194,drive/My Drive/Speech Emotion Recognition/data/CREMA/1043_MTI_ANG_XX.wav,angry
2195,drive/My Drive/Speech Emotion Recognition/data/CREMA/1051_TIE_ANG_XX.wav,angry
2196,drive/My Drive/Speech Emotion Recognition/data/CREMA/1019_ITS_ANG_XX.wav,angry
2197,drive/My Drive/Speech Emotion Recognition/data/CREMA/1060_IEO_HAP_MD.wav,happy
2198,drive/My Drive/Speech Emotion Recognition/data/RAVDESS/03-01-05-01-01-01-24.wav,angry
2199,drive/My Drive/Speech Emotion Recognition/data/CREMA/1025_DFA_SAD_XX.wav,sad
2200,drive/My Drive/Speech Emotion Recognition/data/CREMA/1030_TSI_SAD_XX.wav,sad
2201,drive/My Drive/Speech Emotion Recognition/data/CREMA/1046_IWL_SAD_XX.wav,sad
2202,drive/My Drive/Speech Emotion Recognition/data/CREMA/1024_TIE_SAD_XX.wav,sad
2203,drive/My Drive/Speech Emotion Recognition/data/RAVDESS/03-01-03-02-02-02-07.wav,happy
2204,drive/My Drive/Speech Emotion Recognition/data/CREMA/1039_ITH_ANG_XX.wav,angry
2205,drive/My Drive/Speech Emotion Recognition/data/CREMA/1013_IEO_HAP_LO.wav,happy
2206,drive/My Drive/Speech Emotion Recognition/data/CREMA/1005_IWW_ANG_XX.wav,angry
2207,drive/My Drive/Speech Emotion Recognition/data/RAVDESS/03-01-05-02-02-02-07.wav,angry
2208,drive/My Drive/Speech Emotion Recognition/data/CREMA/1012_ITS_HAP_XX (1).wav,happy
2209,drive/My Drive/Speech Emotion Recognition/data/CREMA/1041_DFA_HAP_XX.wav,happy
2210,drive/My Drive/Speech Emotion Recognition/data/CREMA/1048_IEO_SAD_HI.wav,sad
2211,drive/My Drive/Speech Emotion Recognition/data/CREMA/1065_ITS_SAD_XX.wav,sad
2212,drive/My Drive/Speech Emotion Recognition/data/CREMA/1020_TIE_ANG_XX.wav,angry
2213,drive/My Drive/Speech Emotion Recognition/data/RAVDESS/03-01-04-02-01-01-08.wav,sad
2214,drive/My Drive/Speech Emotion Recognition/data/RAVDESS/03-01-03-02-01-02-08.wav,happy
2215,drive/My Drive/Speech Emotion Recognition/data/CREMA/1033_TIE_ANG_XX.wav,angry
2216,drive/My Drive/Speech Emotion Recognition/data/CREMA/1044_IOM_NEU_XX.wav,neutral
2217,drive/My Drive/Speech Emotion Recognition/data/CREMA/1029_IWW_NEU_XX.wav,neutral
2218,drive/My Drive/Speech Emotion Recognition/data/CREMA/1024_IWW_SAD_XX.wav,sad
2219,drive/My Drive/Speech Emotion Recognition/data/RAVDESS/03-01-02-01-01-02-05.wav,neutral
2220,drive/My Drive/Speech Emotion Recognition/data/CREMA/1010_TSI_SAD_XX.wav,sad
2221,drive/My Drive/Speech Emotion Recognition/data/CREMA/1019_WSI_ANG_XX.wav,angry
2222,drive/My Drive/Speech Emotion Recognition/data/RAVDESS/03-01-01-01-01-01-15.wav,neutral
2223,drive/My Drive/Speech Emotion Recognition/data/CREMA/1050_ITS_NEU_XX.wav,neutral
2224,drive/My Drive/Speech Emotion Recognition/data/RAVDESS/03-01-03-02-02-01-17.wav,happy
2225,drive/My Drive/Speech Emotion Recognition/data/CREMA/1012_TAI_HAP_XX.wav,happy
2226,drive/My Drive/Speech Emotion Recognition/data/CREMA/1048_IWW_ANG_XX.wav,angry
2227,drive/My Drive/Speech Emotion Recognition/data/CREMA/1022_IEO_SAD_LO.wav,sad
2228,drive/My Drive/Speech Emotion Recognition/data/CREMA/1054_TAI_NEU_XX.wav,neutral
2229,drive/My Drive/Speech Emotion Recognition/data/RAVDESS/03-01-05-02-02-02-15.wav,angry
2230,drive/My Drive/Speech Emotion Recognition/data/CREMA/1041_MTI_HAP_XX.wav,happy
2231,drive/My Drive/Speech Emotion Recognition/data/CREMA/1067_IWW_HAP_XX.wav,happy
2232,drive/My Drive/Speech Emotion Recognition/data/CREMA/1022_TAI_NEU_XX.wav,neutral
2233,drive/My Drive/Speech Emotion Recognition/data/CREMA/1017_TAI_SAD_XX.wav,sad
2234,drive/My Drive/Speech Emotion Recognition/data/CREMA/1002_DFA_ANG_XX.wav,angry
2235,drive/My Drive/Speech Emotion Recognition/data/CREMA/1041_MTI_SAD_XX.wav,sad
2236,drive/My Drive/Speech Emotion Recognition/data/CREMA/1044_IWL_NEU_XX.wav,neutral
2237,drive/My Drive/Speech Emotion Recognition/data/CREMA/1003_ITH_SAD_XX.wav,sad
2238,drive/My Drive/Speech Emotion Recognition/data/CREMA/1006_MTI_SAD_XX.wav,sad
2239,drive/My Drive/Speech Emotion Recognition/data/CREMA/1031_TIE_ANG_XX.wav,angry
2240,drive/My Drive/Speech Emotion Recognition/data/CREMA/1038_IWL_ANG_XX.wav,angry
2241,drive/My Drive/Speech Emotion Recognition/data/CREMA/1041_IWW_NEU_XX.wav,neutral
2242,drive/My Drive/Speech Emotion Recognition/data/CREMA/1054_TIE_NEU_XX.wav,neutral
2243,drive/My Drive/Speech Emotion Recognition/data/CREMA/1036_IEO_ANG_LO.wav,angry
2244,drive/My Drive/Speech Emotion Recognition/data/CREMA/1050_WSI_HAP_XX.wav,happy
2245,drive/My Drive/Speech Emotion Recognition/data/CREMA/1024_MTI_HAP_XX.wav,happy
2246,drive/My Drive/Speech Emotion Recognition/data/CREMA/1040_TIE_ANG_XX.wav,angry
2247,drive/My Drive/Speech Emotion Recognition/data/CREMA/1053_TAI_HAP_XX.wav,happy
2248,drive/My Drive/Speech Emotion Recognition/data/CREMA/1028_TSI_NEU_XX.wav,neutral
2249,drive/My Drive/Speech Emotion Recognition/data/CREMA/1013_IEO_HAP_HI.wav,happy
2250,drive/My Drive/Speech Emotion Recognition/data/CREMA/1001_MTI_HAP_XX.wav,happy
2251,drive/My Drive/Speech Emotion Recognition/data/RAVDESS/03-01-05-01-01-02-20.wav,angry
2252,drive/My Drive/Speech Emotion Recognition/data/CREMA/1032_ITH_SAD_XX.wav,sad
2253,drive/My Drive/Speech Emotion Recognition/data/CREMA/1034_IWW_NEU_XX.wav,neutral
2254,drive/My Drive/Speech Emotion Recognition/data/RAVDESS/03-01-02-02-02-01-10.wav,neutral
2255,drive/My Drive/Speech Emotion Recognition/data/CREMA/1051_TAI_NEU_XX.wav,neutral
2256,drive/My Drive/Speech Emotion Recognition/data/CREMA/1040_IWL_NEU_XX.wav,neutral
2257,drive/My Drive/Speech Emotion Recognition/data/CREMA/1062_IWW_NEU_XX.wav,neutral
2258,drive/My Drive/Speech Emotion Recognition/data/RAVDESS/03-01-03-02-02-01-10.wav,happy
2259,drive/My Drive/Speech Emotion Recognition/data/CREMA/1002_WSI_ANG_XX.wav,angry
2260,drive/My Drive/Speech Emotion Recognition/data/CREMA/1042_WSI_HAP_XX.wav,happy
2261,drive/My Drive/Speech Emotion Recognition/data/CREMA/1039_IWL_ANG_XX.wav,angry
2262,drive/My Drive/Speech Emotion Recognition/data/CREMA/1041_IEO_HAP_HI.wav,happy
2263,drive/My Drive/Speech Emotion Recognition/data/CREMA/1035_IEO_SAD_MD.wav,sad
2264,drive/My Drive/Speech Emotion Recognition/data/RAVDESS/03-01-04-01-02-01-09.wav,sad
2265,drive/My Drive/Speech Emotion Recognition/data/CREMA/1045_IEO_HAP_HI.wav,happy
2266,drive/My Drive/Speech Emotion Recognition/data/CREMA/1035_IEO_NEU_XX.wav,neutral
2267,drive/My Drive/Speech Emotion Recognition/data/CREMA/1009_TAI_NEU_XX.wav,neutral
2268,drive/My Drive/Speech Emotion Recognition/data/CREMA/1018_WSI_ANG_XX.wav,angry
2269,drive/My Drive/Speech Emotion Recognition/data/CREMA/1007_IEO_NEU_XX.wav,neutral
2270,drive/My Drive/Speech Emotion Recognition/data/RAVDESS/03-01-03-02-02-02-19.wav,happy
2271,drive/My Drive/Speech Emotion Recognition/data/CREMA/1059_ITH_NEU_XX.wav,neutral
2272,drive/My Drive/Speech Emotion Recognition/data/CREMA/1012_TIE_HAP_XX.wav,happy
2273,drive/My Drive/Speech Emotion Recognition/data/CREMA/1034_DFA_ANG_XX.wav,angry
2274,drive/My Drive/Speech Emotion Recognition/data/CREMA/1013_ITH_ANG_XX.wav,angry
2275,drive/My Drive/Speech Emotion Recognition/data/CREMA/1038_ITS_NEU_XX.wav,neutral
2276,drive/My Drive/Speech Emotion Recognition/data/RAVDESS/03-01-03-02-01-01-06.wav,happy
2277,drive/My Drive/Speech Emotion Recognition/data/CREMA/1021_DFA_HAP_XX.wav,happy
2278,drive/My Drive/Speech Emotion Recognition/data/RAVDESS/03-01-05-01-02-02-23.wav,angry
2279,drive/My Drive/Speech Emotion Recognition/data/CREMA/1020_TIE_HAP_XX.wav,happy
2280,drive/My Drive/Speech Emotion Recognition/data/CREMA/1048_ITH_NEU_XX.wav,neutral
2281,drive/My Drive/Speech Emotion Recognition/data/CREMA/1032_IOM_ANG_XX.wav,angry
2282,drive/My Drive/Speech Emotion Recognition/data/CREMA/1063_ITS_NEU_XX.wav,neutral
2283,drive/My Drive/Speech Emotion Recognition/data/CREMA/1045_TSI_HAP_XX.wav,happy
2284,drive/My Drive/Speech Emotion Recognition/data/CREMA/1030_TIE_NEU_XX.wav,neutral
2285,drive/My Drive/Speech Emotion Recognition/data/CREMA/1032_ITS_SAD_XX.wav,sad
2286,drive/My Drive/Speech Emotion Recognition/data/CREMA/1053_WSI_SAD_XX.wav,sad
2287,drive/My Drive/Speech Emotion Recognition/data/CREMA/1002_IWL_NEU_XX.wav,neutral
2288,drive/My Drive/Speech Emotion Recognition/data/CREMA/1015_TIE_SAD_XX.wav,sad
2289,drive/My Drive/Speech Emotion Recognition/data/CREMA/1045_TAI_SAD_XX.wav,sad
2290,drive/My Drive/Speech Emotion Recognition/data/CREMA/1061_IEO_HAP_LO.wav,happy
2291,drive/My Drive/Speech Emotion Recognition/data/RAVDESS/03-01-01-01-01-02-20.wav,neutral
2292,drive/My Drive/Speech Emotion Recognition/data/CREMA/1054_TIE_HAP_XX.wav,happy
2293,drive/My Drive/Speech Emotion Recognition/data/CREMA/1021_IWL_ANG_XX.wav,angry
2294,drive/My Drive/Speech Emotion Recognition/data/CREMA/1054_IWW_ANG_XX.wav,angry
2295,drive/My Drive/Speech Emotion Recognition/data/CREMA/1036_IWW_SAD_XX.wav,sad
2296,drive/My Drive/Speech Emotion Recognition/data/CREMA/1036_IWW_NEU_XX.wav,neutral
2297,drive/My Drive/Speech Emotion Recognition/data/CREMA/1001_IOM_SAD_XX.wav,sad
2298,drive/My Drive/Speech Emotion Recognition/data/CREMA/1015_TSI_SAD_XX.wav,sad
2299,drive/My Drive/Speech Emotion Recognition/data/CREMA/1029_IWL_SAD_XX.wav,sad
2300,drive/My Drive/Speech Emotion Recognition/data/CREMA/1001_IWW_HAP_XX.wav,happy
2301,drive/My Drive/Speech Emotion Recognition/data/CREMA/1057_IEO_ANG_MD.wav,angry
2302,drive/My Drive/Speech Emotion Recognition/data/CREMA/1046_IWW_NEU_XX.wav,neutral
2303,drive/My Drive/Speech Emotion Recognition/data/CREMA/1038_IWW_ANG_XX.wav,angry
2304,drive/My Drive/Speech Emotion Recognition/data/RAVDESS/03-01-03-02-01-02-12.wav,happy
2305,drive/My Drive/Speech Emotion Recognition/data/CREMA/1063_DFA_NEU_XX.wav,neutral
2306,drive/My Drive/Speech Emotion Recognition/data/CREMA/1061_IEO_ANG_HI.wav,angry
2307,drive/My Drive/Speech Emotion Recognition/data/CREMA/1016_IWW_SAD_XX.wav,sad
2308,drive/My Drive/Speech Emotion Recognition/data/CREMA/1006_IEO_SAD_HI.wav,sad
2309,drive/My Drive/Speech Emotion Recognition/data/CREMA/1015_IEO_HAP_LO.wav,happy
2310,drive/My Drive/Speech Emotion Recognition/data/RAVDESS/03-01-05-01-02-02-05.wav,angry
2311,drive/My Drive/Speech Emotion Recognition/data/CREMA/1039_IEO_HAP_HI.wav,happy
2312,drive/My Drive/Speech Emotion Recognition/data/CREMA/1056_TAI_NEU_XX.wav,neutral
2313,drive/My Drive/Speech Emotion Recognition/data/CREMA/1034_TAI_SAD_XX.wav,sad
2314,drive/My Drive/Speech Emotion Recognition/data/CREMA/1001_TIE_HAP_XX.wav,happy
2315,drive/My Drive/Speech Emotion Recognition/data/CREMA/1001_IEO_NEU_XX.wav,neutral
2316,drive/My Drive/Speech Emotion Recognition/data/RAVDESS/03-01-01-01-01-01-22.wav,neutral
2317,drive/My Drive/Speech Emotion Recognition/data/RAVDESS/03-01-02-02-02-01-16.wav,neutral
2318,drive/My Drive/Speech Emotion Recognition/data/CREMA/1016_DFA_HAP_XX.wav,happy
2319,drive/My Drive/Speech Emotion Recognition/data/CREMA/1017_DFA_NEU_XX.wav,neutral
2320,drive/My Drive/Speech Emotion Recognition/data/CREMA/1049_ITH_NEU_XX.wav,neutral
2321,drive/My Drive/Speech Emotion Recognition/data/CREMA/1049_TIE_NEU_XX.wav,neutral
2322,drive/My Drive/Speech Emotion Recognition/data/CREMA/1036_ITS_NEU_XX.wav,neutral
2323,drive/My Drive/Speech Emotion Recognition/data/CREMA/1030_IEO_ANG_MD.wav,angry
2324,drive/My Drive/Speech Emotion Recognition/data/CREMA/1054_IWL_NEU_XX.wav,neutral
2325,drive/My Drive/Speech Emotion Recognition/data/CREMA/1056_TAI_SAD_XX.wav,sad
2326,drive/My Drive/Speech Emotion Recognition/data/CREMA/1025_DFA_HAP_XX.wav,happy
2327,drive/My Drive/Speech Emotion Recognition/data/RAVDESS/03-01-04-02-02-02-02.wav,sad
2328,drive/My Drive/Speech Emotion Recognition/data/CREMA/1008_IEO_ANG_HI.wav,angry
2329,drive/My Drive/Speech Emotion Recognition/data/CREMA/1022_WSI_NEU_XX.wav,neutral
2330,drive/My Drive/Speech Emotion Recognition/data/RAVDESS/03-01-02-02-02-02-10.wav,neutral
2331,drive/My Drive/Speech Emotion Recognition/data/CREMA/1058_TSI_NEU_XX.wav,neutral
2332,drive/My Drive/Speech Emotion Recognition/data/CREMA/1058_TAI_ANG_XX.wav,angry
2333,drive/My Drive/Speech Emotion Recognition/data/CREMA/1022_IWL_ANG_XX.wav,angry
2334,drive/My Drive/Speech Emotion Recognition/data/CREMA/1016_WSI_HAP_XX.wav,happy
2335,drive/My Drive/Speech Emotion Recognition/data/CREMA/1030_ITH_ANG_XX.wav,angry
2336,drive/My Drive/Speech Emotion Recognition/data/CREMA/1011_MTI_ANG_XX.wav,angry
2337,drive/My Drive/Speech Emotion Recognition/data/RAVDESS/03-01-02-02-02-02-06.wav,neutral
2338,drive/My Drive/Speech Emotion Recognition/data/RAVDESS/03-01-01-01-02-01-02.wav,neutral
2339,drive/My Drive/Speech Emotion Recognition/data/CREMA/1023_IOM_NEU_XX.wav,neutral
2340,drive/My Drive/Speech Emotion Recognition/data/CREMA/1052_IEO_SAD_MD.wav,sad
2341,drive/My Drive/Speech Emotion Recognition/data/CREMA/1008_TIE_HAP_XX.wav,happy
2342,drive/My Drive/Speech Emotion Recognition/data/RAVDESS/03-01-02-01-01-01-07.wav,neutral
2343,drive/My Drive/Speech Emotion Recognition/data/CREMA/1030_ITS_SAD_XX.wav,sad
2344,drive/My Drive/Speech Emotion Recognition/data/CREMA/1016_IEO_HAP_LO.wav,happy
2345,drive/My Drive/Speech Emotion Recognition/data/CREMA/1033_IWW_SAD_XX.wav,sad
2346,drive/My Drive/Speech Emotion Recognition/data/RAVDESS/03-01-04-01-01-02-21.wav,sad
2347,drive/My Drive/Speech Emotion Recognition/data/CREMA/1024_TSI_NEU_XX.wav,neutral
2348,drive/My Drive/Speech Emotion Recognition/data/CREMA/1019_IEO_SAD_LO.wav,sad
2349,drive/My Drive/Speech Emotion Recognition/data/CREMA/1049_IEO_ANG_MD.wav,angry
2350,drive/My Drive/Speech Emotion Recognition/data/CREMA/1007_MTI_SAD_XX.wav,sad
2351,drive/My Drive/Speech Emotion Recognition/data/CREMA/1020_IWW_HAP_XX.wav,happy
2352,drive/My Drive/Speech Emotion Recognition/data/CREMA/1010_ITH_ANG_XX.wav,angry
2353,drive/My Drive/Speech Emotion Recognition/data/RAVDESS/03-01-03-02-02-02-08.wav,happy
2354,drive/My Drive/Speech Emotion Recognition/data/CREMA/1006_DFA_NEU_XX.wav,neutral
2355,drive/My Drive/Speech Emotion Recognition/data/CREMA/1060_ITS_HAP_XX.wav,happy
2356,drive/My Drive/Speech Emotion Recognition/data/RAVDESS/03-01-03-02-02-01-18.wav,happy
2357,drive/My Drive/Speech Emotion Recognition/data/CREMA/1047_TAI_ANG_XX.wav,angry
2358,drive/My Drive/Speech Emotion Recognition/data/CREMA/1036_MTI_HAP_XX.wav,happy
2359,drive/My Drive/Speech Emotion Recognition/data/CREMA/1032_MTI_SAD_XX.wav,sad
2360,drive/My Drive/Speech Emotion Recognition/data/CREMA/1016_MTI_ANG_XX.wav,angry
2361,drive/My Drive/Speech Emotion Recognition/data/CREMA/1012_IEO_SAD_HI.wav,sad
2362,drive/My Drive/Speech Emotion Recognition/data/CREMA/1018_DFA_SAD_XX.wav,sad
2363,drive/My Drive/Speech Emotion Recognition/data/CREMA/1014_WSI_NEU_XX.wav,neutral
2364,drive/My Drive/Speech Emotion Recognition/data/RAVDESS/03-01-03-01-01-02-15.wav,happy
2365,drive/My Drive/Speech Emotion Recognition/data/RAVDESS/03-01-01-01-01-01-01.wav,neutral
2366,drive/My Drive/Speech Emotion Recognition/data/CREMA/1052_ITH_ANG_XX.wav,angry
2367,drive/My Drive/Speech Emotion Recognition/data/RAVDESS/03-01-03-02-02-01-20.wav,happy
2368,drive/My Drive/Speech Emotion Recognition/data/CREMA/1012_MTI_ANG_XX.wav,angry
2369,drive/My Drive/Speech Emotion Recognition/data/RAVDESS/03-01-01-01-02-02-02.wav,neutral
2370,drive/My Drive/Speech Emotion Recognition/data/CREMA/1033_ITS_ANG_XX.wav,angry
2371,drive/My Drive/Speech Emotion Recognition/data/CREMA/1063_TAI_SAD_XX.wav,sad
2372,drive/My Drive/Speech Emotion Recognition/data/CREMA/1032_TIE_HAP_XX.wav,happy
2373,drive/My Drive/Speech Emotion Recognition/data/CREMA/1064_MTI_SAD_XX.wav,sad
2374,drive/My Drive/Speech Emotion Recognition/data/CREMA/1007_DFA_NEU_XX.wav,neutral
2375,drive/My Drive/Speech Emotion Recognition/data/CREMA/1057_TIE_NEU_XX.wav,neutral
2376,drive/My Drive/Speech Emotion Recognition/data/CREMA/1020_IOM_NEU_XX.wav,neutral
2377,drive/My Drive/Speech Emotion Recognition/data/CREMA/1054_MTI_NEU_XX.wav,neutral
2378,drive/My Drive/Speech Emotion Recognition/data/CREMA/1036_IOM_ANG_XX.wav,angry
2379,drive/My Drive/Speech Emotion Recognition/data/CREMA/1003_IWW_NEU_XX.wav,neutral
2380,drive/My Drive/Speech Emotion Recognition/data/CREMA/1066_TIE_HAP_XX.wav,happy
2381,drive/My Drive/Speech Emotion Recognition/data/CREMA/1014_ITS_ANG_XX.wav,angry
2382,drive/My Drive/Speech Emotion Recognition/data/CREMA/1043_WSI_HAP_XX.wav,happy
2383,drive/My Drive/Speech Emotion Recognition/data/RAVDESS/03-01-04-01-02-01-01.wav,sad
2384,drive/My Drive/Speech Emotion Recognition/data/RAVDESS/03-01-05-01-02-01-02.wav,angry
2385,drive/My Drive/Speech Emotion Recognition/data/CREMA/1017_TSI_NEU_XX.wav,neutral
2386,drive/My Drive/Speech Emotion Recognition/data/RAVDESS/03-01-04-02-02-01-05.wav,sad
2387,drive/My Drive/Speech Emotion Recognition/data/CREMA/1036_TAI_NEU_XX.wav,neutral
2388,drive/My Drive/Speech Emotion Recognition/data/CREMA/1002_IWL_ANG_XX.wav,angry
2389,drive/My Drive/Speech Emotion Recognition/data/CREMA/1009_IEO_NEU_XX.wav,neutral
2390,drive/My Drive/Speech Emotion Recognition/data/CREMA/1064_IOM_HAP_XX.wav,happy
2391,drive/My Drive/Speech Emotion Recognition/data/CREMA/1061_IWW_ANG_XX.wav,angry
2392,drive/My Drive/Speech Emotion Recognition/data/CREMA/1049_MTI_ANG_XX.wav,angry
2393,drive/My Drive/Speech Emotion Recognition/data/RAVDESS/03-01-02-02-02-01-15.wav,neutral
2394,drive/My Drive/Speech Emotion Recognition/data/CREMA/1063_ITH_SAD_XX.wav,sad
2395,drive/My Drive/Speech Emotion Recognition/data/CREMA/1037_IEO_NEU_XX.wav,neutral
2396,drive/My Drive/Speech Emotion Recognition/data/CREMA/1025_IWL_ANG_XX.wav,angry
2397,drive/My Drive/Speech Emotion Recognition/data/CREMA/1010_ITS_SAD_XX.wav,sad
2398,drive/My Drive/Speech Emotion Recognition/data/RAVDESS/03-01-05-02-02-01-10.wav,angry
2399,drive/My Drive/Speech Emotion Recognition/data/CREMA/1029_TAI_NEU_XX.wav,neutral
2400,drive/My Drive/Speech Emotion Recognition/data/CREMA/1013_TSI_SAD_XX.wav,sad
2401,drive/My Drive/Speech Emotion Recognition/data/CREMA/1036_ITH_ANG_XX.wav,angry
2402,drive/My Drive/Speech Emotion Recognition/data/CREMA/1029_WSI_ANG_XX.wav,angry
2403,drive/My Drive/Speech Emotion Recognition/data/CREMA/1037_IEO_HAP_LO.wav,happy
2404,drive/My Drive/Speech Emotion Recognition/data/RAVDESS/03-01-04-02-01-01-20.wav,sad
2405,drive/My Drive/Speech Emotion Recognition/data/RAVDESS/03-01-05-02-01-01-07.wav,angry
2406,drive/My Drive/Speech Emotion Recognition/data/CREMA/1047_DFA_HAP_XX.wav,happy
2407,drive/My Drive/Speech Emotion Recognition/data/CREMA/1041_IWW_ANG_XX.wav,angry
2408,drive/My Drive/Speech Emotion Recognition/data/CREMA/1065_TSI_HAP_XX.wav,happy
2409,drive/My Drive/Speech Emotion Recognition/data/CREMA/1043_IOM_NEU_XX.wav,neutral
2410,drive/My Drive/Speech Emotion Recognition/data/CREMA/1013_MTI_SAD_XX.wav,sad
2411,drive/My Drive/Speech Emotion Recognition/data/CREMA/1040_IOM_ANG_XX.wav,angry
2412,drive/My Drive/Speech Emotion Recognition/data/CREMA/1032_DFA_SAD_XX.wav,sad
2413,drive/My Drive/Speech Emotion Recognition/data/CREMA/1046_IWL_NEU_XX.wav,neutral
2414,drive/My Drive/Speech Emotion Recognition/data/CREMA/1020_IEO_HAP_LO.wav,happy
2415,drive/My Drive/Speech Emotion Recognition/data/CREMA/1064_WSI_HAP_XX.wav,happy
2416,drive/My Drive/Speech Emotion Recognition/data/CREMA/1040_IEO_SAD_LO.wav,sad
2417,drive/My Drive/Speech Emotion Recognition/data/CREMA/1046_ITH_ANG_XX.wav,angry
2418,drive/My Drive/Speech Emotion Recognition/data/CREMA/1054_ITS_ANG_XX.wav,angry
2419,drive/My Drive/Speech Emotion Recognition/data/CREMA/1032_TSI_ANG_XX.wav,angry
2420,drive/My Drive/Speech Emotion Recognition/data/RAVDESS/03-01-05-02-02-02-12.wav,angry
2421,drive/My Drive/Speech Emotion Recognition/data/CREMA/1050_IWW_ANG_XX.wav,angry
2422,drive/My Drive/Speech Emotion Recognition/data/CREMA/1057_IEO_SAD_HI.wav,sad
2423,drive/My Drive/Speech Emotion Recognition/data/CREMA/1054_TAI_ANG_XX.wav,angry
2424,drive/My Drive/Speech Emotion Recognition/data/CREMA/1023_MTI_HAP_XX.wav,happy
2425,drive/My Drive/Speech Emotion Recognition/data/CREMA/1066_IWW_SAD_XX.wav,sad
2426,drive/My Drive/Speech Emotion Recognition/data/CREMA/1035_TSI_ANG_XX.wav,angry
2427,drive/My Drive/Speech Emotion Recognition/data/CREMA/1055_WSI_HAP_XX.wav,happy
2428,drive/My Drive/Speech Emotion Recognition/data/CREMA/1008_TSI_ANG_XX.wav,angry
2429,drive/My Drive/Speech Emotion Recognition/data/CREMA/1018_ITH_HAP_XX.wav,happy
2430,drive/My Drive/Speech Emotion Recognition/data/CREMA/1006_ITS_HAP_XX.wav,happy
2431,drive/My Drive/Speech Emotion Recognition/data/CREMA/1047_IWW_HAP_XX.wav,happy
2432,drive/My Drive/Speech Emotion Recognition/data/CREMA/1063_IEO_SAD_LO.wav,sad
2433,drive/My Drive/Speech Emotion Recognition/data/CREMA/1048_WSI_HAP_XX.wav,happy
2434,drive/My Drive/Speech Emotion Recognition/data/RAVDESS/03-01-03-01-01-01-03.wav,happy
2435,drive/My Drive/Speech Emotion Recognition/data/CREMA/1035_ITH_NEU_XX.wav,neutral
2436,drive/My Drive/Speech Emotion Recognition/data/CREMA/1054_IWW_NEU_XX.wav,neutral
2437,drive/My Drive/Speech Emotion Recognition/data/CREMA/1002_ITH_HAP_XX.wav,happy
2438,drive/My Drive/Speech Emotion Recognition/data/RAVDESS/03-01-03-01-01-01-05.wav,happy
2439,drive/My Drive/Speech Emotion Recognition/data/RAVDESS/03-01-05-02-02-01-01.wav,angry
2440,drive/My Drive/Speech Emotion Recognition/data/CREMA/1037_TIE_NEU_XX.wav,neutral
2441,drive/My Drive/Speech Emotion Recognition/data/CREMA/1021_IEO_HAP_MD.wav,happy
2442,drive/My Drive/Speech Emotion Recognition/data/RAVDESS/03-01-04-01-02-01-02.wav,sad
2443,drive/My Drive/Speech Emotion Recognition/data/RAVDESS/03-01-02-02-01-01-24.wav,neutral
2444,drive/My Drive/Speech Emotion Recognition/data/CREMA/1063_MTI_ANG_XX.wav,angry
2445,drive/My Drive/Speech Emotion Recognition/data/RAVDESS/03-01-04-02-02-02-15.wav,sad
2446,drive/My Drive/Speech Emotion Recognition/data/CREMA/1059_IEO_ANG_HI.wav,angry
2447,drive/My Drive/Speech Emotion Recognition/data/CREMA/1044_IOM_SAD_XX.wav,sad
2448,drive/My Drive/Speech Emotion Recognition/data/CREMA/1028_IEO_SAD_HI.wav,sad
2449,drive/My Drive/Speech Emotion Recognition/data/RAVDESS/03-01-01-01-01-02-13.wav,neutral
2450,drive/My Drive/Speech Emotion Recognition/data/CREMA/1058_WSI_ANG_XX.wav,angry
2451,drive/My Drive/Speech Emotion Recognition/data/CREMA/1032_IEO_HAP_HI.wav,happy
2452,drive/My Drive/Speech Emotion Recognition/data/CREMA/1006_MTI_ANG_XX.wav,angry
2453,drive/My Drive/Speech Emotion Recognition/data/CREMA/1028_TIE_ANG_XX.wav,angry
2454,drive/My Drive/Speech Emotion Recognition/data/CREMA/1029_IEO_NEU_XX.wav,neutral
2455,drive/My Drive/Speech Emotion Recognition/data/CREMA/1049_IEO_HAP_MD.wav,happy
2456,drive/My Drive/Speech Emotion Recognition/data/CREMA/1008_IWL_SAD_XX.wav,sad
2457,drive/My Drive/Speech Emotion Recognition/data/RAVDESS/03-01-03-01-01-01-24.wav,happy
2458,drive/My Drive/Speech Emotion Recognition/data/RAVDESS/03-01-04-02-01-02-01.wav,sad
2459,drive/My Drive/Speech Emotion Recognition/data/CREMA/1030_IWL_NEU_XX.wav,neutral
2460,drive/My Drive/Speech Emotion Recognition/data/RAVDESS/03-01-02-01-02-02-15.wav,neutral
2461,drive/My Drive/Speech Emotion Recognition/data/RAVDESS/03-01-02-02-02-02-11.wav,neutral
2462,drive/My Drive/Speech Emotion Recognition/data/CREMA/1062_DFA_HAP_XX.wav,happy
2463,drive/My Drive/Speech Emotion Recognition/data/CREMA/1003_IEO_ANG_HI.wav,angry
2464,drive/My Drive/Speech Emotion Recognition/data/CREMA/1036_ITH_HAP_XX.wav,happy
2465,drive/My Drive/Speech Emotion Recognition/data/CREMA/1048_TSI_SAD_XX.wav,sad
2466,drive/My Drive/Speech Emotion Recognition/data/CREMA/1013_IOM_NEU_XX.wav,neutral
2467,drive/My Drive/Speech Emotion Recognition/data/CREMA/1020_WSI_HAP_XX.wav,happy
2468,drive/My Drive/Speech Emotion Recognition/data/RAVDESS/03-01-04-02-02-02-14.wav,sad
2469,drive/My Drive/Speech Emotion Recognition/data/CREMA/1005_WSI_HAP_XX.wav,happy
2470,drive/My Drive/Speech Emotion Recognition/data/CREMA/1021_DFA_NEU_XX.wav,neutral
2471,drive/My Drive/Speech Emotion Recognition/data/CREMA/1058_IOM_HAP_XX.wav,happy
2472,drive/My Drive/Speech Emotion Recognition/data/CREMA/1031_IEO_ANG_HI.wav,angry
2473,drive/My Drive/Speech Emotion Recognition/data/CREMA/1018_IEO_NEU_XX.wav,neutral
2474,drive/My Drive/Speech Emotion Recognition/data/CREMA/1060_TAI_HAP_XX.wav,happy
2475,drive/My Drive/Speech Emotion Recognition/data/RAVDESS/03-01-02-01-02-02-20.wav,neutral
2476,drive/My Drive/Speech Emotion Recognition/data/RAVDESS/03-01-03-02-01-02-04.wav,happy
2477,drive/My Drive/Speech Emotion Recognition/data/CREMA/1015_TSI_ANG_XX.wav,angry
2478,drive/My Drive/Speech Emotion Recognition/data/CREMA/1010_DFA_ANG_XX.wav,angry
2479,drive/My Drive/Speech Emotion Recognition/data/RAVDESS/03-01-04-02-01-01-22.wav,sad
2480,drive/My Drive/Speech Emotion Recognition/data/CREMA/1009_WSI_HAP_XX.wav,happy
2481,drive/My Drive/Speech Emotion Recognition/data/CREMA/1016_TIE_NEU_XX.wav,neutral
2482,drive/My Drive/Speech Emotion Recognition/data/CREMA/1052_ITS_SAD_XX.wav,sad
2483,drive/My Drive/Speech Emotion Recognition/data/RAVDESS/03-01-03-01-01-01-14.wav,happy
2484,drive/My Drive/Speech Emotion Recognition/data/CREMA/1023_TSI_HAP_XX.wav,happy
2485,drive/My Drive/Speech Emotion Recognition/data/CREMA/1054_IEO_NEU_XX.wav,neutral
2486,drive/My Drive/Speech Emotion Recognition/data/CREMA/1014_IWW_SAD_XX.wav,sad
2487,drive/My Drive/Speech Emotion Recognition/data/CREMA/1040_TAI_SAD_XX.wav,sad
2488,drive/My Drive/Speech Emotion Recognition/data/CREMA/1030_IEO_HAP_MD.wav,happy
2489,drive/My Drive/Speech Emotion Recognition/data/CREMA/1030_IWW_SAD_XX.wav,sad
2490,drive/My Drive/Speech Emotion Recognition/data/CREMA/1066_IWL_NEU_XX.wav,neutral
2491,drive/My Drive/Speech Emotion Recognition/data/RAVDESS/03-01-02-02-02-01-22.wav,neutral
2492,drive/My Drive/Speech Emotion Recognition/data/RAVDESS/03-01-05-02-02-02-21.wav,angry
2493,drive/My Drive/Speech Emotion Recognition/data/RAVDESS/03-01-05-02-01-02-24.wav,angry
2494,drive/My Drive/Speech Emotion Recognition/data/CREMA/1011_IWL_NEU_XX.wav,neutral
2495,drive/My Drive/Speech Emotion Recognition/data/CREMA/1054_MTI_ANG_XX.wav,angry
2496,drive/My Drive/Speech Emotion Recognition/data/CREMA/1061_DFA_ANG_XX.wav,angry
2497,drive/My Drive/Speech Emotion Recognition/data/CREMA/1020_IEO_NEU_XX.wav,neutral
2498,drive/My Drive/Speech Emotion Recognition/data/CREMA/1034_IEO_SAD_HI.wav,sad
2499,drive/My Drive/Speech Emotion Recognition/data/CREMA/1012_IEO_HAP_MD.wav,happy
2500,drive/My Drive/Speech Emotion Recognition/data/CREMA/1005_DFA_SAD_XX.wav,sad
2501,drive/My Drive/Speech Emotion Recognition/data/CREMA/1027_MTI_SAD_XX.wav,sad
2502,drive/My Drive/Speech Emotion Recognition/data/CREMA/1045_ITS_SAD_XX.wav,sad
2503,drive/My Drive/Speech Emotion Recognition/data/CREMA/1029_IEO_HAP_MD.wav,happy
2504,drive/My Drive/Speech Emotion Recognition/data/CREMA/1016_ITH_NEU_XX.wav,neutral
2505,drive/My Drive/Speech Emotion Recognition/data/RAVDESS/03-01-04-01-02-01-17.wav,sad
2506,drive/My Drive/Speech Emotion Recognition/data/RAVDESS/03-01-02-02-01-01-17.wav,neutral
2507,drive/My Drive/Speech Emotion Recognition/data/CREMA/1026_WSI_SAD_XX.wav,sad
2508,drive/My Drive/Speech Emotion Recognition/data/CREMA/1059_WSI_HAP_XX.wav,happy
2509,drive/My Drive/Speech Emotion Recognition/data/CREMA/1033_IOM_ANG_XX.wav,angry
2510,drive/My Drive/Speech Emotion Recognition/data/CREMA/1032_ITS_ANG_XX.wav,angry
2511,drive/My Drive/Speech Emotion Recognition/data/CREMA/1003_MTI_NEU_XX.wav,neutral
2512,drive/My Drive/Speech Emotion Recognition/data/RAVDESS/03-01-04-02-01-02-24.wav,sad
2513,drive/My Drive/Speech Emotion Recognition/data/CREMA/1040_IEO_NEU_XX.wav,neutral
2514,drive/My Drive/Speech Emotion Recognition/data/CREMA/1060_IEO_SAD_LO.wav,sad
2515,drive/My Drive/Speech Emotion Recognition/data/CREMA/1064_DFA_ANG_XX.wav,angry
2516,drive/My Drive/Speech Emotion Recognition/data/CREMA/1008_IEO_SAD_LO.wav,sad
2517,drive/My Drive/Speech Emotion Recognition/data/CREMA/1007_IEO_HAP_MD.wav,happy
2518,drive/My Drive/Speech Emotion Recognition/data/RAVDESS/03-01-03-01-01-02-20.wav,happy
2519,drive/My Drive/Speech Emotion Recognition/data/RAVDESS/03-01-02-01-02-01-07.wav,neutral
2520,drive/My Drive/Speech Emotion Recognition/data/CREMA/1039_IWW_ANG_XX.wav,angry
2521,drive/My Drive/Speech Emotion Recognition/data/CREMA/1041_IEO_ANG_MD.wav,angry
2522,drive/My Drive/Speech Emotion Recognition/data/RAVDESS/03-01-05-01-02-01-07.wav,angry
2523,drive/My Drive/Speech Emotion Recognition/data/CREMA/1004_ITH_SAD_XX.wav,sad
2524,drive/My Drive/Speech Emotion Recognition/data/CREMA/1027_IEO_HAP_MD.wav,happy
2525,drive/My Drive/Speech Emotion Recognition/data/CREMA/1033_DFA_HAP_XX.wav,happy
2526,drive/My Drive/Speech Emotion Recognition/data/CREMA/1008_IWL_ANG_XX.wav,angry
2527,drive/My Drive/Speech Emotion Recognition/data/CREMA/1026_IWW_HAP_XX.wav,happy
2528,drive/My Drive/Speech Emotion Recognition/data/RAVDESS/03-01-04-01-02-01-24.wav,sad
2529,drive/My Drive/Speech Emotion Recognition/data/RAVDESS/03-01-02-02-01-02-08.wav,neutral
2530,drive/My Drive/Speech Emotion Recognition/data/RAVDESS/03-01-02-01-01-02-10.wav,neutral
2531,drive/My Drive/Speech Emotion Recognition/data/CREMA/1028_WSI_ANG_XX.wav,angry
2532,drive/My Drive/Speech Emotion Recognition/data/CREMA/1057_DFA_ANG_XX.wav,angry
2533,drive/My Drive/Speech Emotion Recognition/data/CREMA/1065_MTI_HAP_XX.wav,happy
2534,drive/My Drive/Speech Emotion Recognition/data/CREMA/1041_TIE_NEU_XX.wav,neutral
2535,drive/My Drive/Speech Emotion Recognition/data/RAVDESS/03-01-03-02-02-02-13.wav,happy
2536,drive/My Drive/Speech Emotion Recognition/data/CREMA/1015_ITH_HAP_XX.wav,happy
2537,drive/My Drive/Speech Emotion Recognition/data/CREMA/1048_IWW_NEU_XX.wav,neutral
2538,drive/My Drive/Speech Emotion Recognition/data/CREMA/1001_TIE_NEU_XX.wav,neutral
2539,drive/My Drive/Speech Emotion Recognition/data/CREMA/1044_IWW_SAD_XX.wav,sad
2540,drive/My Drive/Speech Emotion Recognition/data/CREMA/1060_TIE_SAD_XX.wav,sad
2541,drive/My Drive/Speech Emotion Recognition/data/CREMA/1059_IWW_ANG_XX.wav,angry
2542,drive/My Drive/Speech Emotion Recognition/data/RAVDESS/03-01-04-01-02-01-12.wav,sad
2543,drive/My Drive/Speech Emotion Recognition/data/RAVDESS/03-01-03-01-01-02-01.wav,happy
2544,drive/My Drive/Speech Emotion Recognition/data/CREMA/1043_TSI_ANG_XX.wav,angry
2545,drive/My Drive/Speech Emotion Recognition/data/CREMA/1044_TIE_HAP_XX.wav,happy
2546,drive/My Drive/Speech Emotion Recognition/data/CREMA/1012_IWW_NEU_XX.wav,neutral
2547,drive/My Drive/Speech Emotion Recognition/data/CREMA/1016_TIE_ANG_XX.wav,angry
2548,drive/My Drive/Speech Emotion Recognition/data/RAVDESS/03-01-02-01-01-02-04.wav,neutral
2549,drive/My Drive/Speech Emotion Recognition/data/CREMA/1048_DFA_HAP_XX.wav,happy
2550,drive/My Drive/Speech Emotion Recognition/data/RAVDESS/03-01-01-01-02-02-17.wav,neutral
2551,drive/My Drive/Speech Emotion Recognition/data/CREMA/1001_DFA_HAP_XX.wav,happy
2552,drive/My Drive/Speech Emotion Recognition/data/CREMA/1022_ITH_ANG_XX.wav,angry
2553,drive/My Drive/Speech Emotion Recognition/data/RAVDESS/03-01-03-02-02-01-13.wav,happy
2554,drive/My Drive/Speech Emotion Recognition/data/CREMA/1002_IEO_SAD_LO.wav,sad
2555,drive/My Drive/Speech Emotion Recognition/data/CREMA/1067_IWW_SAD_XX.wav,sad
2556,drive/My Drive/Speech Emotion Recognition/data/CREMA/1064_IEO_SAD_MD.wav,sad
2557,drive/My Drive/Speech Emotion Recognition/data/RAVDESS/03-01-05-02-02-01-13.wav,angry
2558,drive/My Drive/Speech Emotion Recognition/data/CREMA/1004_MTI_NEU_XX.wav,neutral
2559,drive/My Drive/Speech Emotion Recognition/data/CREMA/1029_IEO_HAP_HI.wav,happy
2560,drive/My Drive/Speech Emotion Recognition/data/CREMA/1040_IEO_SAD_MD.wav,sad
2561,drive/My Drive/Speech Emotion Recognition/data/CREMA/1025_IEO_HAP_LO.wav,happy
2562,drive/My Drive/Speech Emotion Recognition/data/CREMA/1049_TSI_NEU_XX.wav,neutral
2563,drive/My Drive/Speech Emotion Recognition/data/RAVDESS/03-01-05-01-02-02-07.wav,angry
2564,drive/My Drive/Speech Emotion Recognition/data/CREMA/1064_IWW_HAP_XX.wav,happy
2565,drive/My Drive/Speech Emotion Recognition/data/CREMA/1045_IWL_SAD_XX.wav,sad
2566,drive/My Drive/Speech Emotion Recognition/data/CREMA/1052_TAI_HAP_XX.wav,happy
2567,drive/My Drive/Speech Emotion Recognition/data/CREMA/1031_IEO_HAP_HI.wav,happy
2568,drive/My Drive/Speech Emotion Recognition/data/CREMA/1035_TAI_ANG_XX.wav,angry
2569,drive/My Drive/Speech Emotion Recognition/data/CREMA/1063_MTI_HAP_XX.wav,happy
2570,drive/My Drive/Speech Emotion Recognition/data/CREMA/1025_IWW_SAD_XX.wav,sad
2571,drive/My Drive/Speech Emotion Recognition/data/CREMA/1014_IEO_ANG_HI.wav,angry
2572,drive/My Drive/Speech Emotion Recognition/data/CREMA/1063_IWW_HAP_XX.wav,happy
2573,drive/My Drive/Speech Emotion Recognition/data/CREMA/1004_ITS_ANG_XX.wav,angry
2574,drive/My Drive/Speech Emotion Recognition/data/CREMA/1004_DFA_SAD_XX.wav,sad
2575,drive/My Drive/Speech Emotion Recognition/data/CREMA/1065_TAI_HAP_XX.wav,happy
2576,drive/My Drive/Speech Emotion Recognition/data/CREMA/1032_TAI_HAP_XX.wav,happy
2577,drive/My Drive/Speech Emotion Recognition/data/CREMA/1043_IEO_SAD_LO.wav,sad
2578,drive/My Drive/Speech Emotion Recognition/data/CREMA/1023_IEO_ANG_MD.wav,angry
2579,drive/My Drive/Speech Emotion Recognition/data/CREMA/1040_MTI_ANG_XX.wav,angry
2580,drive/My Drive/Speech Emotion Recognition/data/CREMA/1048_IEO_SAD_LO.wav,sad
2581,drive/My Drive/Speech Emotion Recognition/data/RAVDESS/03-01-05-02-02-01-24.wav,angry
2582,drive/My Drive/Speech Emotion Recognition/data/CREMA/1044_ITS_SAD_XX.wav,sad
2583,drive/My Drive/Speech Emotion Recognition/data/CREMA/1064_TIE_SAD_XX.wav,sad
2584,drive/My Drive/Speech Emotion Recognition/data/CREMA/1042_IWW_SAD_XX.wav,sad
2585,drive/My Drive/Speech Emotion Recognition/data/RAVDESS/03-01-03-01-02-01-14.wav,happy
2586,drive/My Drive/Speech Emotion Recognition/data/CREMA/1008_IEO_NEU_XX.wav,neutral
2587,drive/My Drive/Speech Emotion Recognition/data/CREMA/1062_IWL_ANG_XX.wav,angry
2588,drive/My Drive/Speech Emotion Recognition/data/CREMA/1022_IEO_SAD_MD.wav,sad
2589,drive/My Drive/Speech Emotion Recognition/data/RAVDESS/03-01-04-02-01-02-13.wav,sad
2590,drive/My Drive/Speech Emotion Recognition/data/RAVDESS/03-01-05-02-02-02-23.wav,angry
2591,drive/My Drive/Speech Emotion Recognition/data/CREMA/1035_IEO_ANG_HI.wav,angry
2592,drive/My Drive/Speech Emotion Recognition/data/CREMA/1045_ITS_NEU_XX.wav,neutral
2593,drive/My Drive/Speech Emotion Recognition/data/CREMA/1058_IWL_NEU_XX.wav,neutral
2594,drive/My Drive/Speech Emotion Recognition/data/CREMA/1025_MTI_HAP_XX.wav,happy
2595,drive/My Drive/Speech Emotion Recognition/data/CREMA/1044_DFA_ANG_XX.wav,angry
2596,drive/My Drive/Speech Emotion Recognition/data/CREMA/1056_ITH_NEU_XX.wav,neutral
2597,drive/My Drive/Speech Emotion Recognition/data/RAVDESS/03-01-05-02-02-02-19.wav,angry
2598,drive/My Drive/Speech Emotion Recognition/data/CREMA/1003_TAI_HAP_XX.wav,happy
2599,drive/My Drive/Speech Emotion Recognition/data/CREMA/1053_IWL_SAD_XX.wav,sad
2600,drive/My Drive/Speech Emotion Recognition/data/CREMA/1062_IWW_ANG_XX.wav,angry
2601,drive/My Drive/Speech Emotion Recognition/data/CREMA/1036_DFA_HAP_XX.wav,happy
2602,drive/My Drive/Speech Emotion Recognition/data/CREMA/1017_DFA_HAP_XX.wav,happy
2603,drive/My Drive/Speech Emotion Recognition/data/CREMA/1038_ITH_NEU_XX.wav,neutral
2604,drive/My Drive/Speech Emotion Recognition/data/CREMA/1021_TSI_ANG_XX.wav,angry
2605,drive/My Drive/Speech Emotion Recognition/data/CREMA/1015_ITH_ANG_XX.wav,angry
2606,drive/My Drive/Speech Emotion Recognition/data/CREMA/1026_TAI_HAP_XX.wav,happy
2607,drive/My Drive/Speech Emotion Recognition/data/CREMA/1005_TSI_ANG_XX.wav,angry
2608,drive/My Drive/Speech Emotion Recognition/data/CREMA/1012_IEO_HAP_LO.wav,happy
2609,drive/My Drive/Speech Emotion Recognition/data/CREMA/1004_ITS_SAD_XX.wav,sad
2610,drive/My Drive/Speech Emotion Recognition/data/RAVDESS/03-01-01-01-02-01-11.wav,neutral
2611,drive/My Drive/Speech Emotion Recognition/data/RAVDESS/03-01-04-02-02-02-16.wav,sad
2612,drive/My Drive/Speech Emotion Recognition/data/RAVDESS/03-01-04-02-01-01-23.wav,sad
2613,drive/My Drive/Speech Emotion Recognition/data/CREMA/1059_TSI_NEU_XX.wav,neutral
2614,drive/My Drive/Speech Emotion Recognition/data/RAVDESS/03-01-04-01-02-02-13.wav,sad
2615,drive/My Drive/Speech Emotion Recognition/data/RAVDESS/03-01-01-01-01-01-09.wav,neutral
2616,drive/My Drive/Speech Emotion Recognition/data/CREMA/1035_IWW_NEU_XX.wav,neutral
2617,drive/My Drive/Speech Emotion Recognition/data/CREMA/1008_IEO_ANG_LO.wav,angry
2618,drive/My Drive/Speech Emotion Recognition/data/CREMA/1050_WSI_NEU_XX.wav,neutral
2619,drive/My Drive/Speech Emotion Recognition/data/CREMA/1015_TSI_NEU_XX.wav,neutral
2620,drive/My Drive/Speech Emotion Recognition/data/CREMA/1008_IOM_ANG_XX.wav,angry
2621,drive/My Drive/Speech Emotion Recognition/data/CREMA/1013_ITS_HAP_XX.wav,happy
2622,drive/My Drive/Speech Emotion Recognition/data/CREMA/1008_ITH_NEU_XX.wav,neutral
2623,drive/My Drive/Speech Emotion Recognition/data/CREMA/1020_IWL_SAD_XX.wav,sad
2624,drive/My Drive/Speech Emotion Recognition/data/CREMA/1052_IEO_SAD_HI.wav,sad
2625,drive/My Drive/Speech Emotion Recognition/data/CREMA/1019_MTI_ANG_XX.wav,angry
2626,drive/My Drive/Speech Emotion Recognition/data/CREMA/1061_TIE_HAP_XX.wav,happy
2627,drive/My Drive/Speech Emotion Recognition/data/CREMA/1053_ITS_ANG_XX.wav,angry
2628,drive/My Drive/Speech Emotion Recognition/data/CREMA/1039_TIE_SAD_XX.wav,sad
2629,drive/My Drive/Speech Emotion Recognition/data/RAVDESS/03-01-05-01-02-01-13.wav,angry
2630,drive/My Drive/Speech Emotion Recognition/data/CREMA/1007_WSI_SAD_XX.wav,sad
2631,drive/My Drive/Speech Emotion Recognition/data/CREMA/1058_IEO_SAD_HI.wav,sad
2632,drive/My Drive/Speech Emotion Recognition/data/CREMA/1034_DFA_SAD_XX.wav,sad
2633,drive/My Drive/Speech Emotion Recognition/data/CREMA/1052_IWL_HAP_XX.wav,happy
2634,drive/My Drive/Speech Emotion Recognition/data/CREMA/1048_IEO_SAD_MD.wav,sad
2635,drive/My Drive/Speech Emotion Recognition/data/CREMA/1046_IWW_SAD_XX.wav,sad
2636,drive/My Drive/Speech Emotion Recognition/data/CREMA/1024_WSI_NEU_XX.wav,neutral
2637,drive/My Drive/Speech Emotion Recognition/data/CREMA/1049_ITS_NEU_XX.wav,neutral
2638,drive/My Drive/Speech Emotion Recognition/data/CREMA/1034_DFA_HAP_XX.wav,happy
2639,drive/My Drive/Speech Emotion Recognition/data/CREMA/1045_IWW_HAP_XX.wav,happy
2640,drive/My Drive/Speech Emotion Recognition/data/RAVDESS/03-01-02-01-01-02-15.wav,neutral
2641,drive/My Drive/Speech Emotion Recognition/data/RAVDESS/03-01-03-02-02-01-09.wav,happy
2642,drive/My Drive/Speech Emotion Recognition/data/CREMA/1022_IEO_HAP_MD.wav,happy
2643,drive/My Drive/Speech Emotion Recognition/data/RAVDESS/03-01-01-01-01-01-10.wav,neutral
2644,drive/My Drive/Speech Emotion Recognition/data/CREMA/1017_IEO_HAP_MD.wav,happy
2645,drive/My Drive/Speech Emotion Recognition/data/CREMA/1033_ITH_HAP_XX.wav,happy
2646,drive/My Drive/Speech Emotion Recognition/data/CREMA/1050_TSI_NEU_XX.wav,neutral
2647,drive/My Drive/Speech Emotion Recognition/data/CREMA/1024_IEO_SAD_HI.wav,sad
2648,drive/My Drive/Speech Emotion Recognition/data/CREMA/1045_IEO_HAP_MD.wav,happy
2649,drive/My Drive/Speech Emotion Recognition/data/CREMA/1051_TAI_SAD_XX.wav,sad
2650,drive/My Drive/Speech Emotion Recognition/data/CREMA/1005_TIE_NEU_XX.wav,neutral
2651,drive/My Drive/Speech Emotion Recognition/data/CREMA/1058_DFA_NEU_XX.wav,neutral
2652,drive/My Drive/Speech Emotion Recognition/data/RAVDESS/03-01-01-01-01-02-09.wav,neutral
2653,drive/My Drive/Speech Emotion Recognition/data/RAVDESS/03-01-04-01-02-01-04.wav,sad
2654,drive/My Drive/Speech Emotion Recognition/data/RAVDESS/03-01-02-01-02-01-19.wav,neutral
2655,drive/My Drive/Speech Emotion Recognition/data/CREMA/1030_TAI_HAP_XX.wav,happy
2656,drive/My Drive/Speech Emotion Recognition/data/CREMA/1050_IWL_HAP_XX.wav,happy
2657,drive/My Drive/Speech Emotion Recognition/data/CREMA/1023_ITH_HAP_XX.wav,happy
2658,drive/My Drive/Speech Emotion Recognition/data/CREMA/1023_IWW_SAD_XX.wav,sad
2659,drive/My Drive/Speech Emotion Recognition/data/CREMA/1067_ITH_NEU_XX.wav,neutral
2660,drive/My Drive/Speech Emotion Recognition/data/CREMA/1028_IWL_HAP_XX.wav,happy
2661,drive/My Drive/Speech Emotion Recognition/data/CREMA/1004_IWW_ANG_XX.wav,angry
2662,drive/My Drive/Speech Emotion Recognition/data/CREMA/1002_TSI_ANG_XX.wav,angry
2663,drive/My Drive/Speech Emotion Recognition/data/CREMA/1047_IWW_NEU_XX.wav,neutral
2664,drive/My Drive/Speech Emotion Recognition/data/CREMA/1035_ITH_SAD_XX.wav,sad
2665,drive/My Drive/Speech Emotion Recognition/data/CREMA/1041_IEO_ANG_HI.wav,angry
2666,drive/My Drive/Speech Emotion Recognition/data/CREMA/1012_IEO_ANG_MD.wav,angry
2667,drive/My Drive/Speech Emotion Recognition/data/CREMA/1059_TAI_HAP_XX.wav,happy
2668,drive/My Drive/Speech Emotion Recognition/data/RAVDESS/03-01-02-02-01-01-12.wav,neutral
2669,drive/My Drive/Speech Emotion Recognition/data/RAVDESS/03-01-02-01-02-02-14.wav,neutral
2670,drive/My Drive/Speech Emotion Recognition/data/RAVDESS/03-01-03-01-02-01-05.wav,happy
2671,drive/My Drive/Speech Emotion Recognition/data/RAVDESS/03-01-05-02-01-02-22.wav,angry
2672,drive/My Drive/Speech Emotion Recognition/data/CREMA/1051_ITH_ANG_XX.wav,angry
2673,drive/My Drive/Speech Emotion Recognition/data/CREMA/1036_ITS_ANG_XX.wav,angry
2674,drive/My Drive/Speech Emotion Recognition/data/CREMA/1061_IEO_HAP_HI.wav,happy
2675,drive/My Drive/Speech Emotion Recognition/data/RAVDESS/03-01-02-01-01-01-06.wav,neutral
2676,drive/My Drive/Speech Emotion Recognition/data/RAVDESS/03-01-01-01-01-02-23.wav,neutral
2677,drive/My Drive/Speech Emotion Recognition/data/RAVDESS/03-01-05-01-01-02-19.wav,angry
2678,drive/My Drive/Speech Emotion Recognition/data/CREMA/1067_IWL_NEU_XX.wav,neutral
2679,drive/My Drive/Speech Emotion Recognition/data/CREMA/1037_ITS_HAP_XX.wav,happy
2680,drive/My Drive/Speech Emotion Recognition/data/CREMA/1052_TAI_ANG_XX.wav,angry
2681,drive/My Drive/Speech Emotion Recognition/data/RAVDESS/03-01-02-01-01-01-16.wav,neutral
2682,drive/My Drive/Speech Emotion Recognition/data/CREMA/1062_TIE_HAP_XX.wav,happy
2683,drive/My Drive/Speech Emotion Recognition/data/RAVDESS/03-01-04-01-02-01-03.wav,sad
2684,drive/My Drive/Speech Emotion Recognition/data/RAVDESS/03-01-03-01-01-02-09.wav,happy
2685,drive/My Drive/Speech Emotion Recognition/data/CREMA/1025_TSI_HAP_XX.wav,happy
2686,drive/My Drive/Speech Emotion Recognition/data/CREMA/1037_MTI_HAP_XX.wav,happy
2687,drive/My Drive/Speech Emotion Recognition/data/CREMA/1053_IEO_NEU_XX.wav,neutral
2688,drive/My Drive/Speech Emotion Recognition/data/CREMA/1020_ITH_NEU_XX.wav,neutral
2689,drive/My Drive/Speech Emotion Recognition/data/CREMA/1030_MTI_NEU_XX.wav,neutral
2690,drive/My Drive/Speech Emotion Recognition/data/CREMA/1002_IOM_NEU_XX.wav,neutral
2691,drive/My Drive/Speech Emotion Recognition/data/RAVDESS/03-01-05-02-02-02-10.wav,angry
2692,drive/My Drive/Speech Emotion Recognition/data/RAVDESS/03-01-03-02-01-02-20.wav,happy
2693,drive/My Drive/Speech Emotion Recognition/data/CREMA/1054_DFA_NEU_XX.wav,neutral
2694,drive/My Drive/Speech Emotion Recognition/data/CREMA/1018_IWW_ANG_XX.wav,angry
2695,drive/My Drive/Speech Emotion Recognition/data/RAVDESS/03-01-05-02-01-01-10.wav,angry
2696,drive/My Drive/Speech Emotion Recognition/data/CREMA/1052_ITS_ANG_XX.wav,angry
2697,drive/My Drive/Speech Emotion Recognition/data/CREMA/1020_IOM_ANG_XX.wav,angry
2698,drive/My Drive/Speech Emotion Recognition/data/RAVDESS/03-01-04-02-02-01-22.wav,sad
2699,drive/My Drive/Speech Emotion Recognition/data/CREMA/1057_TAI_SAD_XX.wav,sad
2700,drive/My Drive/Speech Emotion Recognition/data/CREMA/1011_IEO_ANG_HI.wav,angry
2701,drive/My Drive/Speech Emotion Recognition/data/RAVDESS/03-01-03-02-02-01-16.wav,happy
2702,drive/My Drive/Speech Emotion Recognition/data/RAVDESS/03-01-03-01-02-01-18.wav,happy
2703,drive/My Drive/Speech Emotion Recognition/data/CREMA/1031_IWL_NEU_XX.wav,neutral
2704,drive/My Drive/Speech Emotion Recognition/data/CREMA/1037_IWW_NEU_XX.wav,neutral
2705,drive/My Drive/Speech Emotion Recognition/data/CREMA/1015_WSI_NEU_XX.wav,neutral
2706,drive/My Drive/Speech Emotion Recognition/data/CREMA/1017_ITH_ANG_XX.wav,angry
2707,drive/My Drive/Speech Emotion Recognition/data/CREMA/1007_IOM_NEU_XX.wav,neutral
2708,drive/My Drive/Speech Emotion Recognition/data/RAVDESS/03-01-03-01-01-01-22.wav,happy
2709,drive/My Drive/Speech Emotion Recognition/data/RAVDESS/03-01-05-02-02-02-04.wav,angry
2710,drive/My Drive/Speech Emotion Recognition/data/CREMA/1056_ITS_NEU_XX.wav,neutral
2711,drive/My Drive/Speech Emotion Recognition/data/RAVDESS/03-01-02-01-01-01-24.wav,neutral
2712,drive/My Drive/Speech Emotion Recognition/data/RAVDESS/03-01-04-01-02-01-16.wav,sad
2713,drive/My Drive/Speech Emotion Recognition/data/CREMA/1067_IWL_HAP_XX.wav,happy
2714,drive/My Drive/Speech Emotion Recognition/data/CREMA/1002_ITS_HAP_XX.wav,happy
2715,drive/My Drive/Speech Emotion Recognition/data/CREMA/1063_IWL_HAP_XX.wav,happy
2716,drive/My Drive/Speech Emotion Recognition/data/CREMA/1018_MTI_ANG_XX.wav,angry
2717,drive/My Drive/Speech Emotion Recognition/data/CREMA/1064_ITS_SAD_XX.wav,sad
2718,drive/My Drive/Speech Emotion Recognition/data/CREMA/1026_TSI_NEU_XX.wav,neutral
2719,drive/My Drive/Speech Emotion Recognition/data/RAVDESS/03-01-04-01-01-01-01.wav,sad
2720,drive/My Drive/Speech Emotion Recognition/data/CREMA/1002_MTI_SAD_XX.wav,sad
2721,drive/My Drive/Speech Emotion Recognition/data/RAVDESS/03-01-02-02-02-01-17.wav,neutral
2722,drive/My Drive/Speech Emotion Recognition/data/CREMA/1020_ITS_NEU_XX.wav,neutral
2723,drive/My Drive/Speech Emotion Recognition/data/CREMA/1012_IEO_ANG_LO.wav,angry
2724,drive/My Drive/Speech Emotion Recognition/data/CREMA/1003_WSI_HAP_XX.wav,happy
2725,drive/My Drive/Speech Emotion Recognition/data/CREMA/1012_ITH_HAP_XX.wav,happy
2726,drive/My Drive/Speech Emotion Recognition/data/CREMA/1066_WSI_NEU_XX.wav,neutral
2727,drive/My Drive/Speech Emotion Recognition/data/CREMA/1020_TIE_NEU_XX.wav,neutral
2728,drive/My Drive/Speech Emotion Recognition/data/CREMA/1061_IEO_HAP_MD.wav,happy
2729,drive/My Drive/Speech Emotion Recognition/data/CREMA/1061_MTI_NEU_XX.wav,neutral
2730,drive/My Drive/Speech Emotion Recognition/data/RAVDESS/03-01-01-01-02-01-01.wav,neutral
2731,drive/My Drive/Speech Emotion Recognition/data/CREMA/1004_DFA_ANG_XX.wav,angry
2732,drive/My Drive/Speech Emotion Recognition/data/CREMA/1061_MTI_HAP_XX.wav,happy
2733,drive/My Drive/Speech Emotion Recognition/data/CREMA/1054_TSI_SAD_XX.wav,sad
2734,drive/My Drive/Speech Emotion Recognition/data/CREMA/1042_TSI_NEU_XX.wav,neutral
2735,drive/My Drive/Speech Emotion Recognition/data/CREMA/1055_IEO_SAD_HI.wav,sad
2736,drive/My Drive/Speech Emotion Recognition/data/CREMA/1062_DFA_SAD_XX.wav,sad
2737,drive/My Drive/Speech Emotion Recognition/data/CREMA/1027_TSI_HAP_XX.wav,happy
2738,drive/My Drive/Speech Emotion Recognition/data/CREMA/1059_IWL_ANG_XX.wav,angry
2739,drive/My Drive/Speech Emotion Recognition/data/CREMA/1019_IWL_ANG_XX.wav,angry
2740,drive/My Drive/Speech Emotion Recognition/data/CREMA/1024_IEO_HAP_MD.wav,happy
2741,drive/My Drive/Speech Emotion Recognition/data/CREMA/1041_WSI_SAD_XX.wav,sad
2742,drive/My Drive/Speech Emotion Recognition/data/CREMA/1011_DFA_ANG_XX.wav,angry
2743,drive/My Drive/Speech Emotion Recognition/data/CREMA/1008_ITS_ANG_XX.wav,angry
2744,drive/My Drive/Speech Emotion Recognition/data/CREMA/1009_ITS_ANG_XX.wav,angry
2745,drive/My Drive/Speech Emotion Recognition/data/CREMA/1042_ITH_SAD_XX.wav,sad
2746,drive/My Drive/Speech Emotion Recognition/data/CREMA/1034_IEO_ANG_LO.wav,angry
2747,drive/My Drive/Speech Emotion Recognition/data/CREMA/1005_IWW_HAP_XX.wav,happy
2748,drive/My Drive/Speech Emotion Recognition/data/CREMA/1008_IWL_NEU_XX.wav,neutral
2749,drive/My Drive/Speech Emotion Recognition/data/CREMA/1067_ITS_SAD_XX.wav,sad
2750,drive/My Drive/Speech Emotion Recognition/data/CREMA/1058_MTI_NEU_XX.wav,neutral
2751,drive/My Drive/Speech Emotion Recognition/data/CREMA/1033_TIE_NEU_XX.wav,neutral
2752,drive/My Drive/Speech Emotion Recognition/data/CREMA/1056_TAI_HAP_XX.wav,happy
2753,drive/My Drive/Speech Emotion Recognition/data/CREMA/1026_TAI_SAD_XX.wav,sad
2754,drive/My Drive/Speech Emotion Recognition/data/CREMA/1018_DFA_ANG_XX.wav,angry
2755,drive/My Drive/Speech Emotion Recognition/data/CREMA/1062_TAI_SAD_XX.wav,sad
2756,drive/My Drive/Speech Emotion Recognition/data/CREMA/1024_IOM_ANG_XX.wav,angry
2757,drive/My Drive/Speech Emotion Recognition/data/CREMA/1008_IWL_HAP_XX.wav,happy
2758,drive/My Drive/Speech Emotion Recognition/data/CREMA/1042_MTI_SAD_XX.wav,sad
2759,drive/My Drive/Speech Emotion Recognition/data/CREMA/1014_DFA_NEU_XX.wav,neutral
2760,drive/My Drive/Speech Emotion Recognition/data/CREMA/1061_IOM_ANG_XX.wav,angry
2761,drive/My Drive/Speech Emotion Recognition/data/CREMA/1067_ITS_ANG_XX.wav,angry
2762,drive/My Drive/Speech Emotion Recognition/data/CREMA/1062_DFA_ANG_XX.wav,angry
2763,drive/My Drive/Speech Emotion Recognition/data/CREMA/1041_WSI_ANG_XX.wav,angry
2764,drive/My Drive/Speech Emotion Recognition/data/CREMA/1045_ITS_ANG_XX.wav,angry
2765,drive/My Drive/Speech Emotion Recognition/data/CREMA/1058_IEO_ANG_LO.wav,angry
2766,drive/My Drive/Speech Emotion Recognition/data/CREMA/1045_ITH_NEU_XX.wav,neutral
2767,drive/My Drive/Speech Emotion Recognition/data/RAVDESS/03-01-04-01-02-01-08.wav,sad
2768,drive/My Drive/Speech Emotion Recognition/data/RAVDESS/03-01-04-01-01-01-16.wav,sad
2769,drive/My Drive/Speech Emotion Recognition/data/CREMA/1020_IEO_ANG_MD.wav,angry
2770,drive/My Drive/Speech Emotion Recognition/data/CREMA/1033_ITH_NEU_XX.wav,neutral
2771,drive/My Drive/Speech Emotion Recognition/data/CREMA/1055_DFA_SAD_XX.wav,sad
2772,drive/My Drive/Speech Emotion Recognition/data/CREMA/1053_TIE_NEU_XX.wav,neutral
2773,drive/My Drive/Speech Emotion Recognition/data/RAVDESS/03-01-02-01-02-02-12.wav,neutral
2774,drive/My Drive/Speech Emotion Recognition/data/CREMA/1027_IOM_SAD_XX.wav,sad
2775,drive/My Drive/Speech Emotion Recognition/data/RAVDESS/03-01-05-02-02-02-08.wav,angry
2776,drive/My Drive/Speech Emotion Recognition/data/CREMA/1018_ITS_HAP_XX.wav,happy
2777,drive/My Drive/Speech Emotion Recognition/data/CREMA/1014_TSI_ANG_XX.wav,angry
2778,drive/My Drive/Speech Emotion Recognition/data/RAVDESS/03-01-05-02-02-01-06.wav,angry
2779,drive/My Drive/Speech Emotion Recognition/data/CREMA/1047_TIE_ANG_XX.wav,angry
2780,drive/My Drive/Speech Emotion Recognition/data/CREMA/1017_IWL_NEU_XX.wav,neutral
2781,drive/My Drive/Speech Emotion Recognition/data/RAVDESS/03-01-01-01-02-01-04.wav,neutral
2782,drive/My Drive/Speech Emotion Recognition/data/CREMA/1033_MTI_SAD_XX.wav,sad
2783,drive/My Drive/Speech Emotion Recognition/data/CREMA/1043_IEO_ANG_LO.wav,angry
2784,drive/My Drive/Speech Emotion Recognition/data/CREMA/1046_IWW_HAP_XX.wav,happy
2785,drive/My Drive/Speech Emotion Recognition/data/CREMA/1008_IEO_SAD_MD.wav,sad
2786,drive/My Drive/Speech Emotion Recognition/data/CREMA/1032_IOM_HAP_XX.wav,happy
2787,drive/My Drive/Speech Emotion Recognition/data/CREMA/1048_TSI_HAP_XX.wav,happy
2788,drive/My Drive/Speech Emotion Recognition/data/CREMA/1005_IOM_SAD_XX.wav,sad
2789,drive/My Drive/Speech Emotion Recognition/data/CREMA/1042_IEO_ANG_HI.wav,angry
2790,drive/My Drive/Speech Emotion Recognition/data/CREMA/1029_TAI_ANG_XX.wav,angry
2791,drive/My Drive/Speech Emotion Recognition/data/CREMA/1056_IWL_NEU_XX.wav,neutral
2792,drive/My Drive/Speech Emotion Recognition/data/CREMA/1017_IWW_HAP_XX.wav,happy
2793,drive/My Drive/Speech Emotion Recognition/data/RAVDESS/03-01-01-01-02-01-05.wav,neutral
2794,drive/My Drive/Speech Emotion Recognition/data/RAVDESS/03-01-03-01-01-02-06.wav,happy
2795,drive/My Drive/Speech Emotion Recognition/data/CREMA/1022_IWL_HAP_XX.wav,happy
2796,drive/My Drive/Speech Emotion Recognition/data/CREMA/1011_MTI_NEU_XX.wav,neutral
2797,drive/My Drive/Speech Emotion Recognition/data/CREMA/1022_TSI_SAD_XX.wav,sad
2798,drive/My Drive/Speech Emotion Recognition/data/RAVDESS/03-01-05-02-02-01-09.wav,angry
2799,drive/My Drive/Speech Emotion Recognition/data/RAVDESS/03-01-01-01-02-02-15.wav,neutral
2800,drive/My Drive/Speech Emotion Recognition/data/CREMA/1059_TAI_ANG_XX.wav,angry
2801,drive/My Drive/Speech Emotion Recognition/data/CREMA/1046_TSI_ANG_XX.wav,angry
2802,drive/My Drive/Speech Emotion Recognition/data/CREMA/1064_ITH_HAP_XX.wav,happy
2803,drive/My Drive/Speech Emotion Recognition/data/CREMA/1061_IEO_SAD_HI.wav,sad
2804,drive/My Drive/Speech Emotion Recognition/data/CREMA/1047_IEO_HAP_HI.wav,happy
2805,drive/My Drive/Speech Emotion Recognition/data/CREMA/1034_IEO_HAP_HI.wav,happy
2806,drive/My Drive/Speech Emotion Recognition/data/CREMA/1024_TIE_ANG_XX.wav,angry
2807,drive/My Drive/Speech Emotion Recognition/data/RAVDESS/03-01-05-01-01-02-03.wav,angry
2808,drive/My Drive/Speech Emotion Recognition/data/CREMA/1057_IWW_NEU_XX.wav,neutral
2809,drive/My Drive/Speech Emotion Recognition/data/CREMA/1062_IEO_SAD_LO.wav,sad
2810,drive/My Drive/Speech Emotion Recognition/data/CREMA/1010_WSI_ANG_XX.wav,angry
2811,drive/My Drive/Speech Emotion Recognition/data/CREMA/1029_TSI_ANG_XX.wav,angry
2812,drive/My Drive/Speech Emotion Recognition/data/CREMA/1067_ITH_ANG_XX.wav,angry
2813,drive/My Drive/Speech Emotion Recognition/data/RAVDESS/03-01-05-01-01-01-20.wav,angry
2814,drive/My Drive/Speech Emotion Recognition/data/RAVDESS/03-01-04-01-02-01-21.wav,sad
2815,drive/My Drive/Speech Emotion Recognition/data/CREMA/1047_TSI_NEU_XX.wav,neutral
2816,drive/My Drive/Speech Emotion Recognition/data/CREMA/1035_DFA_ANG_XX.wav,angry
2817,drive/My Drive/Speech Emotion Recognition/data/CREMA/1066_ITS_ANG_XX.wav,angry
2818,drive/My Drive/Speech Emotion Recognition/data/CREMA/1025_MTI_ANG_XX.wav,angry
2819,drive/My Drive/Speech Emotion Recognition/data/RAVDESS/03-01-03-01-01-02-23.wav,happy
2820,drive/My Drive/Speech Emotion Recognition/data/CREMA/1013_WSI_SAD_XX.wav,sad
2821,drive/My Drive/Speech Emotion Recognition/data/CREMA/1062_TSI_NEU_XX.wav,neutral
2822,drive/My Drive/Speech Emotion Recognition/data/CREMA/1060_TSI_SAD_XX.wav,sad
2823,drive/My Drive/Speech Emotion Recognition/data/CREMA/1045_IEO_SAD_LO.wav,sad
2824,drive/My Drive/Speech Emotion Recognition/data/CREMA/1061_TIE_NEU_XX.wav,neutral
2825,drive/My Drive/Speech Emotion Recognition/data/CREMA/1021_IOM_HAP_XX.wav,happy
2826,drive/My Drive/Speech Emotion Recognition/data/CREMA/1017_IWW_NEU_XX.wav,neutral
2827,drive/My Drive/Speech Emotion Recognition/data/CREMA/1037_IOM_HAP_XX.wav,happy
2828,drive/My Drive/Speech Emotion Recognition/data/RAVDESS/03-01-03-01-01-01-09.wav,happy
2829,drive/My Drive/Speech Emotion Recognition/data/CREMA/1012_MTI_NEU_XX.wav,neutral
2830,drive/My Drive/Speech Emotion Recognition/data/CREMA/1039_MTI_NEU_XX.wav,neutral
2831,drive/My Drive/Speech Emotion Recognition/data/CREMA/1015_DFA_HAP_XX.wav,happy
2832,drive/My Drive/Speech Emotion Recognition/data/CREMA/1028_ITS_NEU_XX.wav,neutral
2833,drive/My Drive/Speech Emotion Recognition/data/CREMA/1007_ITH_ANG_XX.wav,angry
2834,drive/My Drive/Speech Emotion Recognition/data/CREMA/1012_IWW_ANG_XX.wav,angry
2835,drive/My Drive/Speech Emotion Recognition/data/CREMA/1042_TIE_NEU_XX.wav,neutral
2836,drive/My Drive/Speech Emotion Recognition/data/CREMA/1037_MTI_SAD_XX.wav,sad
2837,drive/My Drive/Speech Emotion Recognition/data/RAVDESS/03-01-01-01-01-01-21.wav,neutral
2838,drive/My Drive/Speech Emotion Recognition/data/CREMA/1042_IWW_HAP_XX.wav,happy
2839,drive/My Drive/Speech Emotion Recognition/data/CREMA/1041_IEO_HAP_LO.wav,happy
2840,drive/My Drive/Speech Emotion Recognition/data/CREMA/1017_IWL_HAP_XX.wav,happy
2841,drive/My Drive/Speech Emotion Recognition/data/RAVDESS/03-01-03-01-02-01-02.wav,happy
2842,drive/My Drive/Speech Emotion Recognition/data/CREMA/1058_TSI_HAP_XX.wav,happy
2843,drive/My Drive/Speech Emotion Recognition/data/CREMA/1024_ITH_ANG_XX.wav,angry
2844,drive/My Drive/Speech Emotion Recognition/data/RAVDESS/03-01-04-01-02-02-06.wav,sad
2845,drive/My Drive/Speech Emotion Recognition/data/CREMA/1041_TIE_ANG_XX.wav,angry
2846,drive/My Drive/Speech Emotion Recognition/data/CREMA/1046_TAI_ANG_XX.wav,angry
2847,drive/My Drive/Speech Emotion Recognition/data/CREMA/1057_ITS_HAP_XX.wav,happy
2848,drive/My Drive/Speech Emotion Recognition/data/RAVDESS/03-01-04-01-01-02-12.wav,sad
2849,drive/My Drive/Speech Emotion Recognition/data/CREMA/1066_IEO_SAD_MD.wav,sad
2850,drive/My Drive/Speech Emotion Recognition/data/CREMA/1004_TAI_HAP_XX.wav,happy
2851,drive/My Drive/Speech Emotion Recognition/data/CREMA/1038_IEO_HAP_LO.wav,happy
2852,drive/My Drive/Speech Emotion Recognition/data/CREMA/1017_TSI_HAP_XX.wav,happy
2853,drive/My Drive/Speech Emotion Recognition/data/CREMA/1039_IWL_HAP_XX.wav,happy
2854,drive/My Drive/Speech Emotion Recognition/data/CREMA/1021_TAI_SAD_XX.wav,sad
2855,drive/My Drive/Speech Emotion Recognition/data/CREMA/1035_IWL_SAD_XX.wav,sad
2856,drive/My Drive/Speech Emotion Recognition/data/CREMA/1009_WSI_SAD_XX.wav,sad
2857,drive/My Drive/Speech Emotion Recognition/data/CREMA/1055_TSI_ANG_XX.wav,angry
2858,drive/My Drive/Speech Emotion Recognition/data/RAVDESS/03-01-03-02-01-02-14.wav,happy
2859,drive/My Drive/Speech Emotion Recognition/data/CREMA/1042_IEO_HAP_LO.wav,happy
2860,drive/My Drive/Speech Emotion Recognition/data/CREMA/1054_IOM_NEU_XX.wav,neutral
2861,drive/My Drive/Speech Emotion Recognition/data/CREMA/1032_TAI_NEU_XX.wav,neutral
2862,drive/My Drive/Speech Emotion Recognition/data/CREMA/1020_MTI_SAD_XX.wav,sad
2863,drive/My Drive/Speech Emotion Recognition/data/RAVDESS/03-01-03-01-02-01-12.wav,happy
2864,drive/My Drive/Speech Emotion Recognition/data/RAVDESS/03-01-05-02-01-01-18.wav,angry
2865,drive/My Drive/Speech Emotion Recognition/data/CREMA/1019_IOM_SAD_XX.wav,sad
2866,drive/My Drive/Speech Emotion Recognition/data/CREMA/1009_IWL_SAD_XX.wav,sad
2867,drive/My Drive/Speech Emotion Recognition/data/CREMA/1008_TIE_NEU_XX.wav,neutral
2868,drive/My Drive/Speech Emotion Recognition/data/CREMA/1034_IOM_SAD_XX.wav,sad
2869,drive/My Drive/Speech Emotion Recognition/data/CREMA/1056_TIE_SAD_XX.wav,sad
2870,drive/My Drive/Speech Emotion Recognition/data/CREMA/1034_IWW_HAP_XX.wav,happy
2871,drive/My Drive/Speech Emotion Recognition/data/CREMA/1046_IEO_HAP_LO.wav,happy
2872,drive/My Drive/Speech Emotion Recognition/data/CREMA/1036_TIE_ANG_XX.wav,angry
2873,drive/My Drive/Speech Emotion Recognition/data/CREMA/1058_MTI_ANG_XX.wav,angry
2874,drive/My Drive/Speech Emotion Recognition/data/CREMA/1043_TAI_HAP_XX.wav,happy
2875,drive/My Drive/Speech Emotion Recognition/data/CREMA/1016_IWL_HAP_XX.wav,happy
2876,drive/My Drive/Speech Emotion Recognition/data/CREMA/1052_TIE_SAD_XX.wav,sad
2877,drive/My Drive/Speech Emotion Recognition/data/RAVDESS/03-01-05-01-02-01-09.wav,angry
2878,drive/My Drive/Speech Emotion Recognition/data/CREMA/1040_IOM_NEU_XX.wav,neutral
2879,drive/My Drive/Speech Emotion Recognition/data/CREMA/1033_TIE_SAD_XX.wav,sad
2880,drive/My Drive/Speech Emotion Recognition/data/CREMA/1033_TIE_HAP_XX.wav,happy
2881,drive/My Drive/Speech Emotion Recognition/data/RAVDESS/03-01-03-01-01-02-16.wav,happy
2882,drive/My Drive/Speech Emotion Recognition/data/CREMA/1066_IWW_ANG_XX.wav,angry
2883,drive/My Drive/Speech Emotion Recognition/data/CREMA/1002_ITS_SAD_XX.wav,sad
2884,drive/My Drive/Speech Emotion Recognition/data/CREMA/1042_WSI_SAD_XX.wav,sad
2885,drive/My Drive/Speech Emotion Recognition/data/CREMA/1025_IWW_NEU_XX.wav,neutral
2886,drive/My Drive/Speech Emotion Recognition/data/CREMA/1062_WSI_HAP_XX.wav,happy
2887,drive/My Drive/Speech Emotion Recognition/data/RAVDESS/03-01-05-02-01-02-02.wav,angry
2888,drive/My Drive/Speech Emotion Recognition/data/RAVDESS/03-01-05-01-02-01-22.wav,angry
2889,drive/My Drive/Speech Emotion Recognition/data/CREMA/1011_WSI_SAD_XX.wav,sad
2890,drive/My Drive/Speech Emotion Recognition/data/CREMA/1049_TSI_HAP_XX.wav,happy
2891,drive/My Drive/Speech Emotion Recognition/data/CREMA/1042_MTI_ANG_XX.wav,angry
2892,drive/My Drive/Speech Emotion Recognition/data/CREMA/1066_IWL_HAP_XX.wav,happy
2893,drive/My Drive/Speech Emotion Recognition/data/RAVDESS/03-01-02-01-02-01-05.wav,neutral
2894,drive/My Drive/Speech Emotion Recognition/data/RAVDESS/03-01-02-02-01-02-22.wav,neutral
2895,drive/My Drive/Speech Emotion Recognition/data/CREMA/1001_TSI_SAD_XX.wav,sad
2896,drive/My Drive/Speech Emotion Recognition/data/RAVDESS/03-01-01-01-02-02-04.wav,neutral
2897,drive/My Drive/Speech Emotion Recognition/data/CREMA/1067_IEO_SAD_LO.wav,sad
2898,drive/My Drive/Speech Emotion Recognition/data/CREMA/1029_ITS_ANG_XX.wav,angry
2899,drive/My Drive/Speech Emotion Recognition/data/RAVDESS/03-01-02-01-01-02-24.wav,neutral
2900,drive/My Drive/Speech Emotion Recognition/data/CREMA/1056_TSI_ANG_XX.wav,angry
2901,drive/My Drive/Speech Emotion Recognition/data/RAVDESS/03-01-03-02-02-02-21.wav,happy
2902,drive/My Drive/Speech Emotion Recognition/data/CREMA/1029_TIE_NEU_XX.wav,neutral
2903,drive/My Drive/Speech Emotion Recognition/data/CREMA/1062_TSI_HAP_XX.wav,happy
2904,drive/My Drive/Speech Emotion Recognition/data/CREMA/1033_TAI_HAP_XX.wav,happy
2905,drive/My Drive/Speech Emotion Recognition/data/CREMA/1002_IOM_ANG_XX.wav,angry
2906,drive/My Drive/Speech Emotion Recognition/data/CREMA/1056_ITS_ANG_XX.wav,angry
2907,drive/My Drive/Speech Emotion Recognition/data/CREMA/1017_IEO_ANG_HI.wav,angry
2908,drive/My Drive/Speech Emotion Recognition/data/CREMA/1055_ITS_SAD_XX.wav,sad
2909,drive/My Drive/Speech Emotion Recognition/data/CREMA/1022_IOM_NEU_XX.wav,neutral
2910,drive/My Drive/Speech Emotion Recognition/data/CREMA/1017_MTI_HAP_XX.wav,happy
2911,drive/My Drive/Speech Emotion Recognition/data/RAVDESS/03-01-02-02-01-02-06.wav,neutral
2912,drive/My Drive/Speech Emotion Recognition/data/CREMA/1043_TAI_ANG_XX.wav,angry
2913,drive/My Drive/Speech Emotion Recognition/data/CREMA/1057_DFA_NEU_XX.wav,neutral
2914,drive/My Drive/Speech Emotion Recognition/data/RAVDESS/03-01-02-01-01-02-08.wav,neutral
2915,drive/My Drive/Speech Emotion Recognition/data/CREMA/1046_IEO_SAD_MD.wav,sad
2916,drive/My Drive/Speech Emotion Recognition/data/CREMA/1042_IEO_SAD_LO.wav,sad
2917,drive/My Drive/Speech Emotion Recognition/data/CREMA/1027_IEO_NEU_XX.wav,neutral
2918,drive/My Drive/Speech Emotion Recognition/data/CREMA/1027_MTI_NEU_XX.wav,neutral
2919,drive/My Drive/Speech Emotion Recognition/data/CREMA/1053_TSI_HAP_XX.wav,happy
2920,drive/My Drive/Speech Emotion Recognition/data/RAVDESS/03-01-04-02-02-02-12.wav,sad
2921,drive/My Drive/Speech Emotion Recognition/data/CREMA/1025_IOM_SAD_XX.wav,sad
2922,drive/My Drive/Speech Emotion Recognition/data/RAVDESS/03-01-03-01-02-01-08.wav,happy
2923,drive/My Drive/Speech Emotion Recognition/data/CREMA/1055_IOM_HAP_XX.wav,happy
2924,drive/My Drive/Speech Emotion Recognition/data/CREMA/1057_TIE_SAD_XX.wav,sad
2925,drive/My Drive/Speech Emotion Recognition/data/CREMA/1004_TSI_ANG_XX.wav,angry
2926,drive/My Drive/Speech Emotion Recognition/data/CREMA/1019_WSI_HAP_XX.wav,happy
2927,drive/My Drive/Speech Emotion Recognition/data/CREMA/1018_ITS_NEU_XX.wav,neutral
2928,drive/My Drive/Speech Emotion Recognition/data/CREMA/1043_MTI_HAP_XX.wav,happy
2929,drive/My Drive/Speech Emotion Recognition/data/CREMA/1058_TAI_NEU_XX.wav,neutral
2930,drive/My Drive/Speech Emotion Recognition/data/CREMA/1047_IWL_SAD_XX.wav,sad
2931,drive/My Drive/Speech Emotion Recognition/data/RAVDESS/03-01-02-02-01-02-02.wav,neutral
2932,drive/My Drive/Speech Emotion Recognition/data/CREMA/1050_ITS_ANG_XX.wav,angry
2933,drive/My Drive/Speech Emotion Recognition/data/CREMA/1056_TIE_HAP_XX.wav,happy
2934,drive/My Drive/Speech Emotion Recognition/data/CREMA/1035_MTI_ANG_XX.wav,angry
2935,drive/My Drive/Speech Emotion Recognition/data/RAVDESS/03-01-03-01-01-01-02.wav,happy
2936,drive/My Drive/Speech Emotion Recognition/data/CREMA/1043_IWL_HAP_XX.wav,happy
2937,drive/My Drive/Speech Emotion Recognition/data/CREMA/1014_TIE_ANG_XX.wav,angry
2938,drive/My Drive/Speech Emotion Recognition/data/RAVDESS/03-01-04-01-01-01-03.wav,sad
2939,drive/My Drive/Speech Emotion Recognition/data/CREMA/1021_TAI_NEU_XX.wav,neutral
2940,drive/My Drive/Speech Emotion Recognition/data/CREMA/1002_IWL_HAP_XX.wav,happy
2941,drive/My Drive/Speech Emotion Recognition/data/CREMA/1032_IWL_HAP_XX.wav,happy
2942,drive/My Drive/Speech Emotion Recognition/data/CREMA/1029_IEO_ANG_LO.wav,angry
2943,drive/My Drive/Speech Emotion Recognition/data/CREMA/1029_MTI_NEU_XX.wav,neutral
2944,drive/My Drive/Speech Emotion Recognition/data/CREMA/1021_MTI_NEU_XX.wav,neutral
2945,drive/My Drive/Speech Emotion Recognition/data/CREMA/1001_WSI_SAD_XX.wav,sad
2946,drive/My Drive/Speech Emotion Recognition/data/CREMA/1052_MTI_HAP_XX.wav,happy
2947,drive/My Drive/Speech Emotion Recognition/data/CREMA/1001_IEO_SAD_MD.wav,sad
2948,drive/My Drive/Speech Emotion Recognition/data/CREMA/1007_IEO_SAD_MD.wav,sad
2949,drive/My Drive/Speech Emotion Recognition/data/CREMA/1045_WSI_ANG_XX.wav,angry
2950,drive/My Drive/Speech Emotion Recognition/data/RAVDESS/03-01-04-01-02-02-20.wav,sad
2951,drive/My Drive/Speech Emotion Recognition/data/CREMA/1038_TAI_NEU_XX.wav,neutral
2952,drive/My Drive/Speech Emotion Recognition/data/CREMA/1014_ITS_SAD_XX.wav,sad
2953,drive/My Drive/Speech Emotion Recognition/data/CREMA/1054_TIE_SAD_XX.wav,sad
2954,drive/My Drive/Speech Emotion Recognition/data/CREMA/1049_TIE_HAP_XX.wav,happy
2955,drive/My Drive/Speech Emotion Recognition/data/CREMA/1033_WSI_SAD_XX.wav,sad
2956,drive/My Drive/Speech Emotion Recognition/data/CREMA/1030_DFA_SAD_XX.wav,sad
2957,drive/My Drive/Speech Emotion Recognition/data/CREMA/1064_DFA_SAD_XX.wav,sad
2958,drive/My Drive/Speech Emotion Recognition/data/CREMA/1029_IWW_ANG_XX.wav,angry
2959,drive/My Drive/Speech Emotion Recognition/data/CREMA/1045_IOM_SAD_XX.wav,sad
2960,drive/My Drive/Speech Emotion Recognition/data/CREMA/1039_IOM_ANG_XX.wav,angry
2961,drive/My Drive/Speech Emotion Recognition/data/CREMA/1010_DFA_NEU_XX.wav,neutral
2962,drive/My Drive/Speech Emotion Recognition/data/CREMA/1048_ITH_SAD_XX.wav,sad
2963,drive/My Drive/Speech Emotion Recognition/data/CREMA/1042_TSI_HAP_XX.wav,happy
2964,drive/My Drive/Speech Emotion Recognition/data/CREMA/1006_IEO_HAP_LO.wav,happy
2965,drive/My Drive/Speech Emotion Recognition/data/RAVDESS/03-01-05-01-02-02-06.wav,angry
2966,drive/My Drive/Speech Emotion Recognition/data/CREMA/1016_DFA_ANG_XX.wav,angry
2967,drive/My Drive/Speech Emotion Recognition/data/CREMA/1050_ITH_SAD_XX.wav,sad
2968,drive/My Drive/Speech Emotion Recognition/data/CREMA/1032_ITS_NEU_XX.wav,neutral
2969,drive/My Drive/Speech Emotion Recognition/data/RAVDESS/03-01-04-01-01-01-21.wav,sad
2970,drive/My Drive/Speech Emotion Recognition/data/CREMA/1002_IEO_ANG_LO.wav,angry
2971,drive/My Drive/Speech Emotion Recognition/data/CREMA/1013_IEO_SAD_MD.wav,sad
2972,drive/My Drive/Speech Emotion Recognition/data/RAVDESS/03-01-03-02-01-01-22.wav,happy
2973,drive/My Drive/Speech Emotion Recognition/data/CREMA/1043_DFA_ANG_XX.wav,angry
2974,drive/My Drive/Speech Emotion Recognition/data/RAVDESS/03-01-05-01-01-01-05.wav,angry
2975,drive/My Drive/Speech Emotion Recognition/data/CREMA/1043_ITS_NEU_XX.wav,neutral
2976,drive/My Drive/Speech Emotion Recognition/data/CREMA/1017_IOM_NEU_XX.wav,neutral
2977,drive/My Drive/Speech Emotion Recognition/data/RAVDESS/03-01-05-01-01-02-22.wav,angry
2978,drive/My Drive/Speech Emotion Recognition/data/RAVDESS/03-01-05-02-02-01-04.wav,angry
2979,drive/My Drive/Speech Emotion Recognition/data/CREMA/1026_IEO_SAD_HI.wav,sad
2980,drive/My Drive/Speech Emotion Recognition/data/CREMA/1027_IOM_ANG_XX.wav,angry
2981,drive/My Drive/Speech Emotion Recognition/data/CREMA/1059_IEO_HAP_LO.wav,happy
2982,drive/My Drive/Speech Emotion Recognition/data/RAVDESS/03-01-05-01-02-01-15.wav,angry
2983,drive/My Drive/Speech Emotion Recognition/data/CREMA/1017_IOM_ANG_XX.wav,angry
2984,drive/My Drive/Speech Emotion Recognition/data/CREMA/1044_DFA_NEU_XX.wav,neutral
2985,drive/My Drive/Speech Emotion Recognition/data/CREMA/1017_ITS_ANG_XX.wav,angry
2986,drive/My Drive/Speech Emotion Recognition/data/CREMA/1053_IEO_HAP_LO.wav,happy
2987,drive/My Drive/Speech Emotion Recognition/data/CREMA/1011_ITH_HAP_XX.wav,happy
2988,drive/My Drive/Speech Emotion Recognition/data/RAVDESS/03-01-01-01-02-02-05.wav,neutral
2989,drive/My Drive/Speech Emotion Recognition/data/RAVDESS/03-01-01-01-01-02-16.wav,neutral
2990,drive/My Drive/Speech Emotion Recognition/data/CREMA/1014_IEO_SAD_MD.wav,sad
2991,drive/My Drive/Speech Emotion Recognition/data/CREMA/1058_ITS_NEU_XX.wav,neutral
2992,drive/My Drive/Speech Emotion Recognition/data/CREMA/1032_IEO_HAP_LO.wav,happy
2993,drive/My Drive/Speech Emotion Recognition/data/CREMA/1044_MTI_SAD_XX.wav,sad
2994,drive/My Drive/Speech Emotion Recognition/data/CREMA/1012_WSI_ANG_XX.wav,angry
2995,drive/My Drive/Speech Emotion Recognition/data/RAVDESS/03-01-02-01-02-02-24.wav,neutral
2996,drive/My Drive/Speech Emotion Recognition/data/CREMA/1007_TSI_HAP_XX.wav,happy
2997,drive/My Drive/Speech Emotion Recognition/data/RAVDESS/03-01-04-01-01-02-22.wav,sad
2998,drive/My Drive/Speech Emotion Recognition/data/CREMA/1055_IEO_NEU_XX.wav,neutral
2999,drive/My Drive/Speech Emotion Recognition/data/RAVDESS/03-01-02-01-02-01-17.wav,neutral
3000,drive/My Drive/Speech Emotion Recognition/data/CREMA/1013_TAI_SAD_XX.wav,sad
3001,drive/My Drive/Speech Emotion Recognition/data/CREMA/1031_IEO_ANG_LO.wav,angry
3002,drive/My Drive/Speech Emotion Recognition/data/CREMA/1029_IWL_ANG_XX.wav,angry
3003,drive/My Drive/Speech Emotion Recognition/data/CREMA/1008_TSI_NEU_XX.wav,neutral
3004,drive/My Drive/Speech Emotion Recognition/data/RAVDESS/03-01-04-01-01-01-17.wav,sad
3005,drive/My Drive/Speech Emotion Recognition/data/RAVDESS/03-01-03-02-01-02-03.wav,happy
3006,drive/My Drive/Speech Emotion Recognition/data/CREMA/1057_MTI_NEU_XX.wav,neutral
3007,drive/My Drive/Speech Emotion Recognition/data/RAVDESS/03-01-03-02-01-02-19.wav,happy
3008,drive/My Drive/Speech Emotion Recognition/data/CREMA/1025_WSI_SAD_XX.wav,sad
3009,drive/My Drive/Speech Emotion Recognition/data/RAVDESS/03-01-02-02-01-02-23.wav,neutral
3010,drive/My Drive/Speech Emotion Recognition/data/RAVDESS/03-01-05-01-01-02-04.wav,angry
3011,drive/My Drive/Speech Emotion Recognition/data/CREMA/1057_IWW_ANG_XX.wav,angry
3012,drive/My Drive/Speech Emotion Recognition/data/CREMA/1003_TAI_ANG_XX.wav,angry
3013,drive/My Drive/Speech Emotion Recognition/data/CREMA/1020_IEO_HAP_HI.wav,happy
3014,drive/My Drive/Speech Emotion Recognition/data/RAVDESS/03-01-02-02-02-02-08.wav,neutral
3015,drive/My Drive/Speech Emotion Recognition/data/CREMA/1042_TIE_SAD_XX.wav,sad
3016,drive/My Drive/Speech Emotion Recognition/data/CREMA/1014_MTI_SAD_XX.wav,sad
3017,drive/My Drive/Speech Emotion Recognition/data/CREMA/1010_ITS_NEU_XX.wav,neutral
3018,drive/My Drive/Speech Emotion Recognition/data/CREMA/1023_WSI_NEU_XX.wav,neutral
3019,drive/My Drive/Speech Emotion Recognition/data/RAVDESS/03-01-01-01-01-01-16.wav,neutral
3020,drive/My Drive/Speech Emotion Recognition/data/CREMA/1013_DFA_ANG_XX.wav,angry
3021,drive/My Drive/Speech Emotion Recognition/data/CREMA/1024_IOM_SAD_XX.wav,sad
3022,drive/My Drive/Speech Emotion Recognition/data/CREMA/1023_DFA_SAD_XX.wav,sad
3023,drive/My Drive/Speech Emotion Recognition/data/CREMA/1003_IEO_NEU_XX.wav,neutral
3024,drive/My Drive/Speech Emotion Recognition/data/CREMA/1010_IEO_HAP_HI.wav,happy
3025,drive/My Drive/Speech Emotion Recognition/data/CREMA/1008_IEO_ANG_MD.wav,angry
3026,drive/My Drive/Speech Emotion Recognition/data/CREMA/1030_WSI_SAD_XX.wav,sad
3027,drive/My Drive/Speech Emotion Recognition/data/CREMA/1034_IWW_ANG_XX.wav,angry
3028,drive/My Drive/Speech Emotion Recognition/data/CREMA/1047_IEO_SAD_HI.wav,sad
3029,drive/My Drive/Speech Emotion Recognition/data/CREMA/1010_TSI_ANG_XX.wav,angry
3030,drive/My Drive/Speech Emotion Recognition/data/CREMA/1014_IEO_HAP_MD.wav,happy
3031,drive/My Drive/Speech Emotion Recognition/data/RAVDESS/03-01-03-01-01-02-17.wav,happy
3032,drive/My Drive/Speech Emotion Recognition/data/CREMA/1063_TAI_NEU_XX.wav,neutral
3033,drive/My Drive/Speech Emotion Recognition/data/RAVDESS/03-01-05-01-01-02-02.wav,angry
3034,drive/My Drive/Speech Emotion Recognition/data/CREMA/1041_IOM_ANG_XX.wav,angry
3035,drive/My Drive/Speech Emotion Recognition/data/CREMA/1060_IWL_SAD_XX.wav,sad
3036,drive/My Drive/Speech Emotion Recognition/data/CREMA/1046_IWL_HAP_XX.wav,happy
3037,drive/My Drive/Speech Emotion Recognition/data/CREMA/1032_WSI_ANG_XX.wav,angry
3038,drive/My Drive/Speech Emotion Recognition/data/CREMA/1058_IOM_NEU_XX.wav,neutral
3039,drive/My Drive/Speech Emotion Recognition/data/CREMA/1046_WSI_HAP_XX.wav,happy
3040,drive/My Drive/Speech Emotion Recognition/data/CREMA/1015_IWL_ANG_XX.wav,angry
3041,drive/My Drive/Speech Emotion Recognition/data/CREMA/1040_IWL_HAP_XX.wav,happy
3042,drive/My Drive/Speech Emotion Recognition/data/CREMA/1033_TAI_NEU_XX.wav,neutral
3043,drive/My Drive/Speech Emotion Recognition/data/CREMA/1032_DFA_NEU_XX.wav,neutral
3044,drive/My Drive/Speech Emotion Recognition/data/RAVDESS/03-01-01-01-02-02-13.wav,neutral
3045,drive/My Drive/Speech Emotion Recognition/data/CREMA/1041_IOM_SAD_XX.wav,sad
3046,drive/My Drive/Speech Emotion Recognition/data/RAVDESS/03-01-05-01-01-02-16.wav,angry
3047,drive/My Drive/Speech Emotion Recognition/data/CREMA/1012_TAI_ANG_XX.wav,angry
3048,drive/My Drive/Speech Emotion Recognition/data/CREMA/1060_IEO_SAD_HI.wav,sad
3049,drive/My Drive/Speech Emotion Recognition/data/CREMA/1016_IWL_NEU_XX.wav,neutral
3050,drive/My Drive/Speech Emotion Recognition/data/CREMA/1018_IEO_ANG_HI.wav,angry
3051,drive/My Drive/Speech Emotion Recognition/data/CREMA/1038_IEO_ANG_MD.wav,angry
3052,drive/My Drive/Speech Emotion Recognition/data/CREMA/1033_IEO_SAD_LO.wav,sad
3053,drive/My Drive/Speech Emotion Recognition/data/CREMA/1034_WSI_HAP_XX.wav,happy
3054,drive/My Drive/Speech Emotion Recognition/data/CREMA/1015_IWW_SAD_XX.wav,sad
3055,drive/My Drive/Speech Emotion Recognition/data/RAVDESS/03-01-05-01-02-02-03.wav,angry
3056,drive/My Drive/Speech Emotion Recognition/data/CREMA/1038_IEO_ANG_HI.wav,angry
3057,drive/My Drive/Speech Emotion Recognition/data/CREMA/1008_IOM_SAD_XX.wav,sad
3058,drive/My Drive/Speech Emotion Recognition/data/CREMA/1002_IWW_SAD_XX.wav,sad
3059,drive/My Drive/Speech Emotion Recognition/data/CREMA/1010_WSI_SAD_XX.wav,sad
3060,drive/My Drive/Speech Emotion Recognition/data/CREMA/1012_ITH_SAD_XX (1).wav,sad
3061,drive/My Drive/Speech Emotion Recognition/data/RAVDESS/03-01-01-01-02-01-06.wav,neutral
3062,drive/My Drive/Speech Emotion Recognition/data/CREMA/1046_DFA_SAD_XX.wav,sad
3063,drive/My Drive/Speech Emotion Recognition/data/CREMA/1023_ITH_NEU_XX.wav,neutral
3064,drive/My Drive/Speech Emotion Recognition/data/CREMA/1004_TAI_NEU_XX.wav,neutral
3065,drive/My Drive/Speech Emotion Recognition/data/CREMA/1045_IEO_ANG_MD.wav,angry
3066,drive/My Drive/Speech Emotion Recognition/data/CREMA/1064_IOM_SAD_XX.wav,sad
3067,drive/My Drive/Speech Emotion Recognition/data/CREMA/1014_ITS_HAP_XX.wav,happy
3068,drive/My Drive/Speech Emotion Recognition/data/CREMA/1051_IEO_HAP_MD.wav,happy
3069,drive/My Drive/Speech Emotion Recognition/data/CREMA/1039_IEO_SAD_MD.wav,sad
3070,drive/My Drive/Speech Emotion Recognition/data/CREMA/1051_TAI_ANG_XX.wav,angry
3071,drive/My Drive/Speech Emotion Recognition/data/CREMA/1036_IWL_SAD_XX.wav,sad
3072,drive/My Drive/Speech Emotion Recognition/data/CREMA/1059_IEO_ANG_LO.wav,angry
3073,drive/My Drive/Speech Emotion Recognition/data/RAVDESS/03-01-03-02-01-01-20.wav,happy
3074,drive/My Drive/Speech Emotion Recognition/data/CREMA/1018_IWL_HAP_XX.wav,happy
3075,drive/My Drive/Speech Emotion Recognition/data/RAVDESS/03-01-04-01-01-01-06.wav,sad
3076,drive/My Drive/Speech Emotion Recognition/data/CREMA/1056_ITS_SAD_XX.wav,sad
3077,drive/My Drive/Speech Emotion Recognition/data/RAVDESS/03-01-05-01-01-02-09.wav,angry
3078,drive/My Drive/Speech Emotion Recognition/data/RAVDESS/03-01-04-01-01-02-08.wav,sad
3079,drive/My Drive/Speech Emotion Recognition/data/CREMA/1051_IEO_SAD_MD.wav,sad
3080,drive/My Drive/Speech Emotion Recognition/data/CREMA/1006_ITS_SAD_XX.wav,sad
3081,drive/My Drive/Speech Emotion Recognition/data/CREMA/1047_MTI_HAP_XX.wav,happy
3082,drive/My Drive/Speech Emotion Recognition/data/RAVDESS/03-01-04-01-01-01-08.wav,sad
3083,drive/My Drive/Speech Emotion Recognition/data/CREMA/1025_TIE_ANG_XX.wav,angry
3084,drive/My Drive/Speech Emotion Recognition/data/CREMA/1064_TAI_SAD_XX.wav,sad
3085,drive/My Drive/Speech Emotion Recognition/data/CREMA/1055_IEO_HAP_MD.wav,happy
3086,drive/My Drive/Speech Emotion Recognition/data/CREMA/1062_MTI_ANG_XX.wav,angry
3087,drive/My Drive/Speech Emotion Recognition/data/CREMA/1066_ITH_NEU_XX.wav,neutral
3088,drive/My Drive/Speech Emotion Recognition/data/CREMA/1002_TAI_HAP_XX.wav,happy
3089,drive/My Drive/Speech Emotion Recognition/data/CREMA/1054_IWL_HAP_XX.wav,happy
3090,drive/My Drive/Speech Emotion Recognition/data/CREMA/1008_ITS_NEU_XX.wav,neutral
3091,drive/My Drive/Speech Emotion Recognition/data/CREMA/1006_IOM_ANG_XX.wav,angry
3092,drive/My Drive/Speech Emotion Recognition/data/CREMA/1066_TSI_HAP_XX.wav,happy
3093,drive/My Drive/Speech Emotion Recognition/data/CREMA/1041_IWL_ANG_XX.wav,angry
3094,drive/My Drive/Speech Emotion Recognition/data/CREMA/1014_TIE_NEU_XX.wav,neutral
3095,drive/My Drive/Speech Emotion Recognition/data/RAVDESS/03-01-04-01-01-02-02.wav,sad
3096,drive/My Drive/Speech Emotion Recognition/data/CREMA/1009_TIE_HAP_XX.wav,happy
3097,drive/My Drive/Speech Emotion Recognition/data/CREMA/1006_TSI_HAP_XX.wav,happy
3098,drive/My Drive/Speech Emotion Recognition/data/CREMA/1041_TSI_SAD_XX.wav,sad
3099,drive/My Drive/Speech Emotion Recognition/data/CREMA/1051_TIE_HAP_XX.wav,happy
3100,drive/My Drive/Speech Emotion Recognition/data/CREMA/1019_MTI_NEU_XX.wav,neutral
3101,drive/My Drive/Speech Emotion Recognition/data/CREMA/1035_IWW_SAD_XX.wav,sad
3102,drive/My Drive/Speech Emotion Recognition/data/CREMA/1038_ITS_HAP_XX.wav,happy
3103,drive/My Drive/Speech Emotion Recognition/data/CREMA/1003_IWL_NEU_XX.wav,neutral
3104,drive/My Drive/Speech Emotion Recognition/data/CREMA/1024_IWL_NEU_XX.wav,neutral
3105,drive/My Drive/Speech Emotion Recognition/data/CREMA/1029_ITH_HAP_XX.wav,happy
3106,drive/My Drive/Speech Emotion Recognition/data/CREMA/1035_TAI_HAP_XX.wav,happy
3107,drive/My Drive/Speech Emotion Recognition/data/CREMA/1064_IWW_SAD_XX.wav,sad
3108,drive/My Drive/Speech Emotion Recognition/data/CREMA/1029_MTI_ANG_XX.wav,angry
3109,drive/My Drive/Speech Emotion Recognition/data/CREMA/1027_TAI_NEU_XX.wav,neutral
3110,drive/My Drive/Speech Emotion Recognition/data/CREMA/1027_ITS_SAD_XX.wav,sad
3111,drive/My Drive/Speech Emotion Recognition/data/CREMA/1066_WSI_HAP_XX.wav,happy
3112,drive/My Drive/Speech Emotion Recognition/data/CREMA/1039_IEO_ANG_LO.wav,angry
3113,drive/My Drive/Speech Emotion Recognition/data/RAVDESS/03-01-03-01-02-01-01.wav,happy
3114,drive/My Drive/Speech Emotion Recognition/data/RAVDESS/03-01-03-01-02-02-07.wav,happy
3115,drive/My Drive/Speech Emotion Recognition/data/CREMA/1021_TIE_NEU_XX.wav,neutral
3116,drive/My Drive/Speech Emotion Recognition/data/CREMA/1023_IEO_HAP_LO.wav,happy
3117,drive/My Drive/Speech Emotion Recognition/data/CREMA/1043_IEO_ANG_HI.wav,angry
3118,drive/My Drive/Speech Emotion Recognition/data/CREMA/1026_TIE_SAD_XX.wav,sad
3119,drive/My Drive/Speech Emotion Recognition/data/CREMA/1029_TAI_HAP_XX.wav,happy
3120,drive/My Drive/Speech Emotion Recognition/data/CREMA/1030_IWW_ANG_XX.wav,angry
3121,drive/My Drive/Speech Emotion Recognition/data/CREMA/1033_IWW_NEU_XX.wav,neutral
3122,drive/My Drive/Speech Emotion Recognition/data/CREMA/1051_DFA_SAD_XX.wav,sad
3123,drive/My Drive/Speech Emotion Recognition/data/RAVDESS/03-01-05-01-01-01-11.wav,angry
3124,drive/My Drive/Speech Emotion Recognition/data/CREMA/1006_IEO_SAD_LO.wav,sad
3125,drive/My Drive/Speech Emotion Recognition/data/CREMA/1038_MTI_HAP_XX.wav,happy
3126,drive/My Drive/Speech Emotion Recognition/data/RAVDESS/03-01-04-02-02-02-03.wav,sad
3127,drive/My Drive/Speech Emotion Recognition/data/RAVDESS/03-01-03-01-02-02-22.wav,happy
3128,drive/My Drive/Speech Emotion Recognition/data/RAVDESS/03-01-05-02-01-01-20.wav,angry
3129,drive/My Drive/Speech Emotion Recognition/data/CREMA/1028_TAI_HAP_XX.wav,happy
3130,drive/My Drive/Speech Emotion Recognition/data/CREMA/1049_DFA_ANG_XX.wav,angry
3131,drive/My Drive/Speech Emotion Recognition/data/CREMA/1039_IOM_HAP_XX.wav,happy
3132,drive/My Drive/Speech Emotion Recognition/data/CREMA/1056_TSI_SAD_XX.wav,sad
3133,drive/My Drive/Speech Emotion Recognition/data/CREMA/1007_WSI_ANG_XX.wav,angry
3134,drive/My Drive/Speech Emotion Recognition/data/CREMA/1021_WSI_HAP_XX.wav,happy
3135,drive/My Drive/Speech Emotion Recognition/data/RAVDESS/03-01-04-01-02-01-07.wav,sad
3136,drive/My Drive/Speech Emotion Recognition/data/CREMA/1034_TIE_HAP_XX.wav,happy
3137,drive/My Drive/Speech Emotion Recognition/data/CREMA/1047_ITH_ANG_XX.wav,angry
3138,drive/My Drive/Speech Emotion Recognition/data/CREMA/1014_WSI_SAD_XX.wav,sad
3139,drive/My Drive/Speech Emotion Recognition/data/RAVDESS/03-01-01-01-02-02-22.wav,neutral
3140,drive/My Drive/Speech Emotion Recognition/data/CREMA/1039_IEO_NEU_XX.wav,neutral
3141,drive/My Drive/Speech Emotion Recognition/data/RAVDESS/03-01-05-02-02-02-11.wav,angry
3142,drive/My Drive/Speech Emotion Recognition/data/CREMA/1045_MTI_SAD_XX.wav,sad
3143,drive/My Drive/Speech Emotion Recognition/data/RAVDESS/03-01-03-02-01-02-10.wav,happy
3144,drive/My Drive/Speech Emotion Recognition/data/CREMA/1066_MTI_HAP_XX.wav,happy
3145,drive/My Drive/Speech Emotion Recognition/data/CREMA/1063_TSI_ANG_XX.wav,angry
3146,drive/My Drive/Speech Emotion Recognition/data/CREMA/1010_IOM_ANG_XX.wav,angry
3147,drive/My Drive/Speech Emotion Recognition/data/CREMA/1003_IWW_HAP_XX.wav,happy
3148,drive/My Drive/Speech Emotion Recognition/data/CREMA/1062_TAI_HAP_XX.wav,happy
3149,drive/My Drive/Speech Emotion Recognition/data/CREMA/1005_TAI_SAD_XX.wav,sad
3150,drive/My Drive/Speech Emotion Recognition/data/CREMA/1030_IEO_SAD_HI.wav,sad
3151,drive/My Drive/Speech Emotion Recognition/data/RAVDESS/03-01-04-01-01-01-07.wav,sad
3152,drive/My Drive/Speech Emotion Recognition/data/CREMA/1064_DFA_HAP_XX.wav,happy
3153,drive/My Drive/Speech Emotion Recognition/data/RAVDESS/03-01-02-02-01-02-21.wav,neutral
3154,drive/My Drive/Speech Emotion Recognition/data/RAVDESS/03-01-04-02-01-01-21.wav,sad
3155,drive/My Drive/Speech Emotion Recognition/data/CREMA/1004_IEO_SAD_HI.wav,sad
3156,drive/My Drive/Speech Emotion Recognition/data/CREMA/1008_IWW_NEU_XX.wav,neutral
3157,drive/My Drive/Speech Emotion Recognition/data/CREMA/1055_WSI_SAD_XX.wav,sad
3158,drive/My Drive/Speech Emotion Recognition/data/CREMA/1047_ITS_SAD_XX.wav,sad
3159,drive/My Drive/Speech Emotion Recognition/data/CREMA/1010_ITS_HAP_XX.wav,happy
3160,drive/My Drive/Speech Emotion Recognition/data/RAVDESS/03-01-01-01-01-01-18.wav,neutral
3161,drive/My Drive/Speech Emotion Recognition/data/CREMA/1041_TSI_NEU_XX.wav,neutral
3162,drive/My Drive/Speech Emotion Recognition/data/CREMA/1032_MTI_ANG_XX.wav,angry
3163,drive/My Drive/Speech Emotion Recognition/data/CREMA/1014_ITS_NEU_XX.wav,neutral
3164,drive/My Drive/Speech Emotion Recognition/data/RAVDESS/03-01-03-02-01-02-05.wav,happy
3165,drive/My Drive/Speech Emotion Recognition/data/CREMA/1009_TAI_HAP_XX.wav,happy
3166,drive/My Drive/Speech Emotion Recognition/data/CREMA/1062_ITS_NEU_XX.wav,neutral
3167,drive/My Drive/Speech Emotion Recognition/data/CREMA/1056_WSI_HAP_XX.wav,happy
3168,drive/My Drive/Speech Emotion Recognition/data/CREMA/1026_IWW_ANG_XX.wav,angry
3169,drive/My Drive/Speech Emotion Recognition/data/RAVDESS/03-01-04-02-02-01-20.wav,sad
3170,drive/My Drive/Speech Emotion Recognition/data/RAVDESS/03-01-04-02-02-02-06.wav,sad
3171,drive/My Drive/Speech Emotion Recognition/data/RAVDESS/03-01-02-02-01-02-13.wav,neutral
3172,drive/My Drive/Speech Emotion Recognition/data/CREMA/1059_MTI_HAP_XX.wav,happy
3173,drive/My Drive/Speech Emotion Recognition/data/CREMA/1019_TIE_HAP_XX.wav,happy
3174,drive/My Drive/Speech Emotion Recognition/data/CREMA/1043_ITS_ANG_XX.wav,angry
3175,drive/My Drive/Speech Emotion Recognition/data/CREMA/1021_TAI_ANG_XX.wav,angry
3176,drive/My Drive/Speech Emotion Recognition/data/CREMA/1052_TSI_SAD_XX.wav,sad
3177,drive/My Drive/Speech Emotion Recognition/data/CREMA/1053_WSI_ANG_XX.wav,angry
3178,drive/My Drive/Speech Emotion Recognition/data/CREMA/1029_TSI_NEU_XX.wav,neutral
3179,drive/My Drive/Speech Emotion Recognition/data/RAVDESS/03-01-04-01-01-01-12.wav,sad
3180,drive/My Drive/Speech Emotion Recognition/data/CREMA/1033_IOM_NEU_XX.wav,neutral
3181,drive/My Drive/Speech Emotion Recognition/data/CREMA/1015_DFA_SAD_XX.wav,sad
3182,drive/My Drive/Speech Emotion Recognition/data/CREMA/1048_TAI_SAD_XX.wav,sad
3183,drive/My Drive/Speech Emotion Recognition/data/CREMA/1064_WSI_NEU_XX.wav,neutral
3184,drive/My Drive/Speech Emotion Recognition/data/CREMA/1002_IWW_HAP_XX.wav,happy
3185,drive/My Drive/Speech Emotion Recognition/data/RAVDESS/03-01-02-02-01-01-02.wav,neutral
3186,drive/My Drive/Speech Emotion Recognition/data/CREMA/1050_IEO_HAP_MD.wav,happy
3187,drive/My Drive/Speech Emotion Recognition/data/CREMA/1037_IWW_HAP_XX.wav,happy
3188,drive/My Drive/Speech Emotion Recognition/data/CREMA/1065_TIE_NEU_XX.wav,neutral
3189,drive/My Drive/Speech Emotion Recognition/data/CREMA/1010_TAI_SAD_XX.wav,sad
3190,drive/My Drive/Speech Emotion Recognition/data/CREMA/1039_TIE_NEU_XX.wav,neutral
3191,drive/My Drive/Speech Emotion Recognition/data/CREMA/1006_TSI_SAD_XX.wav,sad
3192,drive/My Drive/Speech Emotion Recognition/data/CREMA/1030_WSI_NEU_XX.wav,neutral
3193,drive/My Drive/Speech Emotion Recognition/data/CREMA/1041_TAI_ANG_XX.wav,angry
3194,drive/My Drive/Speech Emotion Recognition/data/CREMA/1024_TAI_NEU_XX.wav,neutral
3195,drive/My Drive/Speech Emotion Recognition/data/CREMA/1033_TSI_SAD_XX.wav,sad
3196,drive/My Drive/Speech Emotion Recognition/data/CREMA/1041_IEO_HAP_MD.wav,happy
3197,drive/My Drive/Speech Emotion Recognition/data/CREMA/1049_WSI_NEU_XX.wav,neutral
3198,drive/My Drive/Speech Emotion Recognition/data/CREMA/1052_TAI_SAD_XX.wav,sad
3199,drive/My Drive/Speech Emotion Recognition/data/RAVDESS/03-01-03-01-02-02-06.wav,happy
3200,drive/My Drive/Speech Emotion Recognition/data/CREMA/1009_IEO_SAD_HI.wav,sad
3201,drive/My Drive/Speech Emotion Recognition/data/CREMA/1043_IWW_HAP_XX.wav,happy
3202,drive/My Drive/Speech Emotion Recognition/data/RAVDESS/03-01-04-02-02-02-23.wav,sad
3203,drive/My Drive/Speech Emotion Recognition/data/CREMA/1063_DFA_ANG_XX.wav,angry
3204,drive/My Drive/Speech Emotion Recognition/data/CREMA/1035_DFA_NEU_XX.wav,neutral
3205,drive/My Drive/Speech Emotion Recognition/data/CREMA/1023_IEO_HAP_HI.wav,happy
3206,drive/My Drive/Speech Emotion Recognition/data/CREMA/1009_ITS_HAP_XX.wav,happy
3207,drive/My Drive/Speech Emotion Recognition/data/CREMA/1044_TSI_ANG_XX.wav,angry
3208,drive/My Drive/Speech Emotion Recognition/data/RAVDESS/03-01-02-01-01-02-07.wav,neutral
3209,drive/My Drive/Speech Emotion Recognition/data/CREMA/1012_IEO_NEU_XX.wav,neutral
3210,drive/My Drive/Speech Emotion Recognition/data/CREMA/1045_ITH_HAP_XX.wav,happy
3211,drive/My Drive/Speech Emotion Recognition/data/CREMA/1064_TSI_HAP_XX.wav,happy
3212,drive/My Drive/Speech Emotion Recognition/data/CREMA/1065_DFA_NEU_XX.wav,neutral
3213,drive/My Drive/Speech Emotion Recognition/data/CREMA/1040_TIE_SAD_XX.wav,sad
3214,drive/My Drive/Speech Emotion Recognition/data/CREMA/1022_MTI_NEU_XX.wav,neutral
3215,drive/My Drive/Speech Emotion Recognition/data/CREMA/1039_TAI_SAD_XX.wav,sad
3216,drive/My Drive/Speech Emotion Recognition/data/CREMA/1047_MTI_ANG_XX.wav,angry
3217,drive/My Drive/Speech Emotion Recognition/data/CREMA/1016_MTI_SAD_XX.wav,sad
3218,drive/My Drive/Speech Emotion Recognition/data/CREMA/1061_TIE_ANG_XX.wav,angry
3219,drive/My Drive/Speech Emotion Recognition/data/RAVDESS/03-01-03-02-01-01-11.wav,happy
3220,drive/My Drive/Speech Emotion Recognition/data/CREMA/1014_MTI_NEU_XX.wav,neutral
3221,drive/My Drive/Speech Emotion Recognition/data/CREMA/1039_DFA_ANG_XX.wav,angry
3222,drive/My Drive/Speech Emotion Recognition/data/CREMA/1017_WSI_NEU_XX.wav,neutral
3223,drive/My Drive/Speech Emotion Recognition/data/CREMA/1015_ITS_SAD_XX.wav,sad
3224,drive/My Drive/Speech Emotion Recognition/data/RAVDESS/03-01-01-01-01-02-21.wav,neutral
3225,drive/My Drive/Speech Emotion Recognition/data/CREMA/1014_DFA_HAP_XX.wav,happy
3226,drive/My Drive/Speech Emotion Recognition/data/CREMA/1001_TIE_SAD_XX.wav,sad
3227,drive/My Drive/Speech Emotion Recognition/data/CREMA/1029_IEO_SAD_LO.wav,sad
3228,drive/My Drive/Speech Emotion Recognition/data/RAVDESS/03-01-02-01-01-02-06.wav,neutral
3229,drive/My Drive/Speech Emotion Recognition/data/RAVDESS/03-01-02-01-02-02-18.wav,neutral
3230,drive/My Drive/Speech Emotion Recognition/data/CREMA/1004_WSI_HAP_XX.wav,happy
3231,drive/My Drive/Speech Emotion Recognition/data/CREMA/1060_TAI_NEU_XX.wav,neutral
3232,drive/My Drive/Speech Emotion Recognition/data/RAVDESS/03-01-03-01-02-01-20.wav,happy
3233,drive/My Drive/Speech Emotion Recognition/data/CREMA/1043_IEO_SAD_MD.wav,sad
3234,drive/My Drive/Speech Emotion Recognition/data/CREMA/1046_WSI_SAD_XX.wav,sad
3235,drive/My Drive/Speech Emotion Recognition/data/RAVDESS/03-01-04-01-02-01-06.wav,sad
3236,drive/My Drive/Speech Emotion Recognition/data/RAVDESS/03-01-05-02-01-02-18.wav,angry
3237,drive/My Drive/Speech Emotion Recognition/data/CREMA/1059_IWW_NEU_XX.wav,neutral
3238,drive/My Drive/Speech Emotion Recognition/data/CREMA/1045_IEO_ANG_LO.wav,angry
3239,drive/My Drive/Speech Emotion Recognition/data/RAVDESS/03-01-04-01-01-01-09.wav,sad
3240,drive/My Drive/Speech Emotion Recognition/data/CREMA/1066_MTI_SAD_XX.wav,sad
3241,drive/My Drive/Speech Emotion Recognition/data/CREMA/1062_IOM_HAP_XX.wav,happy
3242,drive/My Drive/Speech Emotion Recognition/data/CREMA/1020_TSI_NEU_XX.wav,neutral
3243,drive/My Drive/Speech Emotion Recognition/data/CREMA/1051_IWL_NEU_XX.wav,neutral
3244,drive/My Drive/Speech Emotion Recognition/data/CREMA/1038_TSI_SAD_XX.wav,sad
3245,drive/My Drive/Speech Emotion Recognition/data/CREMA/1003_DFA_NEU_XX.wav,neutral
3246,drive/My Drive/Speech Emotion Recognition/data/CREMA/1051_WSI_HAP_XX.wav,happy
3247,drive/My Drive/Speech Emotion Recognition/data/CREMA/1037_IWW_SAD_XX.wav,sad
3248,drive/My Drive/Speech Emotion Recognition/data/CREMA/1043_WSI_SAD_XX.wav,sad
3249,drive/My Drive/Speech Emotion Recognition/data/CREMA/1001_IEO_SAD_LO.wav,sad
3250,drive/My Drive/Speech Emotion Recognition/data/CREMA/1014_IEO_HAP_LO.wav,happy
3251,drive/My Drive/Speech Emotion Recognition/data/CREMA/1037_TIE_SAD_XX.wav,sad
3252,drive/My Drive/Speech Emotion Recognition/data/CREMA/1011_TSI_NEU_XX.wav,neutral
3253,drive/My Drive/Speech Emotion Recognition/data/CREMA/1008_TIE_ANG_XX.wav,angry
3254,drive/My Drive/Speech Emotion Recognition/data/CREMA/1039_ITH_NEU_XX.wav,neutral
3255,drive/My Drive/Speech Emotion Recognition/data/CREMA/1053_IEO_SAD_HI.wav,sad
3256,drive/My Drive/Speech Emotion Recognition/data/CREMA/1055_ITS_NEU_XX.wav,neutral
3257,drive/My Drive/Speech Emotion Recognition/data/RAVDESS/03-01-03-02-01-02-13.wav,happy
3258,drive/My Drive/Speech Emotion Recognition/data/CREMA/1053_DFA_HAP_XX.wav,happy
3259,drive/My Drive/Speech Emotion Recognition/data/CREMA/1023_TIE_NEU_XX.wav,neutral
3260,drive/My Drive/Speech Emotion Recognition/data/CREMA/1030_TSI_NEU_XX.wav,neutral
3261,drive/My Drive/Speech Emotion Recognition/data/CREMA/1005_IOM_ANG_XX.wav,angry
3262,drive/My Drive/Speech Emotion Recognition/data/CREMA/1018_ITS_SAD_XX.wav,sad
3263,drive/My Drive/Speech Emotion Recognition/data/CREMA/1025_IOM_NEU_XX.wav,neutral
3264,drive/My Drive/Speech Emotion Recognition/data/CREMA/1025_IOM_ANG_XX.wav,angry
3265,drive/My Drive/Speech Emotion Recognition/data/CREMA/1063_IEO_ANG_HI.wav,angry
3266,drive/My Drive/Speech Emotion Recognition/data/CREMA/1010_TAI_HAP_XX.wav,happy
3267,drive/My Drive/Speech Emotion Recognition/data/CREMA/1054_WSI_NEU_XX.wav,neutral
3268,drive/My Drive/Speech Emotion Recognition/data/RAVDESS/03-01-03-01-02-02-02.wav,happy
3269,drive/My Drive/Speech Emotion Recognition/data/CREMA/1050_TIE_ANG_XX.wav,angry
3270,drive/My Drive/Speech Emotion Recognition/data/CREMA/1004_IOM_NEU_XX.wav,neutral
3271,drive/My Drive/Speech Emotion Recognition/data/RAVDESS/03-01-02-01-01-01-11.wav,neutral
3272,drive/My Drive/Speech Emotion Recognition/data/CREMA/1053_ITS_NEU_XX.wav,neutral
3273,drive/My Drive/Speech Emotion Recognition/data/CREMA/1033_MTI_ANG_XX.wav,angry
3274,drive/My Drive/Speech Emotion Recognition/data/RAVDESS/03-01-05-02-02-02-20.wav,angry
3275,drive/My Drive/Speech Emotion Recognition/data/RAVDESS/03-01-01-01-01-02-22.wav,neutral
3276,drive/My Drive/Speech Emotion Recognition/data/CREMA/1034_IWW_SAD_XX.wav,sad
3277,drive/My Drive/Speech Emotion Recognition/data/CREMA/1021_MTI_ANG_XX.wav,angry
3278,drive/My Drive/Speech Emotion Recognition/data/CREMA/1063_TSI_HAP_XX.wav,happy
3279,drive/My Drive/Speech Emotion Recognition/data/CREMA/1066_TIE_ANG_XX.wav,angry
3280,drive/My Drive/Speech Emotion Recognition/data/CREMA/1025_TAI_ANG_XX.wav,angry
3281,drive/My Drive/Speech Emotion Recognition/data/CREMA/1017_MTI_ANG_XX.wav,angry
3282,drive/My Drive/Speech Emotion Recognition/data/CREMA/1049_ITH_ANG_XX.wav,angry
3283,drive/My Drive/Speech Emotion Recognition/data/CREMA/1037_IEO_SAD_HI.wav,sad
3284,drive/My Drive/Speech Emotion Recognition/data/RAVDESS/03-01-03-01-01-02-03.wav,happy
3285,drive/My Drive/Speech Emotion Recognition/data/CREMA/1038_IEO_SAD_LO.wav,sad
3286,drive/My Drive/Speech Emotion Recognition/data/CREMA/1015_TIE_NEU_XX.wav,neutral
3287,drive/My Drive/Speech Emotion Recognition/data/CREMA/1015_TIE_HAP_XX.wav,happy
3288,drive/My Drive/Speech Emotion Recognition/data/CREMA/1021_IEO_SAD_LO.wav,sad
3289,drive/My Drive/Speech Emotion Recognition/data/CREMA/1053_MTI_SAD_XX.wav,sad
3290,drive/My Drive/Speech Emotion Recognition/data/CREMA/1046_IEO_NEU_XX.wav,neutral
3291,drive/My Drive/Speech Emotion Recognition/data/CREMA/1010_IWW_HAP_XX.wav,happy
3292,drive/My Drive/Speech Emotion Recognition/data/RAVDESS/03-01-02-02-01-01-16.wav,neutral
3293,drive/My Drive/Speech Emotion Recognition/data/CREMA/1029_IEO_HAP_LO.wav,happy
3294,drive/My Drive/Speech Emotion Recognition/data/CREMA/1002_TAI_ANG_XX.wav,angry
3295,drive/My Drive/Speech Emotion Recognition/data/CREMA/1023_IWW_ANG_XX.wav,angry
3296,drive/My Drive/Speech Emotion Recognition/data/CREMA/1003_ITS_NEU_XX.wav,neutral
3297,drive/My Drive/Speech Emotion Recognition/data/CREMA/1016_IOM_HAP_XX.wav,happy
3298,drive/My Drive/Speech Emotion Recognition/data/CREMA/1050_MTI_ANG_XX.wav,angry
3299,drive/My Drive/Speech Emotion Recognition/data/CREMA/1016_ITS_NEU_XX.wav,neutral
3300,drive/My Drive/Speech Emotion Recognition/data/CREMA/1039_IWW_HAP_XX.wav,happy
3301,drive/My Drive/Speech Emotion Recognition/data/CREMA/1055_IWL_NEU_XX.wav,neutral
3302,drive/My Drive/Speech Emotion Recognition/data/CREMA/1029_DFA_HAP_XX.wav,happy
3303,drive/My Drive/Speech Emotion Recognition/data/CREMA/1064_ITS_ANG_XX.wav,angry
3304,drive/My Drive/Speech Emotion Recognition/data/CREMA/1037_IEO_ANG_LO.wav,angry
3305,drive/My Drive/Speech Emotion Recognition/data/RAVDESS/03-01-02-02-02-02-02.wav,neutral
3306,drive/My Drive/Speech Emotion Recognition/data/RAVDESS/03-01-05-02-02-02-02.wav,angry
3307,drive/My Drive/Speech Emotion Recognition/data/CREMA/1027_TIE_ANG_XX.wav,angry
3308,drive/My Drive/Speech Emotion Recognition/data/CREMA/1046_TIE_NEU_XX.wav,neutral
3309,drive/My Drive/Speech Emotion Recognition/data/CREMA/1010_IEO_ANG_MD.wav,angry
3310,drive/My Drive/Speech Emotion Recognition/data/CREMA/1055_IWL_ANG_XX.wav,angry
3311,drive/My Drive/Speech Emotion Recognition/data/CREMA/1011_TAI_NEU_XX.wav,neutral
3312,drive/My Drive/Speech Emotion Recognition/data/CREMA/1046_MTI_ANG_XX.wav,angry
3313,drive/My Drive/Speech Emotion Recognition/data/CREMA/1019_IWL_HAP_XX.wav,happy
3314,drive/My Drive/Speech Emotion Recognition/data/CREMA/1031_ITH_ANG_XX.wav,angry
3315,drive/My Drive/Speech Emotion Recognition/data/CREMA/1061_ITS_ANG_XX.wav,angry
3316,drive/My Drive/Speech Emotion Recognition/data/RAVDESS/03-01-03-02-01-01-18.wav,happy
3317,drive/My Drive/Speech Emotion Recognition/data/CREMA/1027_IEO_ANG_HI.wav,angry
3318,drive/My Drive/Speech Emotion Recognition/data/CREMA/1051_IEO_HAP_HI.wav,happy
3319,drive/My Drive/Speech Emotion Recognition/data/CREMA/1032_TIE_SAD_XX.wav,sad
3320,drive/My Drive/Speech Emotion Recognition/data/CREMA/1007_ITH_NEU_XX.wav,neutral
3321,drive/My Drive/Speech Emotion Recognition/data/CREMA/1013_IWL_SAD_XX.wav,sad
3322,drive/My Drive/Speech Emotion Recognition/data/CREMA/1036_TAI_SAD_XX.wav,sad
3323,drive/My Drive/Speech Emotion Recognition/data/CREMA/1053_IOM_SAD_XX.wav,sad
3324,drive/My Drive/Speech Emotion Recognition/data/CREMA/1066_TAI_HAP_XX.wav,happy
3325,drive/My Drive/Speech Emotion Recognition/data/CREMA/1065_IEO_HAP_MD.wav,happy
3326,drive/My Drive/Speech Emotion Recognition/data/CREMA/1009_IEO_HAP_HI.wav,happy
3327,drive/My Drive/Speech Emotion Recognition/data/RAVDESS/03-01-01-01-01-02-12.wav,neutral
3328,drive/My Drive/Speech Emotion Recognition/data/RAVDESS/03-01-01-01-02-02-24.wav,neutral
3329,drive/My Drive/Speech Emotion Recognition/data/CREMA/1006_TIE_SAD_XX.wav,sad
3330,drive/My Drive/Speech Emotion Recognition/data/CREMA/1026_IWL_HAP_XX.wav,happy
3331,drive/My Drive/Speech Emotion Recognition/data/CREMA/1041_ITS_HAP_XX.wav,happy
3332,drive/My Drive/Speech Emotion Recognition/data/CREMA/1032_IEO_SAD_LO.wav,sad
3333,drive/My Drive/Speech Emotion Recognition/data/RAVDESS/03-01-04-02-02-01-17.wav,sad
3334,drive/My Drive/Speech Emotion Recognition/data/RAVDESS/03-01-01-01-02-02-03.wav,neutral
3335,drive/My Drive/Speech Emotion Recognition/data/CREMA/1066_DFA_SAD_XX.wav,sad
3336,drive/My Drive/Speech Emotion Recognition/data/CREMA/1017_TAI_HAP_XX.wav,happy
3337,drive/My Drive/Speech Emotion Recognition/data/CREMA/1038_TIE_NEU_XX.wav,neutral
3338,drive/My Drive/Speech Emotion Recognition/data/CREMA/1012_DFA_NEU_XX.wav,neutral
3339,drive/My Drive/Speech Emotion Recognition/data/CREMA/1034_ITS_NEU_XX.wav,neutral
3340,drive/My Drive/Speech Emotion Recognition/data/CREMA/1021_TIE_HAP_XX.wav,happy
3341,drive/My Drive/Speech Emotion Recognition/data/CREMA/1062_TAI_NEU_XX.wav,neutral
3342,drive/My Drive/Speech Emotion Recognition/data/CREMA/1040_MTI_SAD_XX.wav,sad
3343,drive/My Drive/Speech Emotion Recognition/data/CREMA/1062_ITS_HAP_XX.wav,happy
3344,drive/My Drive/Speech Emotion Recognition/data/CREMA/1020_TAI_HAP_XX.wav,happy
3345,drive/My Drive/Speech Emotion Recognition/data/CREMA/1031_ITS_HAP_XX.wav,happy
3346,drive/My Drive/Speech Emotion Recognition/data/CREMA/1012_ITS_ANG_XX (1).wav,angry
3347,drive/My Drive/Speech Emotion Recognition/data/CREMA/1063_TSI_SAD_XX.wav,sad
3348,drive/My Drive/Speech Emotion Recognition/data/CREMA/1002_TAI_NEU_XX.wav,neutral
3349,drive/My Drive/Speech Emotion Recognition/data/CREMA/1023_IWL_ANG_XX.wav,angry
3350,drive/My Drive/Speech Emotion Recognition/data/CREMA/1006_IWW_HAP_XX.wav,happy
3351,drive/My Drive/Speech Emotion Recognition/data/CREMA/1036_DFA_SAD_XX.wav,sad
3352,drive/My Drive/Speech Emotion Recognition/data/RAVDESS/03-01-01-01-02-02-07.wav,neutral
3353,drive/My Drive/Speech Emotion Recognition/data/CREMA/1039_TSI_SAD_XX.wav,sad
3354,drive/My Drive/Speech Emotion Recognition/data/CREMA/1052_DFA_ANG_XX.wav,angry
3355,drive/My Drive/Speech Emotion Recognition/data/CREMA/1022_TSI_ANG_XX.wav,angry
3356,drive/My Drive/Speech Emotion Recognition/data/CREMA/1033_IEO_NEU_XX.wav,neutral
3357,drive/My Drive/Speech Emotion Recognition/data/RAVDESS/03-01-02-01-02-01-03.wav,neutral
3358,drive/My Drive/Speech Emotion Recognition/data/RAVDESS/03-01-04-01-01-01-22.wav,sad
3359,drive/My Drive/Speech Emotion Recognition/data/CREMA/1025_IWW_HAP_XX.wav,happy
3360,drive/My Drive/Speech Emotion Recognition/data/RAVDESS/03-01-05-02-01-01-12.wav,angry
3361,drive/My Drive/Speech Emotion Recognition/data/CREMA/1026_IEO_HAP_HI.wav,happy
3362,drive/My Drive/Speech Emotion Recognition/data/CREMA/1051_IWW_ANG_XX.wav,angry
3363,drive/My Drive/Speech Emotion Recognition/data/RAVDESS/03-01-02-01-02-02-09.wav,neutral
3364,drive/My Drive/Speech Emotion Recognition/data/CREMA/1057_WSI_NEU_XX.wav,neutral
3365,drive/My Drive/Speech Emotion Recognition/data/CREMA/1057_IOM_SAD_XX.wav,sad
3366,drive/My Drive/Speech Emotion Recognition/data/CREMA/1056_IWW_NEU_XX.wav,neutral
3367,drive/My Drive/Speech Emotion Recognition/data/RAVDESS/03-01-04-02-02-02-22.wav,sad
3368,drive/My Drive/Speech Emotion Recognition/data/RAVDESS/03-01-04-02-01-01-16.wav,sad
3369,drive/My Drive/Speech Emotion Recognition/data/CREMA/1063_TIE_NEU_XX.wav,neutral
3370,drive/My Drive/Speech Emotion Recognition/data/CREMA/1053_IOM_ANG_XX.wav,angry
3371,drive/My Drive/Speech Emotion Recognition/data/CREMA/1065_IOM_NEU_XX.wav,neutral
3372,drive/My Drive/Speech Emotion Recognition/data/CREMA/1066_ITS_NEU_XX.wav,neutral
3373,drive/My Drive/Speech Emotion Recognition/data/RAVDESS/03-01-03-01-01-02-24.wav,happy
3374,drive/My Drive/Speech Emotion Recognition/data/CREMA/1018_IEO_SAD_LO.wav,sad
3375,drive/My Drive/Speech Emotion Recognition/data/CREMA/1011_ITS_SAD_XX.wav,sad
3376,drive/My Drive/Speech Emotion Recognition/data/CREMA/1041_TIE_SAD_XX.wav,sad
3377,drive/My Drive/Speech Emotion Recognition/data/CREMA/1048_WSI_SAD_XX.wav,sad
3378,drive/My Drive/Speech Emotion Recognition/data/CREMA/1018_MTI_SAD_XX.wav,sad
3379,drive/My Drive/Speech Emotion Recognition/data/CREMA/1015_IOM_NEU_XX.wav,neutral
3380,drive/My Drive/Speech Emotion Recognition/data/CREMA/1018_TIE_HAP_XX.wav,happy
3381,drive/My Drive/Speech Emotion Recognition/data/CREMA/1006_WSI_HAP_XX.wav,happy
3382,drive/My Drive/Speech Emotion Recognition/data/CREMA/1038_ITH_ANG_XX.wav,angry
3383,drive/My Drive/Speech Emotion Recognition/data/CREMA/1002_MTI_NEU_XX.wav,neutral
3384,drive/My Drive/Speech Emotion Recognition/data/CREMA/1023_TSI_ANG_XX.wav,angry
3385,drive/My Drive/Speech Emotion Recognition/data/CREMA/1037_IWW_ANG_XX.wav,angry
3386,drive/My Drive/Speech Emotion Recognition/data/CREMA/1066_IEO_ANG_HI.wav,angry
3387,drive/My Drive/Speech Emotion Recognition/data/RAVDESS/03-01-02-02-02-01-14.wav,neutral
3388,drive/My Drive/Speech Emotion Recognition/data/CREMA/1048_IEO_HAP_HI.wav,happy
3389,drive/My Drive/Speech Emotion Recognition/data/RAVDESS/03-01-04-02-01-02-18.wav,sad
3390,drive/My Drive/Speech Emotion Recognition/data/CREMA/1056_IEO_HAP_LO.wav,happy
3391,drive/My Drive/Speech Emotion Recognition/data/RAVDESS/03-01-05-01-01-02-12.wav,angry
3392,drive/My Drive/Speech Emotion Recognition/data/CREMA/1050_TAI_SAD_XX.wav,sad
3393,drive/My Drive/Speech Emotion Recognition/data/CREMA/1024_DFA_NEU_XX.wav,neutral
3394,drive/My Drive/Speech Emotion Recognition/data/RAVDESS/03-01-05-01-01-01-14.wav,angry
3395,drive/My Drive/Speech Emotion Recognition/data/CREMA/1006_ITH_ANG_XX.wav,angry
3396,drive/My Drive/Speech Emotion Recognition/data/CREMA/1061_IEO_ANG_LO.wav,angry
3397,drive/My Drive/Speech Emotion Recognition/data/CREMA/1046_TIE_ANG_XX.wav,angry
3398,drive/My Drive/Speech Emotion Recognition/data/CREMA/1049_IWL_ANG_XX.wav,angry
3399,drive/My Drive/Speech Emotion Recognition/data/RAVDESS/03-01-05-01-01-01-06.wav,angry
3400,drive/My Drive/Speech Emotion Recognition/data/CREMA/1060_WSI_ANG_XX.wav,angry
3401,drive/My Drive/Speech Emotion Recognition/data/CREMA/1002_TIE_HAP_XX.wav,happy
3402,drive/My Drive/Speech Emotion Recognition/data/CREMA/1020_WSI_SAD_XX.wav,sad
3403,drive/My Drive/Speech Emotion Recognition/data/RAVDESS/03-01-02-01-01-02-09.wav,neutral
3404,drive/My Drive/Speech Emotion Recognition/data/CREMA/1056_IOM_SAD_XX.wav,sad
3405,drive/My Drive/Speech Emotion Recognition/data/CREMA/1047_IEO_ANG_LO.wav,angry
3406,drive/My Drive/Speech Emotion Recognition/data/CREMA/1005_IOM_NEU_XX.wav,neutral
3407,drive/My Drive/Speech Emotion Recognition/data/CREMA/1042_WSI_NEU_XX.wav,neutral
3408,drive/My Drive/Speech Emotion Recognition/data/RAVDESS/03-01-03-02-02-02-23.wav,happy
3409,drive/My Drive/Speech Emotion Recognition/data/CREMA/1034_ITS_ANG_XX.wav,angry
3410,drive/My Drive/Speech Emotion Recognition/data/CREMA/1025_IWW_ANG_XX.wav,angry
3411,drive/My Drive/Speech Emotion Recognition/data/CREMA/1061_IEO_ANG_MD.wav,angry
3412,drive/My Drive/Speech Emotion Recognition/data/CREMA/1011_IOM_HAP_XX.wav,happy
3413,drive/My Drive/Speech Emotion Recognition/data/CREMA/1001_WSI_ANG_XX.wav,angry
3414,drive/My Drive/Speech Emotion Recognition/data/CREMA/1017_WSI_HAP_XX.wav,happy
3415,drive/My Drive/Speech Emotion Recognition/data/CREMA/1022_IOM_ANG_XX.wav,angry
3416,drive/My Drive/Speech Emotion Recognition/data/CREMA/1052_ITS_HAP_XX.wav,happy
3417,drive/My Drive/Speech Emotion Recognition/data/CREMA/1060_IWW_HAP_XX.wav,happy
3418,drive/My Drive/Speech Emotion Recognition/data/RAVDESS/03-01-01-01-02-02-01.wav,neutral
3419,drive/My Drive/Speech Emotion Recognition/data/CREMA/1062_MTI_SAD_XX.wav,sad
3420,drive/My Drive/Speech Emotion Recognition/data/CREMA/1038_TIE_HAP_XX.wav,happy
3421,drive/My Drive/Speech Emotion Recognition/data/CREMA/1032_DFA_HAP_XX.wav,happy
3422,drive/My Drive/Speech Emotion Recognition/data/CREMA/1066_IEO_HAP_MD.wav,happy
3423,drive/My Drive/Speech Emotion Recognition/data/CREMA/1018_TIE_NEU_XX.wav,neutral
3424,drive/My Drive/Speech Emotion Recognition/data/CREMA/1002_ITH_NEU_XX.wav,neutral
3425,drive/My Drive/Speech Emotion Recognition/data/CREMA/1052_WSI_NEU_XX.wav,neutral
3426,drive/My Drive/Speech Emotion Recognition/data/CREMA/1062_MTI_NEU_XX.wav,neutral
3427,drive/My Drive/Speech Emotion Recognition/data/CREMA/1037_WSI_SAD_XX.wav,sad
3428,drive/My Drive/Speech Emotion Recognition/data/CREMA/1040_IOM_HAP_XX.wav,happy
3429,drive/My Drive/Speech Emotion Recognition/data/RAVDESS/03-01-03-01-01-01-10.wav,happy
3430,drive/My Drive/Speech Emotion Recognition/data/RAVDESS/03-01-05-01-01-02-17.wav,angry
3431,drive/My Drive/Speech Emotion Recognition/data/CREMA/1024_IOM_HAP_XX.wav,happy
3432,drive/My Drive/Speech Emotion Recognition/data/CREMA/1060_TIE_HAP_XX.wav,happy
3433,drive/My Drive/Speech Emotion Recognition/data/CREMA/1013_IOM_HAP_XX.wav,happy
3434,drive/My Drive/Speech Emotion Recognition/data/CREMA/1048_TIE_NEU_XX.wav,neutral
3435,drive/My Drive/Speech Emotion Recognition/data/CREMA/1004_TIE_HAP_XX.wav,happy
3436,drive/My Drive/Speech Emotion Recognition/data/CREMA/1009_ITH_SAD_XX.wav,sad
3437,drive/My Drive/Speech Emotion Recognition/data/CREMA/1017_WSI_ANG_XX.wav,angry
3438,drive/My Drive/Speech Emotion Recognition/data/RAVDESS/03-01-02-02-01-01-09.wav,neutral
3439,drive/My Drive/Speech Emotion Recognition/data/CREMA/1045_IEO_SAD_MD.wav,sad
3440,drive/My Drive/Speech Emotion Recognition/data/CREMA/1058_ITH_HAP_XX.wav,happy
3441,drive/My Drive/Speech Emotion Recognition/data/CREMA/1056_IWW_SAD_XX.wav,sad
3442,drive/My Drive/Speech Emotion Recognition/data/RAVDESS/03-01-05-02-02-02-14.wav,angry
3443,drive/My Drive/Speech Emotion Recognition/data/CREMA/1027_DFA_NEU_XX.wav,neutral
3444,drive/My Drive/Speech Emotion Recognition/data/CREMA/1031_IWW_ANG_XX.wav,angry
3445,drive/My Drive/Speech Emotion Recognition/data/CREMA/1046_IEO_ANG_LO.wav,angry
3446,drive/My Drive/Speech Emotion Recognition/data/RAVDESS/03-01-05-02-01-01-08.wav,angry
3447,drive/My Drive/Speech Emotion Recognition/data/CREMA/1026_IOM_SAD_XX.wav,sad
3448,drive/My Drive/Speech Emotion Recognition/data/RAVDESS/03-01-02-01-02-01-06.wav,neutral
3449,drive/My Drive/Speech Emotion Recognition/data/CREMA/1022_MTI_SAD_XX.wav,sad
3450,drive/My Drive/Speech Emotion Recognition/data/RAVDESS/03-01-05-01-02-02-17.wav,angry
3451,drive/My Drive/Speech Emotion Recognition/data/RAVDESS/03-01-02-02-02-01-19.wav,neutral
3452,drive/My Drive/Speech Emotion Recognition/data/RAVDESS/03-01-04-01-02-02-10.wav,sad
3453,drive/My Drive/Speech Emotion Recognition/data/CREMA/1042_IEO_ANG_MD.wav,angry
3454,drive/My Drive/Speech Emotion Recognition/data/CREMA/1007_IEO_ANG_LO.wav,angry
3455,drive/My Drive/Speech Emotion Recognition/data/CREMA/1017_TIE_NEU_XX.wav,neutral
3456,drive/My Drive/Speech Emotion Recognition/data/CREMA/1013_ITS_SAD_XX.wav,sad
3457,drive/My Drive/Speech Emotion Recognition/data/CREMA/1051_DFA_NEU_XX.wav,neutral
3458,drive/My Drive/Speech Emotion Recognition/data/RAVDESS/03-01-04-01-01-01-23.wav,sad
3459,drive/My Drive/Speech Emotion Recognition/data/CREMA/1045_IOM_HAP_XX.wav,happy
3460,drive/My Drive/Speech Emotion Recognition/data/CREMA/1060_TSI_HAP_XX.wav,happy
3461,drive/My Drive/Speech Emotion Recognition/data/RAVDESS/03-01-05-01-01-02-08.wav,angry
3462,drive/My Drive/Speech Emotion Recognition/data/CREMA/1063_IEO_NEU_XX.wav,neutral
3463,drive/My Drive/Speech Emotion Recognition/data/CREMA/1066_WSI_SAD_XX.wav,sad
3464,drive/My Drive/Speech Emotion Recognition/data/CREMA/1015_ITS_ANG_XX.wav,angry
3465,drive/My Drive/Speech Emotion Recognition/data/RAVDESS/03-01-03-01-01-02-02.wav,happy
3466,drive/My Drive/Speech Emotion Recognition/data/RAVDESS/03-01-05-02-02-01-21.wav,angry
3467,drive/My Drive/Speech Emotion Recognition/data/CREMA/1028_TAI_NEU_XX.wav,neutral
3468,drive/My Drive/Speech Emotion Recognition/data/RAVDESS/03-01-01-01-01-01-02.wav,neutral
3469,drive/My Drive/Speech Emotion Recognition/data/CREMA/1004_DFA_HAP_XX.wav,happy
3470,drive/My Drive/Speech Emotion Recognition/data/RAVDESS/03-01-05-02-01-02-19.wav,angry
3471,drive/My Drive/Speech Emotion Recognition/data/CREMA/1052_IEO_SAD_LO.wav,sad
3472,drive/My Drive/Speech Emotion Recognition/data/CREMA/1011_ITH_NEU_XX.wav,neutral
3473,drive/My Drive/Speech Emotion Recognition/data/RAVDESS/03-01-03-02-01-02-18.wav,happy
3474,drive/My Drive/Speech Emotion Recognition/data/CREMA/1066_ITH_SAD_XX.wav,sad
3475,drive/My Drive/Speech Emotion Recognition/data/CREMA/1031_DFA_SAD_XX.wav,sad
3476,drive/My Drive/Speech Emotion Recognition/data/CREMA/1051_IOM_HAP_XX.wav,happy
3477,drive/My Drive/Speech Emotion Recognition/data/CREMA/1061_WSI_ANG_XX.wav,angry
3478,drive/My Drive/Speech Emotion Recognition/data/RAVDESS/03-01-03-01-01-02-04.wav,happy
3479,drive/My Drive/Speech Emotion Recognition/data/CREMA/1048_IEO_ANG_MD.wav,angry
3480,drive/My Drive/Speech Emotion Recognition/data/CREMA/1047_TIE_HAP_XX.wav,happy
3481,drive/My Drive/Speech Emotion Recognition/data/RAVDESS/03-01-01-01-02-02-16.wav,neutral
3482,drive/My Drive/Speech Emotion Recognition/data/CREMA/1007_IOM_HAP_XX.wav,happy
3483,drive/My Drive/Speech Emotion Recognition/data/CREMA/1006_IEO_ANG_MD.wav,angry
3484,drive/My Drive/Speech Emotion Recognition/data/CREMA/1043_IEO_ANG_MD.wav,angry
3485,drive/My Drive/Speech Emotion Recognition/data/CREMA/1029_IEO_ANG_MD.wav,angry
3486,drive/My Drive/Speech Emotion Recognition/data/CREMA/1018_WSI_SAD_XX.wav,sad
3487,drive/My Drive/Speech Emotion Recognition/data/CREMA/1007_IWW_HAP_XX.wav,happy
3488,drive/My Drive/Speech Emotion Recognition/data/CREMA/1048_IWL_ANG_XX.wav,angry
3489,drive/My Drive/Speech Emotion Recognition/data/CREMA/1064_IWL_ANG_XX.wav,angry
3490,drive/My Drive/Speech Emotion Recognition/data/RAVDESS/03-01-01-01-02-02-18.wav,neutral
3491,drive/My Drive/Speech Emotion Recognition/data/RAVDESS/03-01-01-01-02-01-22.wav,neutral
3492,drive/My Drive/Speech Emotion Recognition/data/CREMA/1055_TAI_ANG_XX.wav,angry
3493,drive/My Drive/Speech Emotion Recognition/data/CREMA/1031_TSI_HAP_XX.wav,happy
3494,drive/My Drive/Speech Emotion Recognition/data/CREMA/1004_MTI_HAP_XX.wav,happy
3495,drive/My Drive/Speech Emotion Recognition/data/CREMA/1020_IWW_NEU_XX.wav,neutral
3496,drive/My Drive/Speech Emotion Recognition/data/CREMA/1054_IOM_HAP_XX.wav,happy
3497,drive/My Drive/Speech Emotion Recognition/data/CREMA/1014_TAI_NEU_XX.wav,neutral
3498,drive/My Drive/Speech Emotion Recognition/data/CREMA/1062_IEO_NEU_XX.wav,neutral
3499,drive/My Drive/Speech Emotion Recognition/data/CREMA/1005_TSI_HAP_XX.wav,happy
3500,drive/My Drive/Speech Emotion Recognition/data/CREMA/1045_IEO_HAP_LO.wav,happy
3501,drive/My Drive/Speech Emotion Recognition/data/CREMA/1024_DFA_ANG_XX.wav,angry
3502,drive/My Drive/Speech Emotion Recognition/data/CREMA/1055_IEO_SAD_LO.wav,sad
3503,drive/My Drive/Speech Emotion Recognition/data/CREMA/1046_WSI_NEU_XX.wav,neutral
3504,drive/My Drive/Speech Emotion Recognition/data/CREMA/1035_IWL_ANG_XX.wav,angry
3505,drive/My Drive/Speech Emotion Recognition/data/CREMA/1001_IWL_NEU_XX.wav,neutral
3506,drive/My Drive/Speech Emotion Recognition/data/CREMA/1046_IWW_ANG_XX.wav,angry
3507,drive/My Drive/Speech Emotion Recognition/data/CREMA/1015_MTI_HAP_XX.wav,happy
3508,drive/My Drive/Speech Emotion Recognition/data/CREMA/1001_ITH_SAD_XX.wav,sad
3509,drive/My Drive/Speech Emotion Recognition/data/CREMA/1053_TIE_SAD_XX.wav,sad
3510,drive/My Drive/Speech Emotion Recognition/data/CREMA/1047_TAI_HAP_XX.wav,happy
3511,drive/My Drive/Speech Emotion Recognition/data/CREMA/1055_IOM_SAD_XX.wav,sad
3512,drive/My Drive/Speech Emotion Recognition/data/CREMA/1005_ITH_HAP_XX.wav,happy
3513,drive/My Drive/Speech Emotion Recognition/data/CREMA/1062_ITH_SAD_XX.wav,sad
3514,drive/My Drive/Speech Emotion Recognition/data/CREMA/1006_IEO_HAP_MD.wav,happy
3515,drive/My Drive/Speech Emotion Recognition/data/RAVDESS/03-01-02-01-02-01-22.wav,neutral
3516,drive/My Drive/Speech Emotion Recognition/data/CREMA/1004_TAI_ANG_XX.wav,angry
3517,drive/My Drive/Speech Emotion Recognition/data/RAVDESS/03-01-03-01-02-02-03.wav,happy
3518,drive/My Drive/Speech Emotion Recognition/data/CREMA/1022_IEO_ANG_LO.wav,angry
3519,drive/My Drive/Speech Emotion Recognition/data/CREMA/1006_WSI_ANG_XX.wav,angry
3520,drive/My Drive/Speech Emotion Recognition/data/CREMA/1041_IWL_SAD_XX.wav,sad
3521,drive/My Drive/Speech Emotion Recognition/data/CREMA/1033_WSI_NEU_XX.wav,neutral
3522,drive/My Drive/Speech Emotion Recognition/data/CREMA/1009_IOM_ANG_XX.wav,angry
3523,drive/My Drive/Speech Emotion Recognition/data/CREMA/1059_TSI_SAD_XX.wav,sad
3524,drive/My Drive/Speech Emotion Recognition/data/CREMA/1031_DFA_ANG_XX.wav,angry
3525,drive/My Drive/Speech Emotion Recognition/data/CREMA/1059_TIE_NEU_XX.wav,neutral
3526,drive/My Drive/Speech Emotion Recognition/data/CREMA/1016_IWW_ANG_XX.wav,angry
3527,drive/My Drive/Speech Emotion Recognition/data/CREMA/1010_MTI_ANG_XX.wav,angry
3528,drive/My Drive/Speech Emotion Recognition/data/CREMA/1065_DFA_ANG_XX.wav,angry
3529,drive/My Drive/Speech Emotion Recognition/data/CREMA/1029_ITS_HAP_XX.wav,happy
3530,drive/My Drive/Speech Emotion Recognition/data/CREMA/1015_MTI_NEU_XX.wav,neutral
3531,drive/My Drive/Speech Emotion Recognition/data/CREMA/1049_MTI_HAP_XX.wav,happy
3532,drive/My Drive/Speech Emotion Recognition/data/CREMA/1055_IOM_NEU_XX.wav,neutral
3533,drive/My Drive/Speech Emotion Recognition/data/CREMA/1017_IOM_SAD_XX.wav,sad
3534,drive/My Drive/Speech Emotion Recognition/data/CREMA/1049_IEO_NEU_XX.wav,neutral
3535,drive/My Drive/Speech Emotion Recognition/data/CREMA/1007_IEO_SAD_LO.wav,sad
3536,drive/My Drive/Speech Emotion Recognition/data/CREMA/1038_TIE_SAD_XX.wav,sad
3537,drive/My Drive/Speech Emotion Recognition/data/RAVDESS/03-01-05-01-01-01-02.wav,angry
3538,drive/My Drive/Speech Emotion Recognition/data/RAVDESS/03-01-05-01-02-02-09.wav,angry
3539,drive/My Drive/Speech Emotion Recognition/data/CREMA/1020_MTI_NEU_XX.wav,neutral
3540,drive/My Drive/Speech Emotion Recognition/data/CREMA/1015_MTI_ANG_XX.wav,angry
3541,drive/My Drive/Speech Emotion Recognition/data/CREMA/1054_IEO_SAD_HI.wav,sad
3542,drive/My Drive/Speech Emotion Recognition/data/CREMA/1036_WSI_SAD_XX.wav,sad
3543,drive/My Drive/Speech Emotion Recognition/data/CREMA/1044_TIE_NEU_XX.wav,neutral
3544,drive/My Drive/Speech Emotion Recognition/data/RAVDESS/03-01-01-01-02-01-20.wav,neutral
3545,drive/My Drive/Speech Emotion Recognition/data/CREMA/1058_IWW_SAD_XX.wav,sad
3546,drive/My Drive/Speech Emotion Recognition/data/CREMA/1025_TIE_HAP_XX.wav,happy
3547,drive/My Drive/Speech Emotion Recognition/data/CREMA/1012_WSI_HAP_XX.wav,happy
3548,drive/My Drive/Speech Emotion Recognition/data/CREMA/1053_IWL_NEU_XX.wav,neutral
3549,drive/My Drive/Speech Emotion Recognition/data/CREMA/1037_MTI_ANG_XX.wav,angry
3550,drive/My Drive/Speech Emotion Recognition/data/RAVDESS/03-01-04-02-01-02-15.wav,sad
3551,drive/My Drive/Speech Emotion Recognition/data/RAVDESS/03-01-04-01-01-02-04.wav,sad
3552,drive/My Drive/Speech Emotion Recognition/data/CREMA/1027_TIE_HAP_XX.wav,happy
3553,drive/My Drive/Speech Emotion Recognition/data/CREMA/1053_IWW_HAP_XX.wav,happy
3554,drive/My Drive/Speech Emotion Recognition/data/CREMA/1058_IWL_HAP_XX.wav,happy
3555,drive/My Drive/Speech Emotion Recognition/data/CREMA/1044_IEO_NEU_XX.wav,neutral
3556,drive/My Drive/Speech Emotion Recognition/data/CREMA/1048_ITH_HAP_XX.wav,happy
3557,drive/My Drive/Speech Emotion Recognition/data/CREMA/1023_TAI_NEU_XX.wav,neutral
3558,drive/My Drive/Speech Emotion Recognition/data/CREMA/1029_ITS_NEU_XX.wav,neutral
3559,drive/My Drive/Speech Emotion Recognition/data/CREMA/1021_TSI_HAP_XX.wav,happy
3560,drive/My Drive/Speech Emotion Recognition/data/CREMA/1035_IOM_NEU_XX.wav,neutral
3561,drive/My Drive/Speech Emotion Recognition/data/RAVDESS/03-01-05-01-02-01-04.wav,angry
3562,drive/My Drive/Speech Emotion Recognition/data/RAVDESS/03-01-05-01-02-02-19.wav,angry
3563,drive/My Drive/Speech Emotion Recognition/data/CREMA/1040_DFA_SAD_XX.wav,sad
3564,drive/My Drive/Speech Emotion Recognition/data/CREMA/1001_IEO_ANG_HI.wav,angry
3565,drive/My Drive/Speech Emotion Recognition/data/CREMA/1036_TSI_ANG_XX.wav,angry
3566,drive/My Drive/Speech Emotion Recognition/data/CREMA/1020_IWW_SAD_XX.wav,sad
3567,drive/My Drive/Speech Emotion Recognition/data/CREMA/1018_TIE_SAD_XX.wav,sad
3568,drive/My Drive/Speech Emotion Recognition/data/CREMA/1020_WSI_NEU_XX.wav,neutral
3569,drive/My Drive/Speech Emotion Recognition/data/CREMA/1018_IWW_NEU_XX.wav,neutral
3570,drive/My Drive/Speech Emotion Recognition/data/CREMA/1033_IEO_SAD_MD.wav,sad
3571,drive/My Drive/Speech Emotion Recognition/data/CREMA/1026_DFA_ANG_XX.wav,angry
3572,drive/My Drive/Speech Emotion Recognition/data/CREMA/1012_IOM_SAD_XX.wav,sad
3573,drive/My Drive/Speech Emotion Recognition/data/CREMA/1009_TSI_HAP_XX.wav,happy
3574,drive/My Drive/Speech Emotion Recognition/data/RAVDESS/03-01-02-01-01-02-13.wav,neutral
3575,drive/My Drive/Speech Emotion Recognition/data/CREMA/1056_TIE_ANG_XX.wav,angry
3576,drive/My Drive/Speech Emotion Recognition/data/CREMA/1067_DFA_SAD_XX.wav,sad
3577,drive/My Drive/Speech Emotion Recognition/data/RAVDESS/03-01-05-01-01-01-13.wav,angry
3578,drive/My Drive/Speech Emotion Recognition/data/RAVDESS/03-01-04-01-01-02-23.wav,sad
3579,drive/My Drive/Speech Emotion Recognition/data/CREMA/1043_ITH_SAD_XX.wav,sad
3580,drive/My Drive/Speech Emotion Recognition/data/CREMA/1039_DFA_NEU_XX.wav,neutral
3581,drive/My Drive/Speech Emotion Recognition/data/RAVDESS/03-01-05-01-01-01-10.wav,angry
3582,drive/My Drive/Speech Emotion Recognition/data/CREMA/1055_MTI_HAP_XX.wav,happy
3583,drive/My Drive/Speech Emotion Recognition/data/CREMA/1013_IWW_HAP_XX.wav,happy
3584,drive/My Drive/Speech Emotion Recognition/data/RAVDESS/03-01-05-01-01-01-19.wav,angry
3585,drive/My Drive/Speech Emotion Recognition/data/CREMA/1043_IWW_NEU_XX.wav,neutral
3586,drive/My Drive/Speech Emotion Recognition/data/RAVDESS/03-01-04-02-02-02-07.wav,sad
3587,drive/My Drive/Speech Emotion Recognition/data/CREMA/1057_IEO_HAP_MD.wav,happy
3588,drive/My Drive/Speech Emotion Recognition/data/CREMA/1024_MTI_SAD_XX.wav,sad
3589,drive/My Drive/Speech Emotion Recognition/data/CREMA/1014_TIE_SAD_XX.wav,sad
3590,drive/My Drive/Speech Emotion Recognition/data/CREMA/1039_MTI_SAD_XX.wav,sad
3591,drive/My Drive/Speech Emotion Recognition/data/CREMA/1021_ITH_SAD_XX.wav,sad
3592,drive/My Drive/Speech Emotion Recognition/data/CREMA/1004_WSI_ANG_XX.wav,angry
3593,drive/My Drive/Speech Emotion Recognition/data/CREMA/1029_IWW_HAP_XX.wav,happy
3594,drive/My Drive/Speech Emotion Recognition/data/CREMA/1012_IEO_ANG_HI.wav,angry
3595,drive/My Drive/Speech Emotion Recognition/data/CREMA/1011_WSI_HAP_XX.wav,happy
3596,drive/My Drive/Speech Emotion Recognition/data/RAVDESS/03-01-02-02-01-01-03.wav,neutral
3597,drive/My Drive/Speech Emotion Recognition/data/RAVDESS/03-01-01-01-02-01-24.wav,neutral
3598,drive/My Drive/Speech Emotion Recognition/data/CREMA/1012_IWL_ANG_XX (1).wav,angry
3599,drive/My Drive/Speech Emotion Recognition/data/CREMA/1059_ITH_ANG_XX.wav,angry
3600,drive/My Drive/Speech Emotion Recognition/data/RAVDESS/03-01-03-01-01-02-08.wav,happy
3601,drive/My Drive/Speech Emotion Recognition/data/CREMA/1026_IEO_NEU_XX.wav,neutral
3602,drive/My Drive/Speech Emotion Recognition/data/RAVDESS/03-01-05-01-01-02-21.wav,angry
3603,drive/My Drive/Speech Emotion Recognition/data/CREMA/1055_MTI_SAD_XX.wav,sad
3604,drive/My Drive/Speech Emotion Recognition/data/CREMA/1037_MTI_NEU_XX.wav,neutral
3605,drive/My Drive/Speech Emotion Recognition/data/CREMA/1029_MTI_HAP_XX.wav,happy
3606,drive/My Drive/Speech Emotion Recognition/data/CREMA/1002_IEO_ANG_MD.wav,angry
3607,drive/My Drive/Speech Emotion Recognition/data/CREMA/1022_IEO_HAP_HI.wav,happy
3608,drive/My Drive/Speech Emotion Recognition/data/CREMA/1006_DFA_SAD_XX.wav,sad
3609,drive/My Drive/Speech Emotion Recognition/data/CREMA/1008_ITS_HAP_XX.wav,happy
3610,drive/My Drive/Speech Emotion Recognition/data/CREMA/1020_DFA_NEU_XX.wav,neutral
3611,drive/My Drive/Speech Emotion Recognition/data/CREMA/1044_WSI_SAD_XX.wav,sad
3612,drive/My Drive/Speech Emotion Recognition/data/CREMA/1063_WSI_NEU_XX.wav,neutral
3613,drive/My Drive/Speech Emotion Recognition/data/CREMA/1045_TIE_HAP_XX.wav,happy
3614,drive/My Drive/Speech Emotion Recognition/data/CREMA/1010_DFA_HAP_XX.wav,happy
3615,drive/My Drive/Speech Emotion Recognition/data/CREMA/1009_IWW_HAP_XX.wav,happy
3616,drive/My Drive/Speech Emotion Recognition/data/RAVDESS/03-01-01-01-02-01-08.wav,neutral
3617,drive/My Drive/Speech Emotion Recognition/data/CREMA/1060_IWL_ANG_XX.wav,angry
3618,drive/My Drive/Speech Emotion Recognition/data/CREMA/1023_IOM_ANG_XX.wav,angry
3619,drive/My Drive/Speech Emotion Recognition/data/CREMA/1013_ITS_ANG_XX.wav,angry
3620,drive/My Drive/Speech Emotion Recognition/data/CREMA/1002_IEO_HAP_LO.wav,happy
3621,drive/My Drive/Speech Emotion Recognition/data/CREMA/1040_DFA_ANG_XX.wav,angry
3622,drive/My Drive/Speech Emotion Recognition/data/CREMA/1007_DFA_HAP_XX.wav,happy
3623,drive/My Drive/Speech Emotion Recognition/data/CREMA/1045_TSI_SAD_XX.wav,sad
3624,drive/My Drive/Speech Emotion Recognition/data/CREMA/1030_TIE_HAP_XX.wav,happy
3625,drive/My Drive/Speech Emotion Recognition/data/CREMA/1043_IEO_SAD_HI.wav,sad
3626,drive/My Drive/Speech Emotion Recognition/data/CREMA/1042_IEO_HAP_MD.wav,happy
3627,drive/My Drive/Speech Emotion Recognition/data/CREMA/1058_IWW_NEU_XX.wav,neutral
3628,drive/My Drive/Speech Emotion Recognition/data/CREMA/1025_IEO_NEU_XX.wav,neutral
3629,drive/My Drive/Speech Emotion Recognition/data/CREMA/1011_TIE_ANG_XX.wav,angry
3630,drive/My Drive/Speech Emotion Recognition/data/RAVDESS/03-01-05-01-01-02-18.wav,angry
3631,drive/My Drive/Speech Emotion Recognition/data/CREMA/1062_TSI_ANG_XX.wav,angry
3632,drive/My Drive/Speech Emotion Recognition/data/CREMA/1019_IEO_SAD_HI.wav,sad
3633,drive/My Drive/Speech Emotion Recognition/data/CREMA/1011_ITS_HAP_XX.wav,happy
3634,drive/My Drive/Speech Emotion Recognition/data/CREMA/1003_ITH_ANG_XX.wav,angry
3635,drive/My Drive/Speech Emotion Recognition/data/CREMA/1013_TIE_ANG_XX.wav,angry
3636,drive/My Drive/Speech Emotion Recognition/data/RAVDESS/03-01-03-02-02-02-03.wav,happy
3637,drive/My Drive/Speech Emotion Recognition/data/CREMA/1023_IWL_HAP_XX.wav,happy
3638,drive/My Drive/Speech Emotion Recognition/data/RAVDESS/03-01-02-01-02-02-13.wav,neutral
3639,drive/My Drive/Speech Emotion Recognition/data/CREMA/1025_IEO_ANG_HI.wav,angry
3640,drive/My Drive/Speech Emotion Recognition/data/CREMA/1018_IEO_HAP_LO.wav,happy
3641,drive/My Drive/Speech Emotion Recognition/data/CREMA/1002_TIE_ANG_XX.wav,angry
3642,drive/My Drive/Speech Emotion Recognition/data/CREMA/1024_DFA_SAD_XX.wav,sad
3643,drive/My Drive/Speech Emotion Recognition/data/CREMA/1036_MTI_SAD_XX.wav,sad
3644,drive/My Drive/Speech Emotion Recognition/data/CREMA/1032_IEO_SAD_HI.wav,sad
3645,drive/My Drive/Speech Emotion Recognition/data/CREMA/1066_DFA_NEU_XX.wav,neutral
3646,drive/My Drive/Speech Emotion Recognition/data/RAVDESS/03-01-04-01-02-02-05.wav,sad
3647,drive/My Drive/Speech Emotion Recognition/data/CREMA/1012_ITS_SAD_XX (1).wav,sad
3648,drive/My Drive/Speech Emotion Recognition/data/CREMA/1028_ITS_SAD_XX.wav,sad
3649,drive/My Drive/Speech Emotion Recognition/data/CREMA/1003_TIE_NEU_XX.wav,neutral
3650,drive/My Drive/Speech Emotion Recognition/data/CREMA/1048_IWL_SAD_XX.wav,sad
3651,drive/My Drive/Speech Emotion Recognition/data/RAVDESS/03-01-01-01-01-02-14.wav,neutral
3652,drive/My Drive/Speech Emotion Recognition/data/RAVDESS/03-01-02-01-02-02-21.wav,neutral
3653,drive/My Drive/Speech Emotion Recognition/data/RAVDESS/03-01-04-02-01-02-16.wav,sad
3654,drive/My Drive/Speech Emotion Recognition/data/CREMA/1058_IOM_SAD_XX.wav,sad
3655,drive/My Drive/Speech Emotion Recognition/data/CREMA/1053_DFA_NEU_XX.wav,neutral
3656,drive/My Drive/Speech Emotion Recognition/data/CREMA/1066_TIE_SAD_XX.wav,sad
3657,drive/My Drive/Speech Emotion Recognition/data/CREMA/1003_WSI_NEU_XX.wav,neutral
3658,drive/My Drive/Speech Emotion Recognition/data/CREMA/1042_IOM_NEU_XX.wav,neutral
3659,drive/My Drive/Speech Emotion Recognition/data/CREMA/1021_IEO_NEU_XX.wav,neutral
3660,drive/My Drive/Speech Emotion Recognition/data/CREMA/1038_IOM_SAD_XX.wav,sad
3661,drive/My Drive/Speech Emotion Recognition/data/CREMA/1012_IEO_SAD_MD.wav,sad
3662,drive/My Drive/Speech Emotion Recognition/data/CREMA/1066_TSI_SAD_XX.wav,sad
3663,drive/My Drive/Speech Emotion Recognition/data/CREMA/1024_IEO_HAP_LO.wav,happy
3664,drive/My Drive/Speech Emotion Recognition/data/RAVDESS/03-01-05-01-02-01-20.wav,angry
3665,drive/My Drive/Speech Emotion Recognition/data/RAVDESS/03-01-02-01-02-02-03.wav,neutral
3666,drive/My Drive/Speech Emotion Recognition/data/CREMA/1052_IWW_ANG_XX.wav,angry
3667,drive/My Drive/Speech Emotion Recognition/data/CREMA/1023_IEO_NEU_XX.wav,neutral
3668,drive/My Drive/Speech Emotion Recognition/data/CREMA/1020_IWL_HAP_XX.wav,happy
3669,drive/My Drive/Speech Emotion Recognition/data/CREMA/1058_IWW_HAP_XX.wav,happy
3670,drive/My Drive/Speech Emotion Recognition/data/RAVDESS/03-01-04-02-02-01-14.wav,sad
3671,drive/My Drive/Speech Emotion Recognition/data/CREMA/1051_TSI_SAD_XX.wav,sad
3672,drive/My Drive/Speech Emotion Recognition/data/CREMA/1059_IOM_NEU_XX.wav,neutral
3673,drive/My Drive/Speech Emotion Recognition/data/RAVDESS/03-01-05-02-02-02-18.wav,angry
3674,drive/My Drive/Speech Emotion Recognition/data/CREMA/1061_IWL_NEU_XX.wav,neutral
3675,drive/My Drive/Speech Emotion Recognition/data/CREMA/1011_TSI_ANG_XX.wav,angry
3676,drive/My Drive/Speech Emotion Recognition/data/CREMA/1009_IEO_ANG_HI.wav,angry
3677,drive/My Drive/Speech Emotion Recognition/data/CREMA/1028_DFA_ANG_XX.wav,angry
3678,drive/My Drive/Speech Emotion Recognition/data/CREMA/1034_WSI_SAD_XX.wav,sad
3679,drive/My Drive/Speech Emotion Recognition/data/CREMA/1021_IWW_SAD_XX.wav,sad
3680,drive/My Drive/Speech Emotion Recognition/data/CREMA/1055_TIE_NEU_XX.wav,neutral
3681,drive/My Drive/Speech Emotion Recognition/data/CREMA/1055_MTI_NEU_XX.wav,neutral
3682,drive/My Drive/Speech Emotion Recognition/data/CREMA/1065_ITS_ANG_XX.wav,angry
3683,drive/My Drive/Speech Emotion Recognition/data/CREMA/1017_TIE_SAD_XX.wav,sad
3684,drive/My Drive/Speech Emotion Recognition/data/CREMA/1035_IWL_HAP_XX.wav,happy
3685,drive/My Drive/Speech Emotion Recognition/data/CREMA/1006_WSI_NEU_XX.wav,neutral
3686,drive/My Drive/Speech Emotion Recognition/data/CREMA/1065_IWW_HAP_XX.wav,happy
3687,drive/My Drive/Speech Emotion Recognition/data/CREMA/1003_ITH_HAP_XX.wav,happy
3688,drive/My Drive/Speech Emotion Recognition/data/CREMA/1012_TIE_NEU_XX.wav,neutral
3689,drive/My Drive/Speech Emotion Recognition/data/RAVDESS/03-01-02-02-02-01-11.wav,neutral
3690,drive/My Drive/Speech Emotion Recognition/data/RAVDESS/03-01-05-02-02-01-02.wav,angry
3691,drive/My Drive/Speech Emotion Recognition/data/CREMA/1030_DFA_ANG_XX.wav,angry
3692,drive/My Drive/Speech Emotion Recognition/data/CREMA/1063_IOM_ANG_XX.wav,angry
3693,drive/My Drive/Speech Emotion Recognition/data/CREMA/1037_TAI_HAP_XX.wav,happy
3694,drive/My Drive/Speech Emotion Recognition/data/RAVDESS/03-01-02-02-01-02-17.wav,neutral
3695,drive/My Drive/Speech Emotion Recognition/data/CREMA/1029_MTI_SAD_XX.wav,sad
3696,drive/My Drive/Speech Emotion Recognition/data/RAVDESS/03-01-04-02-02-01-23.wav,sad
3697,drive/My Drive/Speech Emotion Recognition/data/CREMA/1052_IWL_SAD_XX.wav,sad
3698,drive/My Drive/Speech Emotion Recognition/data/CREMA/1025_IEO_ANG_MD.wav,angry
3699,drive/My Drive/Speech Emotion Recognition/data/CREMA/1055_IOM_ANG_XX.wav,angry
3700,drive/My Drive/Speech Emotion Recognition/data/CREMA/1010_IEO_SAD_LO.wav,sad
3701,drive/My Drive/Speech Emotion Recognition/data/CREMA/1039_ITS_HAP_XX.wav,happy
3702,drive/My Drive/Speech Emotion Recognition/data/CREMA/1022_TIE_ANG_XX.wav,angry
3703,drive/My Drive/Speech Emotion Recognition/data/CREMA/1027_WSI_SAD_XX.wav,sad
3704,drive/My Drive/Speech Emotion Recognition/data/CREMA/1029_IWL_NEU_XX.wav,neutral
3705,drive/My Drive/Speech Emotion Recognition/data/RAVDESS/03-01-05-01-02-01-03.wav,angry
3706,drive/My Drive/Speech Emotion Recognition/data/CREMA/1048_TIE_ANG_XX.wav,angry
3707,drive/My Drive/Speech Emotion Recognition/data/CREMA/1015_IWW_HAP_XX.wav,happy
3708,drive/My Drive/Speech Emotion Recognition/data/CREMA/1032_WSI_NEU_XX.wav,neutral
3709,drive/My Drive/Speech Emotion Recognition/data/CREMA/1020_MTI_HAP_XX.wav,happy
3710,drive/My Drive/Speech Emotion Recognition/data/CREMA/1054_IEO_SAD_LO.wav,sad
3711,drive/My Drive/Speech Emotion Recognition/data/CREMA/1016_TSI_SAD_XX.wav,sad
3712,drive/My Drive/Speech Emotion Recognition/data/RAVDESS/03-01-04-01-01-02-07.wav,sad
3713,drive/My Drive/Speech Emotion Recognition/data/RAVDESS/03-01-04-01-01-01-19.wav,sad
3714,drive/My Drive/Speech Emotion Recognition/data/CREMA/1003_MTI_HAP_XX.wav,happy
3715,drive/My Drive/Speech Emotion Recognition/data/RAVDESS/03-01-02-01-01-01-03.wav,neutral
3716,drive/My Drive/Speech Emotion Recognition/data/CREMA/1032_IEO_NEU_XX.wav,neutral
3717,drive/My Drive/Speech Emotion Recognition/data/CREMA/1016_IWW_NEU_XX.wav,neutral
3718,drive/My Drive/Speech Emotion Recognition/data/CREMA/1029_TIE_ANG_XX.wav,angry
3719,drive/My Drive/Speech Emotion Recognition/data/RAVDESS/03-01-04-02-02-02-01.wav,sad
3720,drive/My Drive/Speech Emotion Recognition/data/CREMA/1040_TSI_ANG_XX.wav,angry
3721,drive/My Drive/Speech Emotion Recognition/data/CREMA/1006_TAI_NEU_XX.wav,neutral
3722,drive/My Drive/Speech Emotion Recognition/data/CREMA/1004_ITH_ANG_XX.wav,angry
3723,drive/My Drive/Speech Emotion Recognition/data/CREMA/1013_IEO_SAD_HI.wav,sad
3724,drive/My Drive/Speech Emotion Recognition/data/RAVDESS/03-01-02-01-01-02-03.wav,neutral
3725,drive/My Drive/Speech Emotion Recognition/data/CREMA/1038_IOM_NEU_XX.wav,neutral
3726,drive/My Drive/Speech Emotion Recognition/data/RAVDESS/03-01-02-02-02-02-15.wav,neutral
3727,drive/My Drive/Speech Emotion Recognition/data/CREMA/1042_IEO_SAD_MD.wav,sad
3728,drive/My Drive/Speech Emotion Recognition/data/CREMA/1027_WSI_HAP_XX.wav,happy
3729,drive/My Drive/Speech Emotion Recognition/data/CREMA/1041_IEO_SAD_HI.wav,sad
3730,drive/My Drive/Speech Emotion Recognition/data/CREMA/1014_TIE_HAP_XX.wav,happy
3731,drive/My Drive/Speech Emotion Recognition/data/CREMA/1056_IEO_NEU_XX.wav,neutral
3732,drive/My Drive/Speech Emotion Recognition/data/CREMA/1066_TAI_NEU_XX.wav,neutral
3733,drive/My Drive/Speech Emotion Recognition/data/CREMA/1046_TSI_NEU_XX.wav,neutral
3734,drive/My Drive/Speech Emotion Recognition/data/CREMA/1003_TIE_HAP_XX.wav,happy
3735,drive/My Drive/Speech Emotion Recognition/data/RAVDESS/03-01-03-02-02-01-23.wav,happy
3736,drive/My Drive/Speech Emotion Recognition/data/CREMA/1028_DFA_HAP_XX.wav,happy
3737,drive/My Drive/Speech Emotion Recognition/data/RAVDESS/03-01-01-01-01-01-11.wav,neutral
3738,drive/My Drive/Speech Emotion Recognition/data/CREMA/1062_MTI_HAP_XX.wav,happy
3739,drive/My Drive/Speech Emotion Recognition/data/CREMA/1008_ITS_SAD_XX.wav,sad
3740,drive/My Drive/Speech Emotion Recognition/data/CREMA/1060_DFA_NEU_XX.wav,neutral
3741,drive/My Drive/Speech Emotion Recognition/data/RAVDESS/03-01-02-02-01-01-06.wav,neutral
3742,drive/My Drive/Speech Emotion Recognition/data/CREMA/1064_IEO_NEU_XX.wav,neutral
3743,drive/My Drive/Speech Emotion Recognition/data/CREMA/1029_WSI_SAD_XX.wav,sad
3744,drive/My Drive/Speech Emotion Recognition/data/RAVDESS/03-01-04-02-01-02-22.wav,sad
3745,drive/My Drive/Speech Emotion Recognition/data/CREMA/1007_WSI_HAP_XX.wav,happy
3746,drive/My Drive/Speech Emotion Recognition/data/CREMA/1028_IEO_HAP_MD.wav,happy
3747,drive/My Drive/Speech Emotion Recognition/data/CREMA/1057_IEO_ANG_HI.wav,angry
3748,drive/My Drive/Speech Emotion Recognition/data/CREMA/1051_ITS_HAP_XX.wav,happy
3749,drive/My Drive/Speech Emotion Recognition/data/CREMA/1048_IEO_HAP_MD.wav,happy
3750,drive/My Drive/Speech Emotion Recognition/data/CREMA/1020_DFA_HAP_XX.wav,happy
3751,drive/My Drive/Speech Emotion Recognition/data/CREMA/1023_ITS_ANG_XX.wav,angry
3752,drive/My Drive/Speech Emotion Recognition/data/RAVDESS/03-01-03-02-01-01-05.wav,happy
3753,drive/My Drive/Speech Emotion Recognition/data/CREMA/1034_ITH_ANG_XX.wav,angry
3754,drive/My Drive/Speech Emotion Recognition/data/CREMA/1016_IEO_ANG_HI.wav,angry
3755,drive/My Drive/Speech Emotion Recognition/data/CREMA/1023_IWL_NEU_XX.wav,neutral
3756,drive/My Drive/Speech Emotion Recognition/data/CREMA/1053_DFA_SAD_XX.wav,sad
3757,drive/My Drive/Speech Emotion Recognition/data/CREMA/1057_ITS_NEU_XX.wav,neutral
3758,drive/My Drive/Speech Emotion Recognition/data/CREMA/1013_IWW_SAD_XX.wav,sad
3759,drive/My Drive/Speech Emotion Recognition/data/CREMA/1019_TIE_SAD_XX.wav,sad
3760,drive/My Drive/Speech Emotion Recognition/data/CREMA/1021_TAI_HAP_XX.wav,happy
3761,drive/My Drive/Speech Emotion Recognition/data/CREMA/1019_IOM_HAP_XX.wav,happy
3762,drive/My Drive/Speech Emotion Recognition/data/CREMA/1042_IWW_NEU_XX.wav,neutral
3763,drive/My Drive/Speech Emotion Recognition/data/CREMA/1050_IWL_ANG_XX.wav,angry
3764,drive/My Drive/Speech Emotion Recognition/data/CREMA/1005_IWW_SAD_XX.wav,sad
3765,drive/My Drive/Speech Emotion Recognition/data/RAVDESS/03-01-02-02-01-01-07.wav,neutral
3766,drive/My Drive/Speech Emotion Recognition/data/CREMA/1018_TSI_ANG_XX.wav,angry
3767,drive/My Drive/Speech Emotion Recognition/data/CREMA/1056_IEO_HAP_HI.wav,happy
3768,drive/My Drive/Speech Emotion Recognition/data/RAVDESS/03-01-01-01-01-01-20.wav,neutral
3769,drive/My Drive/Speech Emotion Recognition/data/CREMA/1052_IEO_HAP_HI.wav,happy
3770,drive/My Drive/Speech Emotion Recognition/data/CREMA/1039_IEO_SAD_HI.wav,sad
3771,drive/My Drive/Speech Emotion Recognition/data/CREMA/1029_ITS_SAD_XX.wav,sad
3772,drive/My Drive/Speech Emotion Recognition/data/CREMA/1062_WSI_NEU_XX.wav,neutral
3773,drive/My Drive/Speech Emotion Recognition/data/CREMA/1007_IEO_HAP_LO.wav,happy
3774,drive/My Drive/Speech Emotion Recognition/data/CREMA/1006_DFA_HAP_XX.wav,happy
3775,drive/My Drive/Speech Emotion Recognition/data/RAVDESS/03-01-03-01-02-02-08.wav,happy
3776,drive/My Drive/Speech Emotion Recognition/data/CREMA/1040_IEO_SAD_HI.wav,sad
3777,drive/My Drive/Speech Emotion Recognition/data/CREMA/1011_ITH_SAD_XX.wav,sad
3778,drive/My Drive/Speech Emotion Recognition/data/CREMA/1057_WSI_HAP_XX.wav,happy
3779,drive/My Drive/Speech Emotion Recognition/data/CREMA/1001_ITS_ANG_XX.wav,angry
3780,drive/My Drive/Speech Emotion Recognition/data/RAVDESS/03-01-05-02-02-02-01.wav,angry
3781,drive/My Drive/Speech Emotion Recognition/data/CREMA/1019_TIE_NEU_XX.wav,neutral
3782,drive/My Drive/Speech Emotion Recognition/data/CREMA/1036_IEO_SAD_LO.wav,sad
3783,drive/My Drive/Speech Emotion Recognition/data/RAVDESS/03-01-05-02-01-02-09.wav,angry
3784,drive/My Drive/Speech Emotion Recognition/data/CREMA/1011_IEO_SAD_HI.wav,sad
3785,drive/My Drive/Speech Emotion Recognition/data/RAVDESS/03-01-04-01-01-02-16.wav,sad
3786,drive/My Drive/Speech Emotion Recognition/data/CREMA/1007_TAI_HAP_XX.wav,happy
3787,drive/My Drive/Speech Emotion Recognition/data/CREMA/1043_ITH_ANG_XX.wav,angry
3788,drive/My Drive/Speech Emotion Recognition/data/CREMA/1005_WSI_NEU_XX.wav,neutral
3789,drive/My Drive/Speech Emotion Recognition/data/CREMA/1016_MTI_HAP_XX.wav,happy
3790,drive/My Drive/Speech Emotion Recognition/data/CREMA/1065_IWL_ANG_XX.wav,angry
3791,drive/My Drive/Speech Emotion Recognition/data/CREMA/1038_TSI_ANG_XX.wav,angry
3792,drive/My Drive/Speech Emotion Recognition/data/CREMA/1019_TSI_SAD_XX.wav,sad
3793,drive/My Drive/Speech Emotion Recognition/data/CREMA/1035_WSI_HAP_XX.wav,happy
3794,drive/My Drive/Speech Emotion Recognition/data/CREMA/1055_ITH_ANG_XX.wav,angry
3795,drive/My Drive/Speech Emotion Recognition/data/CREMA/1028_TSI_SAD_XX.wav,sad
3796,drive/My Drive/Speech Emotion Recognition/data/CREMA/1004_IWL_HAP_XX.wav,happy
3797,drive/My Drive/Speech Emotion Recognition/data/CREMA/1011_DFA_HAP_XX.wav,happy
3798,drive/My Drive/Speech Emotion Recognition/data/CREMA/1028_IWW_SAD_XX.wav,sad
3799,drive/My Drive/Speech Emotion Recognition/data/RAVDESS/03-01-05-02-02-01-16.wav,angry
3800,drive/My Drive/Speech Emotion Recognition/data/RAVDESS/03-01-02-02-02-02-17.wav,neutral
3801,drive/My Drive/Speech Emotion Recognition/data/CREMA/1037_IEO_SAD_MD.wav,sad
3802,drive/My Drive/Speech Emotion Recognition/data/CREMA/1060_ITS_NEU_XX.wav,neutral
3803,drive/My Drive/Speech Emotion Recognition/data/CREMA/1045_IOM_ANG_XX.wav,angry
3804,drive/My Drive/Speech Emotion Recognition/data/CREMA/1057_TSI_NEU_XX.wav,neutral
3805,drive/My Drive/Speech Emotion Recognition/data/CREMA/1051_ITH_NEU_XX.wav,neutral
3806,drive/My Drive/Speech Emotion Recognition/data/RAVDESS/03-01-02-02-02-01-03.wav,neutral
3807,drive/My Drive/Speech Emotion Recognition/data/CREMA/1001_IWW_ANG_XX.wav,angry
3808,drive/My Drive/Speech Emotion Recognition/data/CREMA/1016_ITH_SAD_XX.wav,sad
3809,drive/My Drive/Speech Emotion Recognition/data/CREMA/1063_IOM_HAP_XX.wav,happy
3810,drive/My Drive/Speech Emotion Recognition/data/CREMA/1056_ITH_HAP_XX.wav,happy
3811,drive/My Drive/Speech Emotion Recognition/data/CREMA/1034_TSI_NEU_XX.wav,neutral
3812,drive/My Drive/Speech Emotion Recognition/data/CREMA/1011_IEO_SAD_MD.wav,sad
3813,drive/My Drive/Speech Emotion Recognition/data/CREMA/1033_ITH_SAD_XX.wav,sad
3814,drive/My Drive/Speech Emotion Recognition/data/CREMA/1047_ITS_ANG_XX.wav,angry
3815,drive/My Drive/Speech Emotion Recognition/data/RAVDESS/03-01-04-02-01-01-01.wav,sad
3816,drive/My Drive/Speech Emotion Recognition/data/RAVDESS/03-01-04-02-02-02-08.wav,sad
3817,drive/My Drive/Speech Emotion Recognition/data/RAVDESS/03-01-03-02-02-02-05.wav,happy
3818,drive/My Drive/Speech Emotion Recognition/data/CREMA/1031_WSI_SAD_XX.wav,sad
3819,drive/My Drive/Speech Emotion Recognition/data/CREMA/1004_TSI_NEU_XX.wav,neutral
3820,drive/My Drive/Speech Emotion Recognition/data/CREMA/1053_IWW_SAD_XX.wav,sad
3821,drive/My Drive/Speech Emotion Recognition/data/CREMA/1039_MTI_ANG_XX.wav,angry
3822,drive/My Drive/Speech Emotion Recognition/data/CREMA/1060_ITH_NEU_XX.wav,neutral
3823,drive/My Drive/Speech Emotion Recognition/data/CREMA/1005_DFA_NEU_XX.wav,neutral
3824,drive/My Drive/Speech Emotion Recognition/data/CREMA/1044_DFA_SAD_XX.wav,sad
3825,drive/My Drive/Speech Emotion Recognition/data/CREMA/1041_ITH_HAP_XX.wav,happy
3826,drive/My Drive/Speech Emotion Recognition/data/CREMA/1039_TSI_HAP_XX.wav,happy
3827,drive/My Drive/Speech Emotion Recognition/data/CREMA/1004_ITH_HAP_XX.wav,happy
3828,drive/My Drive/Speech Emotion Recognition/data/CREMA/1066_IWW_HAP_XX.wav,happy
3829,drive/My Drive/Speech Emotion Recognition/data/CREMA/1009_DFA_NEU_XX.wav,neutral
3830,drive/My Drive/Speech Emotion Recognition/data/CREMA/1044_ITH_SAD_XX.wav,sad
3831,drive/My Drive/Speech Emotion Recognition/data/CREMA/1055_TIE_ANG_XX.wav,angry
3832,drive/My Drive/Speech Emotion Recognition/data/RAVDESS/03-01-03-02-01-01-07.wav,happy
3833,drive/My Drive/Speech Emotion Recognition/data/CREMA/1008_DFA_HAP_XX.wav,happy
3834,drive/My Drive/Speech Emotion Recognition/data/CREMA/1065_IEO_SAD_MD.wav,sad
3835,drive/My Drive/Speech Emotion Recognition/data/RAVDESS/03-01-05-02-01-02-10.wav,angry
3836,drive/My Drive/Speech Emotion Recognition/data/CREMA/1051_IEO_SAD_HI.wav,sad
3837,drive/My Drive/Speech Emotion Recognition/data/CREMA/1019_WSI_SAD_XX.wav,sad
3838,drive/My Drive/Speech Emotion Recognition/data/CREMA/1062_ITH_ANG_XX.wav,angry
3839,drive/My Drive/Speech Emotion Recognition/data/CREMA/1039_TAI_HAP_XX.wav,happy
3840,drive/My Drive/Speech Emotion Recognition/data/CREMA/1028_IWW_NEU_XX.wav,neutral
3841,drive/My Drive/Speech Emotion Recognition/data/RAVDESS/03-01-01-01-02-01-14.wav,neutral
3842,drive/My Drive/Speech Emotion Recognition/data/CREMA/1045_TIE_SAD_XX.wav,sad
3843,drive/My Drive/Speech Emotion Recognition/data/CREMA/1031_IWL_ANG_XX.wav,angry
3844,drive/My Drive/Speech Emotion Recognition/data/CREMA/1012_IWL_SAD_XX.wav,sad
3845,drive/My Drive/Speech Emotion Recognition/data/CREMA/1040_IWW_ANG_XX.wav,angry
3846,drive/My Drive/Speech Emotion Recognition/data/RAVDESS/03-01-05-01-02-02-21.wav,angry
3847,drive/My Drive/Speech Emotion Recognition/data/CREMA/1055_IEO_ANG_MD.wav,angry
3848,drive/My Drive/Speech Emotion Recognition/data/CREMA/1026_WSI_HAP_XX.wav,happy
3849,drive/My Drive/Speech Emotion Recognition/data/CREMA/1043_MTI_NEU_XX.wav,neutral
3850,drive/My Drive/Speech Emotion Recognition/data/CREMA/1040_IEO_HAP_HI.wav,happy
3851,drive/My Drive/Speech Emotion Recognition/data/RAVDESS/03-01-03-02-01-01-03.wav,happy
3852,drive/My Drive/Speech Emotion Recognition/data/CREMA/1053_TSI_SAD_XX.wav,sad
3853,drive/My Drive/Speech Emotion Recognition/data/CREMA/1030_IWL_ANG_XX.wav,angry
3854,drive/My Drive/Speech Emotion Recognition/data/CREMA/1023_DFA_HAP_XX.wav,happy
3855,drive/My Drive/Speech Emotion Recognition/data/CREMA/1012_TIE_SAD_XX.wav,sad
3856,drive/My Drive/Speech Emotion Recognition/data/RAVDESS/03-01-02-01-01-01-20.wav,neutral
3857,drive/My Drive/Speech Emotion Recognition/data/CREMA/1021_IWW_ANG_XX.wav,angry
3858,drive/My Drive/Speech Emotion Recognition/data/CREMA/1002_IOM_HAP_XX.wav,happy
3859,drive/My Drive/Speech Emotion Recognition/data/CREMA/1039_DFA_SAD_XX.wav,sad
3860,drive/My Drive/Speech Emotion Recognition/data/CREMA/1023_MTI_SAD_XX.wav,sad
3861,drive/My Drive/Speech Emotion Recognition/data/CREMA/1019_IOM_NEU_XX.wav,neutral
3862,drive/My Drive/Speech Emotion Recognition/data/CREMA/1024_IEO_ANG_MD.wav,angry
3863,drive/My Drive/Speech Emotion Recognition/data/RAVDESS/03-01-03-02-01-01-15.wav,happy
3864,drive/My Drive/Speech Emotion Recognition/data/CREMA/1047_WSI_ANG_XX.wav,angry
3865,drive/My Drive/Speech Emotion Recognition/data/CREMA/1056_IWL_SAD_XX.wav,sad
3866,drive/My Drive/Speech Emotion Recognition/data/CREMA/1028_ITS_ANG_XX.wav,angry
3867,drive/My Drive/Speech Emotion Recognition/data/CREMA/1018_TSI_NEU_XX.wav,neutral
3868,drive/My Drive/Speech Emotion Recognition/data/CREMA/1048_IOM_NEU_XX.wav,neutral
3869,drive/My Drive/Speech Emotion Recognition/data/CREMA/1063_ITS_SAD_XX.wav,sad
3870,drive/My Drive/Speech Emotion Recognition/data/CREMA/1044_IEO_SAD_HI.wav,sad
3871,drive/My Drive/Speech Emotion Recognition/data/CREMA/1049_ITS_SAD_XX.wav,sad
3872,drive/My Drive/Speech Emotion Recognition/data/CREMA/1022_IWL_SAD_XX.wav,sad
3873,drive/My Drive/Speech Emotion Recognition/data/CREMA/1043_DFA_HAP_XX.wav,happy
3874,drive/My Drive/Speech Emotion Recognition/data/CREMA/1033_DFA_SAD_XX.wav,sad
3875,drive/My Drive/Speech Emotion Recognition/data/RAVDESS/03-01-02-02-01-02-19.wav,neutral
3876,drive/My Drive/Speech Emotion Recognition/data/CREMA/1056_IOM_HAP_XX.wav,happy
3877,drive/My Drive/Speech Emotion Recognition/data/CREMA/1019_IWL_SAD_XX.wav,sad
3878,drive/My Drive/Speech Emotion Recognition/data/CREMA/1028_WSI_HAP_XX.wav,happy
3879,drive/My Drive/Speech Emotion Recognition/data/CREMA/1009_TIE_SAD_XX.wav,sad
3880,drive/My Drive/Speech Emotion Recognition/data/CREMA/1015_IWL_NEU_XX.wav,neutral
3881,drive/My Drive/Speech Emotion Recognition/data/CREMA/1014_IEO_ANG_LO.wav,angry
3882,drive/My Drive/Speech Emotion Recognition/data/CREMA/1017_IWW_SAD_XX.wav,sad
3883,drive/My Drive/Speech Emotion Recognition/data/RAVDESS/03-01-03-01-02-01-22.wav,happy
3884,drive/My Drive/Speech Emotion Recognition/data/CREMA/1022_WSI_ANG_XX.wav,angry
3885,drive/My Drive/Speech Emotion Recognition/data/CREMA/1034_IOM_ANG_XX.wav,angry
3886,drive/My Drive/Speech Emotion Recognition/data/CREMA/1008_IEO_HAP_LO.wav,happy
3887,drive/My Drive/Speech Emotion Recognition/data/CREMA/1055_DFA_NEU_XX.wav,neutral
3888,drive/My Drive/Speech Emotion Recognition/data/CREMA/1008_TAI_ANG_XX.wav,angry
3889,drive/My Drive/Speech Emotion Recognition/data/CREMA/1052_TIE_HAP_XX.wav,happy
3890,drive/My Drive/Speech Emotion Recognition/data/CREMA/1038_TSI_HAP_XX.wav,happy
3891,drive/My Drive/Speech Emotion Recognition/data/RAVDESS/03-01-05-01-02-02-24.wav,angry
3892,drive/My Drive/Speech Emotion Recognition/data/CREMA/1013_MTI_NEU_XX.wav,neutral
3893,drive/My Drive/Speech Emotion Recognition/data/CREMA/1043_IOM_ANG_XX.wav,angry
3894,drive/My Drive/Speech Emotion Recognition/data/CREMA/1029_WSI_HAP_XX.wav,happy
3895,drive/My Drive/Speech Emotion Recognition/data/RAVDESS/03-01-01-01-02-01-13.wav,neutral
3896,drive/My Drive/Speech Emotion Recognition/data/CREMA/1034_ITS_HAP_XX.wav,happy
3897,drive/My Drive/Speech Emotion Recognition/data/RAVDESS/03-01-04-01-01-01-05.wav,sad
3898,drive/My Drive/Speech Emotion Recognition/data/RAVDESS/03-01-03-01-02-02-21.wav,happy
3899,drive/My Drive/Speech Emotion Recognition/data/RAVDESS/03-01-04-01-02-02-19.wav,sad
3900,drive/My Drive/Speech Emotion Recognition/data/CREMA/1008_IOM_HAP_XX.wav,happy
3901,drive/My Drive/Speech Emotion Recognition/data/CREMA/1055_IEO_SAD_MD.wav,sad
3902,drive/My Drive/Speech Emotion Recognition/data/CREMA/1052_DFA_SAD_XX.wav,sad
3903,drive/My Drive/Speech Emotion Recognition/data/CREMA/1041_IEO_NEU_XX.wav,neutral
3904,drive/My Drive/Speech Emotion Recognition/data/CREMA/1058_TAI_HAP_XX.wav,happy
3905,drive/My Drive/Speech Emotion Recognition/data/RAVDESS/03-01-02-01-02-02-19.wav,neutral
3906,drive/My Drive/Speech Emotion Recognition/data/RAVDESS/03-01-01-01-01-02-11.wav,neutral
3907,drive/My Drive/Speech Emotion Recognition/data/CREMA/1027_MTI_ANG_XX.wav,angry
3908,drive/My Drive/Speech Emotion Recognition/data/CREMA/1035_TSI_SAD_XX.wav,sad
3909,drive/My Drive/Speech Emotion Recognition/data/CREMA/1031_TSI_SAD_XX.wav,sad
3910,drive/My Drive/Speech Emotion Recognition/data/CREMA/1034_DFA_NEU_XX.wav,neutral
3911,drive/My Drive/Speech Emotion Recognition/data/CREMA/1038_TSI_NEU_XX.wav,neutral
3912,drive/My Drive/Speech Emotion Recognition/data/CREMA/1058_IOM_ANG_XX.wav,angry
3913,drive/My Drive/Speech Emotion Recognition/data/RAVDESS/03-01-03-02-01-02-17.wav,happy
3914,drive/My Drive/Speech Emotion Recognition/data/RAVDESS/03-01-03-02-01-02-22.wav,happy
3915,drive/My Drive/Speech Emotion Recognition/data/CREMA/1058_DFA_HAP_XX.wav,happy
3916,drive/My Drive/Speech Emotion Recognition/data/RAVDESS/03-01-03-01-01-01-21.wav,happy
3917,drive/My Drive/Speech Emotion Recognition/data/CREMA/1062_ITH_HAP_XX.wav,happy
3918,drive/My Drive/Speech Emotion Recognition/data/RAVDESS/03-01-02-01-01-02-23.wav,neutral
3919,drive/My Drive/Speech Emotion Recognition/data/CREMA/1066_IEO_ANG_LO.wav,angry
3920,drive/My Drive/Speech Emotion Recognition/data/RAVDESS/03-01-03-01-01-01-08.wav,happy
3921,drive/My Drive/Speech Emotion Recognition/data/CREMA/1063_WSI_ANG_XX.wav,angry
3922,drive/My Drive/Speech Emotion Recognition/data/CREMA/1030_IEO_NEU_XX.wav,neutral
3923,drive/My Drive/Speech Emotion Recognition/data/CREMA/1026_MTI_NEU_XX.wav,neutral
3924,drive/My Drive/Speech Emotion Recognition/data/CREMA/1007_IWL_ANG_XX.wav,angry
3925,drive/My Drive/Speech Emotion Recognition/data/CREMA/1043_IEO_HAP_LO.wav,happy
3926,drive/My Drive/Speech Emotion Recognition/data/CREMA/1050_IWL_NEU_XX.wav,neutral
3927,drive/My Drive/Speech Emotion Recognition/data/RAVDESS/03-01-04-01-02-02-09.wav,sad
3928,drive/My Drive/Speech Emotion Recognition/data/CREMA/1023_TSI_SAD_XX.wav,sad
3929,drive/My Drive/Speech Emotion Recognition/data/CREMA/1021_MTI_HAP_XX.wav,happy
3930,drive/My Drive/Speech Emotion Recognition/data/CREMA/1038_IEO_SAD_MD.wav,sad
3931,drive/My Drive/Speech Emotion Recognition/data/CREMA/1028_IWL_ANG_XX.wav,angry
3932,drive/My Drive/Speech Emotion Recognition/data/RAVDESS/03-01-04-02-02-02-09.wav,sad
3933,drive/My Drive/Speech Emotion Recognition/data/CREMA/1058_TIE_NEU_XX.wav,neutral
3934,drive/My Drive/Speech Emotion Recognition/data/CREMA/1056_MTI_ANG_XX.wav,angry
3935,drive/My Drive/Speech Emotion Recognition/data/CREMA/1005_TIE_HAP_XX.wav,happy
3936,drive/My Drive/Speech Emotion Recognition/data/RAVDESS/03-01-03-01-02-01-11.wav,happy
3937,drive/My Drive/Speech Emotion Recognition/data/RAVDESS/03-01-03-02-02-02-06.wav,happy
3938,drive/My Drive/Speech Emotion Recognition/data/CREMA/1061_IWW_HAP_XX.wav,happy
3939,drive/My Drive/Speech Emotion Recognition/data/CREMA/1037_IOM_ANG_XX.wav,angry
3940,drive/My Drive/Speech Emotion Recognition/data/RAVDESS/03-01-02-01-02-02-04.wav,neutral
3941,drive/My Drive/Speech Emotion Recognition/data/CREMA/1060_ITH_ANG_XX.wav,angry
3942,drive/My Drive/Speech Emotion Recognition/data/CREMA/1011_TIE_NEU_XX.wav,neutral
3943,drive/My Drive/Speech Emotion Recognition/data/RAVDESS/03-01-04-01-02-02-04.wav,sad
3944,drive/My Drive/Speech Emotion Recognition/data/CREMA/1004_IOM_ANG_XX.wav,angry
3945,drive/My Drive/Speech Emotion Recognition/data/RAVDESS/03-01-04-02-02-01-04.wav,sad
3946,drive/My Drive/Speech Emotion Recognition/data/CREMA/1053_TSI_ANG_XX.wav,angry
3947,drive/My Drive/Speech Emotion Recognition/data/CREMA/1054_TAI_SAD_XX.wav,sad
3948,drive/My Drive/Speech Emotion Recognition/data/CREMA/1033_IWW_ANG_XX.wav,angry
3949,drive/My Drive/Speech Emotion Recognition/data/RAVDESS/03-01-02-01-01-02-11.wav,neutral
3950,drive/My Drive/Speech Emotion Recognition/data/CREMA/1056_MTI_SAD_XX.wav,sad
3951,drive/My Drive/Speech Emotion Recognition/data/CREMA/1048_MTI_NEU_XX.wav,neutral
3952,drive/My Drive/Speech Emotion Recognition/data/CREMA/1021_IEO_HAP_LO.wav,happy
3953,drive/My Drive/Speech Emotion Recognition/data/CREMA/1028_WSI_SAD_XX.wav,sad
3954,drive/My Drive/Speech Emotion Recognition/data/CREMA/1027_TSI_ANG_XX.wav,angry
3955,drive/My Drive/Speech Emotion Recognition/data/CREMA/1024_IWW_ANG_XX.wav,angry
3956,drive/My Drive/Speech Emotion Recognition/data/RAVDESS/03-01-04-02-02-01-24.wav,sad
3957,drive/My Drive/Speech Emotion Recognition/data/RAVDESS/03-01-02-02-02-02-12.wav,neutral
3958,drive/My Drive/Speech Emotion Recognition/data/CREMA/1021_ITS_ANG_XX.wav,angry
3959,drive/My Drive/Speech Emotion Recognition/data/CREMA/1007_TIE_NEU_XX.wav,neutral
3960,drive/My Drive/Speech Emotion Recognition/data/CREMA/1041_IWW_SAD_XX.wav,sad
3961,drive/My Drive/Speech Emotion Recognition/data/CREMA/1032_MTI_NEU_XX.wav,neutral
3962,drive/My Drive/Speech Emotion Recognition/data/CREMA/1058_IEO_HAP_LO.wav,happy
3963,drive/My Drive/Speech Emotion Recognition/data/CREMA/1028_IOM_SAD_XX.wav,sad
3964,drive/My Drive/Speech Emotion Recognition/data/CREMA/1053_TAI_ANG_XX.wav,angry
3965,drive/My Drive/Speech Emotion Recognition/data/CREMA/1017_ITH_SAD_XX.wav,sad
3966,drive/My Drive/Speech Emotion Recognition/data/CREMA/1016_IWL_ANG_XX.wav,angry
3967,drive/My Drive/Speech Emotion Recognition/data/RAVDESS/03-01-04-02-01-01-24.wav,sad
3968,drive/My Drive/Speech Emotion Recognition/data/CREMA/1009_TSI_NEU_XX.wav,neutral
3969,drive/My Drive/Speech Emotion Recognition/data/CREMA/1006_TIE_ANG_XX.wav,angry
3970,drive/My Drive/Speech Emotion Recognition/data/RAVDESS/03-01-04-02-01-01-18.wav,sad
3971,drive/My Drive/Speech Emotion Recognition/data/CREMA/1050_ITH_NEU_XX.wav,neutral
3972,drive/My Drive/Speech Emotion Recognition/data/RAVDESS/03-01-05-02-01-01-22.wav,angry
3973,drive/My Drive/Speech Emotion Recognition/data/CREMA/1056_IEO_ANG_HI.wav,angry
3974,drive/My Drive/Speech Emotion Recognition/data/CREMA/1030_IOM_ANG_XX.wav,angry
3975,drive/My Drive/Speech Emotion Recognition/data/CREMA/1017_WSI_SAD_XX.wav,sad
3976,drive/My Drive/Speech Emotion Recognition/data/CREMA/1007_TIE_SAD_XX.wav,sad
3977,drive/My Drive/Speech Emotion Recognition/data/CREMA/1043_TIE_NEU_XX.wav,neutral
3978,drive/My Drive/Speech Emotion Recognition/data/CREMA/1011_TAI_ANG_XX.wav,angry
3979,drive/My Drive/Speech Emotion Recognition/data/CREMA/1028_TAI_ANG_XX.wav,angry
3980,drive/My Drive/Speech Emotion Recognition/data/CREMA/1050_IEO_ANG_LO.wav,angry
3981,drive/My Drive/Speech Emotion Recognition/data/CREMA/1065_IWL_HAP_XX.wav,happy
3982,drive/My Drive/Speech Emotion Recognition/data/CREMA/1011_IWL_SAD_XX.wav,sad
3983,drive/My Drive/Speech Emotion Recognition/data/CREMA/1001_ITH_HAP_XX.wav,happy
3984,drive/My Drive/Speech Emotion Recognition/data/CREMA/1014_IOM_HAP_XX.wav,happy
3985,drive/My Drive/Speech Emotion Recognition/data/RAVDESS/03-01-03-01-01-01-04.wav,happy
3986,drive/My Drive/Speech Emotion Recognition/data/CREMA/1030_ITS_ANG_XX.wav,angry
3987,drive/My Drive/Speech Emotion Recognition/data/CREMA/1057_TSI_SAD_XX.wav,sad
3988,drive/My Drive/Speech Emotion Recognition/data/CREMA/1003_IEO_SAD_LO.wav,sad
3989,drive/My Drive/Speech Emotion Recognition/data/CREMA/1034_TAI_ANG_XX.wav,angry
3990,drive/My Drive/Speech Emotion Recognition/data/CREMA/1026_TSI_ANG_XX.wav,angry
3991,drive/My Drive/Speech Emotion Recognition/data/CREMA/1055_DFA_ANG_XX.wav,angry
3992,drive/My Drive/Speech Emotion Recognition/data/CREMA/1015_IWW_NEU_XX.wav,neutral
3993,drive/My Drive/Speech Emotion Recognition/data/RAVDESS/03-01-02-01-01-02-17.wav,neutral
3994,drive/My Drive/Speech Emotion Recognition/data/CREMA/1017_IEO_ANG_LO.wav,angry
3995,drive/My Drive/Speech Emotion Recognition/data/CREMA/1017_MTI_SAD_XX.wav,sad
3996,drive/My Drive/Speech Emotion Recognition/data/CREMA/1065_ITH_HAP_XX.wav,happy
3997,drive/My Drive/Speech Emotion Recognition/data/CREMA/1048_WSI_NEU_XX.wav,neutral
3998,drive/My Drive/Speech Emotion Recognition/data/CREMA/1014_IWL_HAP_XX.wav,happy
3999,drive/My Drive/Speech Emotion Recognition/data/RAVDESS/03-01-03-01-02-02-18.wav,happy
4000,drive/My Drive/Speech Emotion Recognition/data/CREMA/1039_TIE_HAP_XX.wav,happy
4001,drive/My Drive/Speech Emotion Recognition/data/RAVDESS/03-01-03-02-01-02-01.wav,happy
4002,drive/My Drive/Speech Emotion Recognition/data/RAVDESS/03-01-03-01-02-02-01.wav,happy
4003,drive/My Drive/Speech Emotion Recognition/data/CREMA/1007_IWL_HAP_XX.wav,happy
4004,drive/My Drive/Speech Emotion Recognition/data/CREMA/1057_IEO_ANG_LO.wav,angry
4005,drive/My Drive/Speech Emotion Recognition/data/CREMA/1046_TAI_SAD_XX.wav,sad
4006,drive/My Drive/Speech Emotion Recognition/data/CREMA/1034_WSI_ANG_XX.wav,angry
4007,drive/My Drive/Speech Emotion Recognition/data/RAVDESS/03-01-05-02-01-02-23.wav,angry
4008,drive/My Drive/Speech Emotion Recognition/data/CREMA/1011_IWW_NEU_XX.wav,neutral
4009,drive/My Drive/Speech Emotion Recognition/data/CREMA/1026_TIE_HAP_XX.wav,happy
4010,drive/My Drive/Speech Emotion Recognition/data/CREMA/1003_IOM_SAD_XX.wav,sad
4011,drive/My Drive/Speech Emotion Recognition/data/CREMA/1006_IWL_HAP_XX.wav,happy
4012,drive/My Drive/Speech Emotion Recognition/data/CREMA/1005_IEO_HAP_HI.wav,happy
4013,drive/My Drive/Speech Emotion Recognition/data/RAVDESS/03-01-03-02-01-01-13.wav,happy
4014,drive/My Drive/Speech Emotion Recognition/data/CREMA/1046_DFA_NEU_XX.wav,neutral
4015,drive/My Drive/Speech Emotion Recognition/data/CREMA/1026_TSI_SAD_XX.wav,sad
4016,drive/My Drive/Speech Emotion Recognition/data/CREMA/1024_ITS_ANG_XX.wav,angry
4017,drive/My Drive/Speech Emotion Recognition/data/CREMA/1049_TSI_SAD_XX.wav,sad
4018,drive/My Drive/Speech Emotion Recognition/data/RAVDESS/03-01-04-01-01-01-18.wav,sad
4019,drive/My Drive/Speech Emotion Recognition/data/CREMA/1020_TSI_ANG_XX.wav,angry
4020,drive/My Drive/Speech Emotion Recognition/data/CREMA/1049_TIE_ANG_XX.wav,angry
4021,drive/My Drive/Speech Emotion Recognition/data/RAVDESS/03-01-02-02-01-02-05.wav,neutral
4022,drive/My Drive/Speech Emotion Recognition/data/RAVDESS/03-01-03-01-01-01-23.wav,happy
4023,drive/My Drive/Speech Emotion Recognition/data/CREMA/1009_IWL_NEU_XX.wav,neutral
4024,drive/My Drive/Speech Emotion Recognition/data/RAVDESS/03-01-05-02-01-01-21.wav,angry
4025,drive/My Drive/Speech Emotion Recognition/data/RAVDESS/03-01-04-02-02-02-18.wav,sad
4026,drive/My Drive/Speech Emotion Recognition/data/CREMA/1018_TAI_NEU_XX.wav,neutral
4027,drive/My Drive/Speech Emotion Recognition/data/CREMA/1041_ITH_NEU_XX.wav,neutral
4028,drive/My Drive/Speech Emotion Recognition/data/CREMA/1063_ITS_HAP_XX.wav,happy
4029,drive/My Drive/Speech Emotion Recognition/data/CREMA/1036_TSI_NEU_XX.wav,neutral
4030,drive/My Drive/Speech Emotion Recognition/data/CREMA/1057_ITS_ANG_XX.wav,angry
4031,drive/My Drive/Speech Emotion Recognition/data/CREMA/1025_ITH_HAP_XX.wav,happy
4032,drive/My Drive/Speech Emotion Recognition/data/CREMA/1059_DFA_ANG_XX.wav,angry
4033,drive/My Drive/Speech Emotion Recognition/data/RAVDESS/03-01-03-01-02-01-21.wav,happy
4034,drive/My Drive/Speech Emotion Recognition/data/CREMA/1029_IOM_SAD_XX.wav,sad
4035,drive/My Drive/Speech Emotion Recognition/data/CREMA/1006_TAI_HAP_XX.wav,happy
4036,drive/My Drive/Speech Emotion Recognition/data/CREMA/1066_ITH_ANG_XX.wav,angry
4037,drive/My Drive/Speech Emotion Recognition/data/RAVDESS/03-01-05-02-02-01-15.wav,angry
4038,drive/My Drive/Speech Emotion Recognition/data/RAVDESS/03-01-05-01-02-01-06.wav,angry
4039,drive/My Drive/Speech Emotion Recognition/data/RAVDESS/03-01-04-02-02-01-11.wav,sad
4040,drive/My Drive/Speech Emotion Recognition/data/RAVDESS/03-01-03-01-01-02-10.wav,happy
4041,drive/My Drive/Speech Emotion Recognition/data/CREMA/1013_TIE_SAD_XX.wav,sad
4042,drive/My Drive/Speech Emotion Recognition/data/CREMA/1048_ITS_HAP_XX.wav,happy
4043,drive/My Drive/Speech Emotion Recognition/data/RAVDESS/03-01-05-01-01-02-24.wav,angry
4044,drive/My Drive/Speech Emotion Recognition/data/CREMA/1033_WSI_HAP_XX.wav,happy
4045,drive/My Drive/Speech Emotion Recognition/data/CREMA/1014_IEO_ANG_MD.wav,angry
4046,drive/My Drive/Speech Emotion Recognition/data/CREMA/1048_IWL_NEU_XX.wav,neutral
4047,drive/My Drive/Speech Emotion Recognition/data/CREMA/1066_TSI_NEU_XX.wav,neutral
4048,drive/My Drive/Speech Emotion Recognition/data/CREMA/1054_ITH_ANG_XX.wav,angry
4049,drive/My Drive/Speech Emotion Recognition/data/CREMA/1012_MTI_HAP_XX.wav,happy
4050,drive/My Drive/Speech Emotion Recognition/data/CREMA/1026_WSI_NEU_XX.wav,neutral
4051,drive/My Drive/Speech Emotion Recognition/data/CREMA/1018_ITH_SAD_XX.wav,sad
4052,drive/My Drive/Speech Emotion Recognition/data/CREMA/1053_IEO_HAP_HI.wav,happy
4053,drive/My Drive/Speech Emotion Recognition/data/CREMA/1022_TIE_HAP_XX.wav,happy
4054,drive/My Drive/Speech Emotion Recognition/data/CREMA/1062_IEO_ANG_HI.wav,angry
4055,drive/My Drive/Speech Emotion Recognition/data/CREMA/1004_IEO_SAD_LO.wav,sad
4056,drive/My Drive/Speech Emotion Recognition/data/CREMA/1032_IWL_SAD_XX.wav,sad
4057,drive/My Drive/Speech Emotion Recognition/data/CREMA/1039_ITS_SAD_XX.wav,sad
4058,drive/My Drive/Speech Emotion Recognition/data/CREMA/1051_TSI_HAP_XX.wav,happy
4059,drive/My Drive/Speech Emotion Recognition/data/CREMA/1031_TAI_ANG_XX.wav,angry
4060,drive/My Drive/Speech Emotion Recognition/data/CREMA/1023_ITS_SAD_XX.wav,sad
4061,drive/My Drive/Speech Emotion Recognition/data/CREMA/1033_TSI_NEU_XX.wav,neutral
4062,drive/My Drive/Speech Emotion Recognition/data/CREMA/1058_IEO_HAP_MD.wav,happy
4063,drive/My Drive/Speech Emotion Recognition/data/CREMA/1028_IEO_ANG_HI.wav,angry
4064,drive/My Drive/Speech Emotion Recognition/data/CREMA/1063_IEO_SAD_MD.wav,sad
4065,drive/My Drive/Speech Emotion Recognition/data/CREMA/1040_WSI_HAP_XX.wav,happy
4066,drive/My Drive/Speech Emotion Recognition/data/CREMA/1061_DFA_NEU_XX.wav,neutral
4067,drive/My Drive/Speech Emotion Recognition/data/CREMA/1004_TSI_HAP_XX.wav,happy
4068,drive/My Drive/Speech Emotion Recognition/data/CREMA/1023_IOM_SAD_XX.wav,sad
4069,drive/My Drive/Speech Emotion Recognition/data/CREMA/1050_TSI_SAD_XX.wav,sad
4070,drive/My Drive/Speech Emotion Recognition/data/CREMA/1033_IEO_ANG_MD.wav,angry
4071,drive/My Drive/Speech Emotion Recognition/data/RAVDESS/03-01-04-01-01-02-19.wav,sad
4072,drive/My Drive/Speech Emotion Recognition/data/RAVDESS/03-01-03-02-01-02-11.wav,happy
4073,drive/My Drive/Speech Emotion Recognition/data/CREMA/1001_IOM_NEU_XX.wav,neutral
4074,drive/My Drive/Speech Emotion Recognition/data/CREMA/1023_MTI_NEU_XX.wav,neutral
4075,drive/My Drive/Speech Emotion Recognition/data/CREMA/1021_ITH_ANG_XX.wav,angry
4076,drive/My Drive/Speech Emotion Recognition/data/CREMA/1036_ITH_SAD_XX.wav,sad
4077,drive/My Drive/Speech Emotion Recognition/data/CREMA/1014_IEO_NEU_XX.wav,neutral
4078,drive/My Drive/Speech Emotion Recognition/data/CREMA/1033_TAI_SAD_XX.wav,sad
4079,drive/My Drive/Speech Emotion Recognition/data/CREMA/1022_TIE_NEU_XX.wav,neutral
4080,drive/My Drive/Speech Emotion Recognition/data/CREMA/1012_ITH_NEU_XX.wav,neutral
4081,drive/My Drive/Speech Emotion Recognition/data/CREMA/1031_WSI_ANG_XX.wav,angry
4082,drive/My Drive/Speech Emotion Recognition/data/CREMA/1061_ITH_SAD_XX.wav,sad
4083,drive/My Drive/Speech Emotion Recognition/data/CREMA/1043_TSI_SAD_XX.wav,sad
4084,drive/My Drive/Speech Emotion Recognition/data/CREMA/1043_DFA_SAD_XX.wav,sad
4085,drive/My Drive/Speech Emotion Recognition/data/CREMA/1039_TAI_NEU_XX.wav,neutral
4086,drive/My Drive/Speech Emotion Recognition/data/CREMA/1050_IEO_HAP_HI.wav,happy
4087,drive/My Drive/Speech Emotion Recognition/data/CREMA/1025_IEO_ANG_LO.wav,angry
4088,drive/My Drive/Speech Emotion Recognition/data/CREMA/1035_TIE_HAP_XX.wav,happy
4089,drive/My Drive/Speech Emotion Recognition/data/CREMA/1054_TSI_ANG_XX.wav,angry
4090,drive/My Drive/Speech Emotion Recognition/data/CREMA/1043_TSI_NEU_XX.wav,neutral
4091,drive/My Drive/Speech Emotion Recognition/data/CREMA/1026_IEO_ANG_MD.wav,angry
4092,drive/My Drive/Speech Emotion Recognition/data/RAVDESS/03-01-05-02-02-02-09.wav,angry
4093,drive/My Drive/Speech Emotion Recognition/data/CREMA/1035_TAI_SAD_XX.wav,sad
4094,drive/My Drive/Speech Emotion Recognition/data/CREMA/1037_IEO_ANG_HI.wav,angry
4095,drive/My Drive/Speech Emotion Recognition/data/RAVDESS/03-01-05-01-02-02-01.wav,angry
4096,drive/My Drive/Speech Emotion Recognition/data/CREMA/1028_IOM_ANG_XX.wav,angry
4097,drive/My Drive/Speech Emotion Recognition/data/CREMA/1047_IEO_SAD_MD.wav,sad
4098,drive/My Drive/Speech Emotion Recognition/data/RAVDESS/03-01-04-01-02-01-18.wav,sad
4099,drive/My Drive/Speech Emotion Recognition/data/CREMA/1005_ITS_ANG_XX.wav,angry
4100,drive/My Drive/Speech Emotion Recognition/data/CREMA/1055_IWW_HAP_XX.wav,happy
4101,drive/My Drive/Speech Emotion Recognition/data/CREMA/1006_ITH_SAD_XX.wav,sad
4102,drive/My Drive/Speech Emotion Recognition/data/CREMA/1053_TIE_ANG_XX.wav,angry
4103,drive/My Drive/Speech Emotion Recognition/data/CREMA/1063_IEO_HAP_MD.wav,happy
4104,drive/My Drive/Speech Emotion Recognition/data/RAVDESS/03-01-03-01-02-01-07.wav,happy
4105,drive/My Drive/Speech Emotion Recognition/data/CREMA/1027_WSI_NEU_XX.wav,neutral
4106,drive/My Drive/Speech Emotion Recognition/data/CREMA/1055_WSI_ANG_XX.wav,angry
4107,drive/My Drive/Speech Emotion Recognition/data/CREMA/1040_DFA_HAP_XX.wav,happy
4108,drive/My Drive/Speech Emotion Recognition/data/CREMA/1005_MTI_ANG_XX.wav,angry
4109,drive/My Drive/Speech Emotion Recognition/data/CREMA/1037_IEO_HAP_MD.wav,happy
4110,drive/My Drive/Speech Emotion Recognition/data/CREMA/1044_TIE_ANG_XX.wav,angry
4111,drive/My Drive/Speech Emotion Recognition/data/CREMA/1033_ITH_ANG_XX.wav,angry
4112,drive/My Drive/Speech Emotion Recognition/data/CREMA/1062_IWW_SAD_XX.wav,sad
4113,drive/My Drive/Speech Emotion Recognition/data/CREMA/1001_IEO_HAP_HI.wav,happy
4114,drive/My Drive/Speech Emotion Recognition/data/CREMA/1049_TAI_ANG_XX.wav,angry
4115,drive/My Drive/Speech Emotion Recognition/data/RAVDESS/03-01-04-01-02-02-15.wav,sad
4116,drive/My Drive/Speech Emotion Recognition/data/CREMA/1013_ITH_NEU_XX.wav,neutral
4117,drive/My Drive/Speech Emotion Recognition/data/CREMA/1044_IWW_ANG_XX.wav,angry
4118,drive/My Drive/Speech Emotion Recognition/data/CREMA/1003_IWL_SAD_XX.wav,sad
4119,drive/My Drive/Speech Emotion Recognition/data/CREMA/1028_IWW_ANG_XX.wav,angry
4120,drive/My Drive/Speech Emotion Recognition/data/CREMA/1001_IEO_HAP_MD.wav,happy
4121,drive/My Drive/Speech Emotion Recognition/data/RAVDESS/03-01-04-02-02-02-05.wav,sad
4122,drive/My Drive/Speech Emotion Recognition/data/CREMA/1032_TSI_NEU_XX.wav,neutral
4123,drive/My Drive/Speech Emotion Recognition/data/CREMA/1014_ITH_NEU_XX.wav,neutral
4124,drive/My Drive/Speech Emotion Recognition/data/CREMA/1016_IEO_SAD_MD.wav,sad
4125,drive/My Drive/Speech Emotion Recognition/data/CREMA/1030_ITH_NEU_XX.wav,neutral
4126,drive/My Drive/Speech Emotion Recognition/data/CREMA/1043_IWW_ANG_XX.wav,angry
4127,drive/My Drive/Speech Emotion Recognition/data/CREMA/1018_TAI_SAD_XX.wav,sad
4128,drive/My Drive/Speech Emotion Recognition/data/CREMA/1040_IEO_ANG_HI.wav,angry
4129,drive/My Drive/Speech Emotion Recognition/data/RAVDESS/03-01-04-02-01-01-12.wav,sad
4130,drive/My Drive/Speech Emotion Recognition/data/CREMA/1026_MTI_HAP_XX.wav,happy
4131,drive/My Drive/Speech Emotion Recognition/data/RAVDESS/03-01-03-02-01-02-09.wav,happy
4132,drive/My Drive/Speech Emotion Recognition/data/CREMA/1059_IWL_SAD_XX.wav,sad
4133,drive/My Drive/Speech Emotion Recognition/data/CREMA/1029_IWL_HAP_XX.wav,happy
4134,drive/My Drive/Speech Emotion Recognition/data/CREMA/1047_TSI_HAP_XX.wav,happy
4135,drive/My Drive/Speech Emotion Recognition/data/CREMA/1066_IEO_ANG_MD.wav,angry
4136,drive/My Drive/Speech Emotion Recognition/data/CREMA/1010_IOM_HAP_XX.wav,happy
4137,drive/My Drive/Speech Emotion Recognition/data/CREMA/1034_IOM_HAP_XX.wav,happy
4138,drive/My Drive/Speech Emotion Recognition/data/CREMA/1001_MTI_ANG_XX.wav,angry
4139,drive/My Drive/Speech Emotion Recognition/data/CREMA/1060_TAI_SAD_XX.wav,sad
4140,drive/My Drive/Speech Emotion Recognition/data/RAVDESS/03-01-01-01-02-02-08.wav,neutral
4141,drive/My Drive/Speech Emotion Recognition/data/CREMA/1065_IWL_NEU_XX.wav,neutral
4142,drive/My Drive/Speech Emotion Recognition/data/CREMA/1003_TSI_SAD_XX.wav,sad
4143,drive/My Drive/Speech Emotion Recognition/data/RAVDESS/03-01-02-02-01-02-16.wav,neutral
4144,drive/My Drive/Speech Emotion Recognition/data/CREMA/1044_WSI_HAP_XX.wav,happy
4145,drive/My Drive/Speech Emotion Recognition/data/CREMA/1016_IEO_NEU_XX.wav,neutral
4146,drive/My Drive/Speech Emotion Recognition/data/CREMA/1018_MTI_HAP_XX.wav,happy
4147,drive/My Drive/Speech Emotion Recognition/data/RAVDESS/03-01-02-02-01-01-23.wav,neutral
4148,drive/My Drive/Speech Emotion Recognition/data/RAVDESS/03-01-03-01-02-01-06.wav,happy
4149,drive/My Drive/Speech Emotion Recognition/data/CREMA/1039_IOM_NEU_XX.wav,neutral
4150,drive/My Drive/Speech Emotion Recognition/data/CREMA/1047_IEO_SAD_LO.wav,sad
4151,drive/My Drive/Speech Emotion Recognition/data/CREMA/1015_ITS_HAP_XX.wav,happy
4152,drive/My Drive/Speech Emotion Recognition/data/CREMA/1034_ITS_SAD_XX.wav,sad
4153,drive/My Drive/Speech Emotion Recognition/data/CREMA/1011_WSI_NEU_XX.wav,neutral
4154,drive/My Drive/Speech Emotion Recognition/data/CREMA/1022_TIE_SAD_XX.wav,sad
4155,drive/My Drive/Speech Emotion Recognition/data/CREMA/1001_IEO_SAD_HI.wav,sad
4156,drive/My Drive/Speech Emotion Recognition/data/CREMA/1019_IWW_ANG_XX.wav,angry
4157,drive/My Drive/Speech Emotion Recognition/data/CREMA/1062_IEO_ANG_LO.wav,angry
4158,drive/My Drive/Speech Emotion Recognition/data/RAVDESS/03-01-04-01-02-02-22.wav,sad
4159,drive/My Drive/Speech Emotion Recognition/data/CREMA/1005_WSI_SAD_XX.wav,sad
4160,drive/My Drive/Speech Emotion Recognition/data/CREMA/1050_IEO_NEU_XX.wav,neutral
4161,drive/My Drive/Speech Emotion Recognition/data/CREMA/1022_IWW_SAD_XX.wav,sad
4162,drive/My Drive/Speech Emotion Recognition/data/CREMA/1012_ITS_HAP_XX.wav,happy
4163,drive/My Drive/Speech Emotion Recognition/data/CREMA/1043_IWL_NEU_XX.wav,neutral
4164,drive/My Drive/Speech Emotion Recognition/data/CREMA/1006_IOM_HAP_XX.wav,happy
4165,drive/My Drive/Speech Emotion Recognition/data/RAVDESS/03-01-05-01-02-02-13.wav,angry
4166,drive/My Drive/Speech Emotion Recognition/data/CREMA/1013_TAI_NEU_XX.wav,neutral
4167,drive/My Drive/Speech Emotion Recognition/data/CREMA/1013_WSI_NEU_XX.wav,neutral
4168,drive/My Drive/Speech Emotion Recognition/data/CREMA/1027_IEO_HAP_LO.wav,happy
4169,drive/My Drive/Speech Emotion Recognition/data/CREMA/1055_IWL_HAP_XX.wav,happy
4170,drive/My Drive/Speech Emotion Recognition/data/CREMA/1015_IEO_ANG_MD.wav,angry
4171,drive/My Drive/Speech Emotion Recognition/data/RAVDESS/03-01-02-01-01-01-08.wav,neutral
4172,drive/My Drive/Speech Emotion Recognition/data/CREMA/1045_TSI_NEU_XX.wav,neutral
4173,drive/My Drive/Speech Emotion Recognition/data/RAVDESS/03-01-03-01-02-02-11.wav,happy
4174,drive/My Drive/Speech Emotion Recognition/data/CREMA/1047_IOM_ANG_XX.wav,angry
4175,drive/My Drive/Speech Emotion Recognition/data/CREMA/1031_IWW_NEU_XX.wav,neutral
4176,drive/My Drive/Speech Emotion Recognition/data/RAVDESS/03-01-03-01-02-01-16.wav,happy
4177,drive/My Drive/Speech Emotion Recognition/data/CREMA/1025_ITH_SAD_XX.wav,sad
4178,drive/My Drive/Speech Emotion Recognition/data/CREMA/1049_MTI_NEU_XX.wav,neutral
4179,drive/My Drive/Speech Emotion Recognition/data/CREMA/1064_ITH_SAD_XX.wav,sad
4180,drive/My Drive/Speech Emotion Recognition/data/RAVDESS/03-01-05-02-02-01-19.wav,angry
4181,drive/My Drive/Speech Emotion Recognition/data/CREMA/1012_MTI_SAD_XX.wav,sad
4182,drive/My Drive/Speech Emotion Recognition/data/CREMA/1066_IEO_NEU_XX.wav,neutral
4183,drive/My Drive/Speech Emotion Recognition/data/RAVDESS/03-01-05-01-02-02-15.wav,angry
4184,drive/My Drive/Speech Emotion Recognition/data/RAVDESS/03-01-03-01-02-01-23.wav,happy
4185,drive/My Drive/Speech Emotion Recognition/data/CREMA/1002_MTI_HAP_XX.wav,happy
4186,drive/My Drive/Speech Emotion Recognition/data/CREMA/1063_IEO_ANG_LO.wav,angry
4187,drive/My Drive/Speech Emotion Recognition/data/CREMA/1003_TIE_SAD_XX.wav,sad
4188,drive/My Drive/Speech Emotion Recognition/data/CREMA/1058_TSI_ANG_XX.wav,angry
4189,drive/My Drive/Speech Emotion Recognition/data/CREMA/1059_IEO_SAD_LO.wav,sad
4190,drive/My Drive/Speech Emotion Recognition/data/RAVDESS/03-01-02-01-02-02-17.wav,neutral
4191,drive/My Drive/Speech Emotion Recognition/data/CREMA/1036_IEO_HAP_HI.wav,happy
4192,drive/My Drive/Speech Emotion Recognition/data/CREMA/1042_ITS_NEU_XX.wav,neutral
4193,drive/My Drive/Speech Emotion Recognition/data/CREMA/1064_WSI_SAD_XX.wav,sad
4194,drive/My Drive/Speech Emotion Recognition/data/CREMA/1038_WSI_ANG_XX.wav,angry
4195,drive/My Drive/Speech Emotion Recognition/data/RAVDESS/03-01-04-01-01-02-03.wav,sad
4196,drive/My Drive/Speech Emotion Recognition/data/CREMA/1060_MTI_NEU_XX.wav,neutral
4197,drive/My Drive/Speech Emotion Recognition/data/RAVDESS/03-01-05-01-02-01-21.wav,angry
4198,drive/My Drive/Speech Emotion Recognition/data/CREMA/1051_TIE_SAD_XX.wav,sad
4199,drive/My Drive/Speech Emotion Recognition/data/CREMA/1012_IWL_HAP_XX.wav,happy
4200,drive/My Drive/Speech Emotion Recognition/data/CREMA/1004_TSI_SAD_XX.wav,sad
4201,drive/My Drive/Speech Emotion Recognition/data/CREMA/1062_IWL_NEU_XX.wav,neutral
4202,drive/My Drive/Speech Emotion Recognition/data/CREMA/1059_ITH_SAD_XX.wav,sad
4203,drive/My Drive/Speech Emotion Recognition/data/CREMA/1016_IWL_SAD_XX.wav,sad
4204,drive/My Drive/Speech Emotion Recognition/data/CREMA/1040_MTI_NEU_XX.wav,neutral
4205,drive/My Drive/Speech Emotion Recognition/data/CREMA/1024_ITS_NEU_XX.wav,neutral
4206,drive/My Drive/Speech Emotion Recognition/data/CREMA/1050_IEO_SAD_LO.wav,sad
4207,drive/My Drive/Speech Emotion Recognition/data/CREMA/1051_WSI_SAD_XX.wav,sad
4208,drive/My Drive/Speech Emotion Recognition/data/CREMA/1020_TSI_SAD_XX.wav,sad
4209,drive/My Drive/Speech Emotion Recognition/data/RAVDESS/03-01-04-01-01-02-14.wav,sad
4210,drive/My Drive/Speech Emotion Recognition/data/CREMA/1054_WSI_SAD_XX.wav,sad
4211,drive/My Drive/Speech Emotion Recognition/data/CREMA/1059_IEO_NEU_XX.wav,neutral
4212,drive/My Drive/Speech Emotion Recognition/data/CREMA/1010_IEO_ANG_LO.wav,angry
4213,drive/My Drive/Speech Emotion Recognition/data/CREMA/1035_WSI_SAD_XX.wav,sad
4214,drive/My Drive/Speech Emotion Recognition/data/CREMA/1063_ITS_ANG_XX.wav,angry
4215,drive/My Drive/Speech Emotion Recognition/data/CREMA/1001_MTI_NEU_XX.wav,neutral
4216,drive/My Drive/Speech Emotion Recognition/data/CREMA/1044_TAI_HAP_XX.wav,happy
4217,drive/My Drive/Speech Emotion Recognition/data/CREMA/1043_TIE_SAD_XX.wav,sad
4218,drive/My Drive/Speech Emotion Recognition/data/CREMA/1031_MTI_NEU_XX.wav,neutral
4219,drive/My Drive/Speech Emotion Recognition/data/CREMA/1038_IEO_HAP_HI.wav,happy
4220,drive/My Drive/Speech Emotion Recognition/data/CREMA/1061_MTI_SAD_XX.wav,sad
4221,drive/My Drive/Speech Emotion Recognition/data/CREMA/1064_TAI_NEU_XX.wav,neutral
4222,drive/My Drive/Speech Emotion Recognition/data/CREMA/1014_IWW_NEU_XX.wav,neutral
4223,drive/My Drive/Speech Emotion Recognition/data/CREMA/1010_WSI_NEU_XX.wav,neutral
4224,drive/My Drive/Speech Emotion Recognition/data/CREMA/1045_IWW_SAD_XX.wav,sad
4225,drive/My Drive/Speech Emotion Recognition/data/CREMA/1017_IWL_SAD_XX.wav,sad
4226,drive/My Drive/Speech Emotion Recognition/data/RAVDESS/03-01-04-01-02-02-18.wav,sad
4227,drive/My Drive/Speech Emotion Recognition/data/RAVDESS/03-01-03-02-01-01-17.wav,happy
4228,drive/My Drive/Speech Emotion Recognition/data/RAVDESS/03-01-03-02-01-01-24.wav,happy
4229,drive/My Drive/Speech Emotion Recognition/data/RAVDESS/03-01-02-01-02-01-14.wav,neutral
4230,drive/My Drive/Speech Emotion Recognition/data/CREMA/1034_IEO_HAP_MD.wav,happy
4231,drive/My Drive/Speech Emotion Recognition/data/CREMA/1064_IWL_HAP_XX.wav,happy
4232,drive/My Drive/Speech Emotion Recognition/data/CREMA/1034_MTI_HAP_XX.wav,happy
4233,drive/My Drive/Speech Emotion Recognition/data/CREMA/1034_IEO_SAD_MD.wav,sad
4234,drive/My Drive/Speech Emotion Recognition/data/CREMA/1025_DFA_NEU_XX.wav,neutral
4235,drive/My Drive/Speech Emotion Recognition/data/CREMA/1025_TSI_ANG_XX.wav,angry
4236,drive/My Drive/Speech Emotion Recognition/data/CREMA/1033_MTI_HAP_XX.wav,happy
4237,drive/My Drive/Speech Emotion Recognition/data/CREMA/1030_DFA_NEU_XX.wav,neutral
4238,drive/My Drive/Speech Emotion Recognition/data/CREMA/1063_IOM_NEU_XX.wav,neutral
4239,drive/My Drive/Speech Emotion Recognition/data/CREMA/1025_IEO_SAD_LO.wav,sad
4240,drive/My Drive/Speech Emotion Recognition/data/RAVDESS/03-01-05-01-02-01-11.wav,angry
4241,drive/My Drive/Speech Emotion Recognition/data/CREMA/1049_IEO_HAP_HI.wav,happy
4242,drive/My Drive/Speech Emotion Recognition/data/CREMA/1060_IEO_ANG_HI.wav,angry
4243,drive/My Drive/Speech Emotion Recognition/data/CREMA/1026_ITS_NEU_XX.wav,neutral
4244,drive/My Drive/Speech Emotion Recognition/data/CREMA/1013_IWW_ANG_XX.wav,angry
4245,drive/My Drive/Speech Emotion Recognition/data/CREMA/1039_TSI_ANG_XX.wav,angry
4246,drive/My Drive/Speech Emotion Recognition/data/RAVDESS/03-01-05-01-01-01-08.wav,angry
4247,drive/My Drive/Speech Emotion Recognition/data/CREMA/1016_IEO_ANG_MD.wav,angry
4248,drive/My Drive/Speech Emotion Recognition/data/CREMA/1061_TAI_SAD_XX.wav,sad
4249,drive/My Drive/Speech Emotion Recognition/data/CREMA/1036_ITS_HAP_XX.wav,happy
4250,drive/My Drive/Speech Emotion Recognition/data/CREMA/1052_TSI_NEU_XX.wav,neutral
4251,drive/My Drive/Speech Emotion Recognition/data/CREMA/1019_DFA_HAP_XX.wav,happy
4252,drive/My Drive/Speech Emotion Recognition/data/CREMA/1052_IEO_HAP_MD.wav,happy
4253,drive/My Drive/Speech Emotion Recognition/data/CREMA/1044_IOM_ANG_XX.wav,angry
4254,drive/My Drive/Speech Emotion Recognition/data/RAVDESS/03-01-04-01-02-01-20.wav,sad
4255,drive/My Drive/Speech Emotion Recognition/data/CREMA/1047_IWL_HAP_XX.wav,happy
4256,drive/My Drive/Speech Emotion Recognition/data/CREMA/1005_MTI_HAP_XX.wav,happy
4257,drive/My Drive/Speech Emotion Recognition/data/RAVDESS/03-01-05-01-02-02-16.wav,angry
4258,drive/My Drive/Speech Emotion Recognition/data/RAVDESS/03-01-03-01-01-01-18.wav,happy
4259,drive/My Drive/Speech Emotion Recognition/data/CREMA/1018_TSI_HAP_XX.wav,happy
4260,drive/My Drive/Speech Emotion Recognition/data/RAVDESS/03-01-04-02-01-01-07.wav,sad
4261,drive/My Drive/Speech Emotion Recognition/data/CREMA/1027_WSI_ANG_XX.wav,angry
4262,drive/My Drive/Speech Emotion Recognition/data/CREMA/1059_TAI_NEU_XX.wav,neutral
4263,drive/My Drive/Speech Emotion Recognition/data/CREMA/1065_IEO_HAP_LO.wav,happy
4264,drive/My Drive/Speech Emotion Recognition/data/RAVDESS/03-01-02-02-01-02-04.wav,neutral
4265,drive/My Drive/Speech Emotion Recognition/data/CREMA/1001_ITS_HAP_XX.wav,happy
4266,drive/My Drive/Speech Emotion Recognition/data/CREMA/1028_MTI_ANG_XX.wav,angry
4267,drive/My Drive/Speech Emotion Recognition/data/CREMA/1024_ITH_SAD_XX.wav,sad
4268,drive/My Drive/Speech Emotion Recognition/data/CREMA/1047_IEO_NEU_XX.wav,neutral
4269,drive/My Drive/Speech Emotion Recognition/data/CREMA/1032_TIE_ANG_XX.wav,angry
4270,drive/My Drive/Speech Emotion Recognition/data/CREMA/1010_ITS_ANG_XX.wav,angry
4271,drive/My Drive/Speech Emotion Recognition/data/RAVDESS/03-01-04-02-02-01-06.wav,sad
4272,drive/My Drive/Speech Emotion Recognition/data/CREMA/1015_IOM_ANG_XX.wav,angry
4273,drive/My Drive/Speech Emotion Recognition/data/CREMA/1015_WSI_ANG_XX.wav,angry
4274,drive/My Drive/Speech Emotion Recognition/data/CREMA/1050_IEO_ANG_MD.wav,angry
4275,drive/My Drive/Speech Emotion Recognition/data/CREMA/1050_TAI_ANG_XX.wav,angry
4276,drive/My Drive/Speech Emotion Recognition/data/CREMA/1048_ITS_NEU_XX.wav,neutral
4277,drive/My Drive/Speech Emotion Recognition/data/CREMA/1055_TIE_SAD_XX.wav,sad
4278,drive/My Drive/Speech Emotion Recognition/data/CREMA/1031_IWW_SAD_XX.wav,sad
4279,drive/My Drive/Speech Emotion Recognition/data/CREMA/1042_IWW_ANG_XX.wav,angry
4280,drive/My Drive/Speech Emotion Recognition/data/CREMA/1061_IEO_NEU_XX.wav,neutral
4281,drive/My Drive/Speech Emotion Recognition/data/CREMA/1045_TIE_ANG_XX.wav,angry
4282,drive/My Drive/Speech Emotion Recognition/data/CREMA/1037_ITS_NEU_XX.wav,neutral
4283,drive/My Drive/Speech Emotion Recognition/data/CREMA/1007_IEO_SAD_HI.wav,sad
4284,drive/My Drive/Speech Emotion Recognition/data/RAVDESS/03-01-03-02-02-01-01.wav,happy
4285,drive/My Drive/Speech Emotion Recognition/data/CREMA/1014_TAI_SAD_XX.wav,sad
4286,drive/My Drive/Speech Emotion Recognition/data/CREMA/1056_IWL_ANG_XX.wav,angry
4287,drive/My Drive/Speech Emotion Recognition/data/CREMA/1045_IWL_HAP_XX.wav,happy
4288,drive/My Drive/Speech Emotion Recognition/data/CREMA/1024_IWL_SAD_XX.wav,sad
4289,drive/My Drive/Speech Emotion Recognition/data/CREMA/1043_IEO_NEU_XX.wav,neutral
4290,drive/My Drive/Speech Emotion Recognition/data/CREMA/1026_ITH_NEU_XX.wav,neutral
4291,drive/My Drive/Speech Emotion Recognition/data/CREMA/1036_TAI_HAP_XX.wav,happy
4292,drive/My Drive/Speech Emotion Recognition/data/CREMA/1017_TAI_ANG_XX.wav,angry
4293,drive/My Drive/Speech Emotion Recognition/data/CREMA/1005_ITH_SAD_XX.wav,sad
4294,drive/My Drive/Speech Emotion Recognition/data/RAVDESS/03-01-05-01-02-02-14.wav,angry
4295,drive/My Drive/Speech Emotion Recognition/data/CREMA/1064_IEO_HAP_HI.wav,happy
4296,drive/My Drive/Speech Emotion Recognition/data/CREMA/1031_IEO_NEU_XX.wav,neutral
4297,drive/My Drive/Speech Emotion Recognition/data/CREMA/1050_TIE_NEU_XX.wav,neutral
4298,drive/My Drive/Speech Emotion Recognition/data/CREMA/1035_TSI_HAP_XX.wav,happy
4299,drive/My Drive/Speech Emotion Recognition/data/CREMA/1043_IOM_HAP_XX.wav,happy
4300,drive/My Drive/Speech Emotion Recognition/data/CREMA/1064_MTI_NEU_XX.wav,neutral
4301,drive/My Drive/Speech Emotion Recognition/data/CREMA/1014_WSI_ANG_XX.wav,angry
4302,drive/My Drive/Speech Emotion Recognition/data/CREMA/1067_ITS_NEU_XX.wav,neutral
4303,drive/My Drive/Speech Emotion Recognition/data/CREMA/1023_IEO_HAP_MD.wav,happy
4304,drive/My Drive/Speech Emotion Recognition/data/RAVDESS/03-01-05-02-01-01-17.wav,angry
4305,drive/My Drive/Speech Emotion Recognition/data/CREMA/1020_IOM_HAP_XX.wav,happy
4306,drive/My Drive/Speech Emotion Recognition/data/CREMA/1039_WSI_HAP_XX.wav,happy
4307,drive/My Drive/Speech Emotion Recognition/data/CREMA/1006_IEO_ANG_HI.wav,angry
4308,drive/My Drive/Speech Emotion Recognition/data/CREMA/1011_MTI_SAD_XX.wav,sad
4309,drive/My Drive/Speech Emotion Recognition/data/CREMA/1024_ITS_SAD_XX.wav,sad
4310,drive/My Drive/Speech Emotion Recognition/data/RAVDESS/03-01-03-02-02-01-21.wav,happy
4311,drive/My Drive/Speech Emotion Recognition/data/RAVDESS/03-01-02-01-01-02-19.wav,neutral
4312,drive/My Drive/Speech Emotion Recognition/data/RAVDESS/03-01-01-01-01-02-06.wav,neutral
4313,drive/My Drive/Speech Emotion Recognition/data/CREMA/1041_TAI_NEU_XX.wav,neutral
4314,drive/My Drive/Speech Emotion Recognition/data/CREMA/1047_IOM_HAP_XX.wav,happy
4315,drive/My Drive/Speech Emotion Recognition/data/CREMA/1013_MTI_HAP_XX.wav,happy
4316,drive/My Drive/Speech Emotion Recognition/data/CREMA/1066_MTI_ANG_XX.wav,angry
4317,drive/My Drive/Speech Emotion Recognition/data/RAVDESS/03-01-01-01-02-01-21.wav,neutral
4318,drive/My Drive/Speech Emotion Recognition/data/CREMA/1067_IEO_ANG_MD.wav,angry
4319,drive/My Drive/Speech Emotion Recognition/data/CREMA/1045_DFA_HAP_XX.wav,happy
4320,drive/My Drive/Speech Emotion Recognition/data/CREMA/1036_IOM_NEU_XX.wav,neutral
4321,drive/My Drive/Speech Emotion Recognition/data/CREMA/1023_TAI_HAP_XX.wav,happy
4322,drive/My Drive/Speech Emotion Recognition/data/RAVDESS/03-01-05-01-02-01-19.wav,angry
4323,drive/My Drive/Speech Emotion Recognition/data/CREMA/1006_IEO_ANG_LO.wav,angry
4324,drive/My Drive/Speech Emotion Recognition/data/CREMA/1031_IEO_HAP_LO.wav,happy
4325,drive/My Drive/Speech Emotion Recognition/data/CREMA/1007_IOM_SAD_XX.wav,sad
4326,drive/My Drive/Speech Emotion Recognition/data/CREMA/1035_ITS_SAD_XX.wav,sad
4327,drive/My Drive/Speech Emotion Recognition/data/CREMA/1026_TIE_NEU_XX.wav,neutral
4328,drive/My Drive/Speech Emotion Recognition/data/CREMA/1027_ITH_HAP_XX.wav,happy
4329,drive/My Drive/Speech Emotion Recognition/data/CREMA/1066_DFA_HAP_XX.wav,happy
4330,drive/My Drive/Speech Emotion Recognition/data/CREMA/1007_TSI_ANG_XX.wav,angry
4331,drive/My Drive/Speech Emotion Recognition/data/RAVDESS/03-01-01-01-01-02-10.wav,neutral
4332,drive/My Drive/Speech Emotion Recognition/data/CREMA/1036_IWL_ANG_XX.wav,angry
4333,drive/My Drive/Speech Emotion Recognition/data/CREMA/1042_DFA_HAP_XX.wav,happy
4334,drive/My Drive/Speech Emotion Recognition/data/CREMA/1039_DFA_HAP_XX.wav,happy
4335,drive/My Drive/Speech Emotion Recognition/data/CREMA/1067_MTI_SAD_XX.wav,sad
4336,drive/My Drive/Speech Emotion Recognition/data/CREMA/1005_IEO_ANG_MD.wav,angry
4337,drive/My Drive/Speech Emotion Recognition/data/CREMA/1030_ITS_HAP_XX.wav,happy
4338,drive/My Drive/Speech Emotion Recognition/data/RAVDESS/03-01-04-01-02-01-19.wav,sad
4339,drive/My Drive/Speech Emotion Recognition/data/CREMA/1007_DFA_ANG_XX.wav,angry
